-- phpMyAdmin SQL Dump
-- version 5.0.4
-- https://www.phpmyadmin.net/
--
-- Host: 127.0.0.1
-- Generation Time: Jun 25, 2021 at 08:21 AM
-- Server version: 10.4.17-MariaDB
-- PHP Version: 8.0.0

SET SQL_MODE = "NO_AUTO_VALUE_ON_ZERO";
START TRANSACTION;
SET time_zone = "+00:00";


/*!40101 SET @OLD_CHARACTER_SET_CLIENT=@@CHARACTER_SET_CLIENT */;
/*!40101 SET @OLD_CHARACTER_SET_RESULTS=@@CHARACTER_SET_RESULTS */;
/*!40101 SET @OLD_COLLATION_CONNECTION=@@COLLATION_CONNECTION */;
/*!40101 SET NAMES utf8mb4 */;

--
-- Database: `livro`
--

-- --------------------------------------------------------

--
-- Table structure for table `activity`
--

CREATE TABLE `activity` (
  `id` int(11) NOT NULL,
  `type` int(11) NOT NULL COMMENT '0=reg,1=sub,2=borrow,3-del,4-ret,5-don,6-don_ac,7-review',
  `type_id` int(11) NOT NULL,
  `user_id` int(11) NOT NULL,
  `status` int(11) NOT NULL DEFAULT 0 COMMENT '0-unseen,1-seen'
) ENGINE=InnoDB DEFAULT CHARSET=utf8mb4;

--
-- Dumping data for table `activity`
--

INSERT INTO `activity` (`id`, `type`, `type_id`, `user_id`, `status`) VALUES
(1, 0, 1, 1, 1),
(2, 0, 2, 1, 1),
(3, 1, 1, 1, 1),
(4, 2, 1, 2, 1),
(5, 3, 1, 1, 1),
(6, 4, 1, 2, 1),
(7, 5, 1, 1, 1),
(8, 0, 3, 1, 1),
(9, 3, 2, 1, 1),
(10, 4, 2, 3, 0),
(12, 8, 1, 3, 0),
(13, 6, 1, 2, 1),
(14, 0, 4, 1, 1),
(15, 0, 5, 1, 1),
(16, 0, 6, 1, 1),
(17, 0, 7, 1, 1),
(18, 0, 8, 1, 1),
(19, 0, 9, 1, 1),
(20, 0, 10, 1, 1),
(21, 0, 11, 1, 1),
(22, 0, 12, 1, 1),
(23, 0, 13, 1, 1),
(24, 0, 14, 1, 1),
(25, 0, 15, 1, 1),
(26, 0, 16, 1, 1),
(27, 0, 17, 1, 1),
(28, 0, 18, 1, 1),
(29, 0, 19, 1, 1),
(30, 0, 20, 1, 1),
(31, 0, 21, 1, 1),
(32, 0, 22, 1, 1),
(33, 0, 23, 1, 1),
(34, 0, 24, 1, 1),
(35, 0, 25, 1, 1),
(36, 0, 26, 1, 1),
(37, 0, 27, 1, 1),
(38, 0, 28, 1, 1),
(39, 0, 29, 1, 1),
(40, 0, 30, 1, 1),
(41, 0, 31, 1, 1),
(42, 2, 2, 16, 0),
(43, 2, 6, 16, 0),
(44, 2, 5, 16, 0),
(45, 2, 4, 16, 0),
(46, 2, 3, 16, 0),
(47, 2, 7, 13, 0),
(48, 2, 8, 13, 0),
(49, 2, 9, 13, 0),
(50, 3, 3, 1, 1),
(51, 4, 3, 13, 0),
(53, 8, 2, 13, 0),
(54, 3, 4, 1, 1),
(55, 4, 4, 6, 0),
(56, 2, 10, 2, 0),
(57, 2, 11, 2, 0),
(58, 9, 3, 10, 0),
(59, 5, 1, 1, 1),
(60, 5, 2, 1, 1),
(61, 3, 5, 1, 1),
(62, 4, 5, 12, 0),
(64, 8, 3, 12, 0),
(65, 6, 3, 12, 0),
(66, 6, 2, 10, 0),
(67, 3, 6, 1, 1),
(68, 5, 3, 1, 1),
(69, 4, 6, 6, 0),
(71, 8, 4, 6, 0),
(72, 8, 2, 13, 0),
(73, 8, 3, 12, 0),
(74, 0, 32, 1, 1),
(75, 0, 33, 1, 1),
(76, 0, 34, 1, 1),
(77, 0, 35, 1, 1),
(78, 0, 36, 1, 1),
(79, 0, 37, 1, 1),
(80, 0, 38, 1, 1),
(81, 0, 39, 1, 1),
(82, 0, 40, 1, 1),
(83, 0, 41, 1, 1),
(84, 0, 42, 1, 1),
(85, 0, 43, 1, 1),
(86, 0, 44, 1, 1),
(87, 0, 45, 1, 1),
(88, 0, 46, 1, 1),
(89, 0, 47, 1, 1),
(90, 0, 48, 1, 1),
(91, 0, 49, 1, 1),
(92, 0, 50, 1, 1),
(93, 0, 51, 1, 1),
(94, 0, 52, 1, 1),
(95, 0, 53, 1, 1),
(96, 0, 54, 1, 1),
(97, 0, 55, 1, 1),
(98, 0, 56, 1, 1),
(99, 0, 57, 1, 1),
(100, 0, 58, 1, 1),
(101, 0, 59, 1, 1),
(102, 0, 60, 1, 1),
(103, 0, 61, 1, 1),
(104, 0, 62, 1, 1),
(105, 0, 63, 1, 1),
(106, 0, 64, 1, 1),
(107, 0, 65, 1, 1),
(108, 0, 66, 1, 1),
(109, 0, 67, 1, 1),
(110, 0, 68, 1, 1),
(111, 0, 69, 1, 1),
(112, 0, 70, 1, 1),
(113, 0, 71, 1, 1),
(114, 0, 72, 1, 1),
(115, 0, 73, 1, 1),
(116, 0, 74, 1, 1),
(117, 0, 75, 1, 1),
(118, 0, 76, 1, 1),
(119, 0, 77, 1, 1),
(120, 0, 78, 1, 1),
(121, 0, 79, 1, 1),
(122, 0, 80, 1, 1),
(123, 0, 81, 1, 1),
(124, 0, 82, 1, 1),
(125, 0, 83, 1, 1),
(126, 0, 84, 1, 1),
(127, 0, 85, 1, 1),
(128, 0, 86, 1, 1),
(129, 0, 87, 1, 1),
(130, 0, 88, 1, 1),
(131, 0, 89, 1, 1),
(132, 0, 90, 1, 1),
(133, 0, 91, 1, 1),
(134, 0, 92, 1, 1),
(135, 0, 93, 1, 1),
(136, 0, 94, 1, 1),
(137, 0, 95, 1, 1),
(138, 0, 96, 1, 1),
(139, 0, 97, 1, 1),
(140, 0, 98, 1, 1),
(141, 0, 99, 1, 1),
(142, 0, 100, 1, 1),
(143, 0, 101, 1, 1),
(144, 0, 102, 1, 1),
(145, 0, 103, 1, 1),
(146, 0, 104, 1, 1),
(147, 0, 105, 1, 1),
(148, 0, 106, 1, 1),
(149, 0, 107, 1, 1),
(150, 0, 108, 1, 1),
(151, 0, 109, 1, 1),
(152, 0, 110, 1, 1),
(153, 0, 111, 1, 1),
(154, 0, 112, 1, 1),
(155, 0, 113, 1, 1),
(156, 0, 114, 1, 1),
(157, 0, 115, 1, 1),
(158, 0, 116, 1, 1),
(159, 0, 117, 1, 1),
(160, 0, 118, 1, 1),
(161, 0, 119, 1, 1),
(162, 0, 120, 1, 1),
(163, 0, 121, 1, 1),
(164, 0, 122, 1, 1),
(165, 0, 123, 1, 1),
(166, 0, 124, 1, 1),
(167, 0, 125, 1, 1),
(168, 0, 126, 1, 1),
(169, 0, 127, 1, 1),
(170, 0, 128, 1, 1),
(171, 0, 129, 1, 1),
(172, 0, 130, 1, 1),
(173, 0, 131, 1, 1),
(174, 0, 132, 1, 1),
(175, 0, 133, 1, 1),
(176, 0, 134, 1, 1),
(177, 0, 135, 1, 1),
(178, 0, 136, 1, 1),
(179, 0, 137, 1, 1),
(180, 0, 138, 1, 1),
(181, 0, 139, 1, 1),
(182, 0, 140, 1, 1),
(183, 0, 141, 1, 1),
(184, 0, 142, 1, 1),
(185, 0, 143, 1, 1),
(186, 0, 144, 1, 1),
(187, 0, 145, 1, 1),
(188, 0, 146, 1, 1),
(189, 0, 147, 1, 1),
(190, 0, 148, 1, 1),
(191, 0, 149, 1, 1),
(192, 0, 150, 1, 1),
(193, 0, 151, 1, 1),
(194, 0, 152, 1, 1),
(195, 0, 153, 1, 1),
(196, 0, 154, 1, 1),
(197, 0, 155, 1, 1),
(198, 0, 156, 1, 1),
(199, 0, 157, 1, 1),
(200, 0, 158, 1, 1),
(201, 0, 159, 1, 1),
(202, 0, 160, 1, 1),
(203, 0, 161, 1, 1),
(204, 0, 162, 1, 1),
(205, 0, 163, 1, 1),
(206, 0, 164, 1, 1),
(207, 0, 165, 1, 1),
(208, 0, 166, 1, 1),
(209, 0, 167, 1, 1),
(210, 0, 168, 1, 1),
(211, 0, 169, 1, 1),
(212, 0, 170, 1, 1),
(213, 0, 171, 1, 1),
(214, 0, 172, 1, 1),
(215, 0, 173, 1, 1),
(216, 0, 174, 1, 1),
(217, 0, 175, 1, 1),
(218, 0, 176, 1, 1),
(219, 0, 177, 1, 1),
(220, 0, 178, 1, 1),
(221, 0, 179, 1, 1),
(222, 0, 180, 1, 1),
(223, 0, 181, 1, 1),
(224, 0, 182, 1, 1),
(225, 0, 183, 1, 1),
(226, 0, 184, 1, 1),
(227, 0, 185, 1, 1),
(228, 0, 186, 1, 1),
(229, 0, 187, 1, 1),
(230, 0, 188, 1, 1),
(231, 0, 189, 1, 1),
(232, 0, 190, 1, 1),
(233, 0, 191, 1, 1),
(234, 0, 192, 1, 1),
(235, 0, 193, 1, 1),
(236, 0, 194, 1, 1),
(237, 0, 195, 1, 1),
(238, 0, 196, 1, 1),
(239, 0, 197, 1, 1),
(240, 0, 198, 1, 1),
(241, 0, 199, 1, 1),
(242, 0, 200, 1, 1),
(243, 0, 201, 1, 1),
(244, 0, 202, 1, 1),
(245, 0, 203, 1, 1),
(246, 0, 204, 1, 1),
(247, 0, 205, 1, 1),
(248, 0, 206, 1, 1),
(249, 0, 207, 1, 1),
(250, 0, 208, 1, 1),
(251, 0, 209, 1, 1),
(252, 0, 210, 1, 1),
(253, 0, 211, 1, 1),
(254, 0, 212, 1, 1),
(255, 0, 213, 1, 1),
(256, 0, 214, 1, 1),
(257, 0, 215, 1, 1),
(258, 0, 216, 1, 1),
(259, 0, 217, 1, 1),
(260, 0, 218, 1, 1),
(261, 0, 219, 1, 1),
(262, 0, 220, 1, 1),
(263, 0, 221, 1, 1),
(264, 0, 222, 1, 1),
(265, 0, 223, 1, 1),
(266, 0, 224, 1, 1),
(267, 0, 225, 1, 1),
(268, 0, 226, 1, 1),
(269, 0, 227, 1, 1),
(270, 0, 228, 1, 1),
(271, 0, 229, 1, 1),
(272, 0, 230, 1, 1),
(273, 0, 231, 1, 1),
(274, 3, 6, 1, 1),
(275, 3, 6, 1, 1),
(276, 3, 6, 1, 1),
(277, 3, 6, 1, 1),
(278, 3, 6, 1, 1),
(279, 3, 6, 1, 1),
(280, 3, 6, 1, 1),
(281, 3, 6, 1, 1),
(282, 3, 6, 1, 1),
(283, 3, 6, 1, 1),
(284, 3, 6, 1, 1),
(285, 3, 6, 1, 1),
(286, 3, 6, 1, 1),
(287, 3, 6, 1, 1),
(288, 3, 6, 1, 1),
(289, 3, 6, 1, 1),
(290, 3, 6, 1, 1),
(291, 3, 6, 1, 1),
(292, 3, 6, 1, 1),
(293, 3, 6, 1, 1),
(294, 3, 6, 1, 1),
(295, 3, 6, 1, 1),
(296, 3, 6, 1, 1),
(297, 3, 6, 1, 1),
(298, 3, 6, 1, 1),
(299, 3, 6, 1, 1),
(300, 3, 6, 1, 1),
(301, 3, 6, 1, 1),
(302, 3, 6, 1, 1),
(303, 3, 6, 1, 1),
(304, 3, 6, 1, 1),
(305, 3, 6, 1, 1),
(306, 3, 6, 1, 1),
(307, 3, 6, 1, 1),
(308, 3, 6, 1, 1),
(309, 3, 6, 1, 1),
(310, 3, 6, 1, 1),
(311, 3, 6, 1, 1),
(312, 3, 6, 1, 1),
(313, 3, 6, 1, 1),
(314, 3, 6, 1, 1),
(315, 3, 6, 1, 1),
(316, 3, 6, 1, 1),
(317, 3, 6, 1, 1),
(318, 3, 6, 1, 1),
(319, 3, 6, 1, 1),
(320, 3, 6, 1, 1),
(321, 3, 6, 1, 1),
(322, 3, 6, 1, 1),
(323, 3, 6, 1, 1),
(324, 3, 6, 1, 1),
(325, 3, 6, 1, 1),
(326, 3, 6, 1, 1),
(327, 3, 6, 1, 1),
(328, 3, 7, 1, 1),
(329, 3, 8, 1, 1),
(330, 3, 9, 1, 1),
(331, 3, 10, 1, 1),
(332, 3, 11, 1, 1),
(333, 3, 12, 1, 1),
(334, 3, 13, 1, 1),
(335, 3, 14, 1, 1),
(336, 3, 15, 1, 1),
(337, 3, 16, 1, 1),
(338, 3, 17, 1, 1),
(339, 3, 18, 1, 1),
(340, 3, 19, 1, 1),
(341, 3, 20, 1, 1),
(342, 3, 21, 1, 1),
(343, 3, 22, 1, 1),
(344, 3, 23, 1, 1),
(345, 3, 24, 1, 1),
(346, 3, 25, 1, 1),
(347, 3, 26, 1, 1),
(348, 3, 27, 1, 1),
(349, 3, 28, 1, 1),
(350, 3, 29, 1, 1),
(351, 3, 30, 1, 1),
(352, 3, 31, 1, 1),
(353, 3, 32, 1, 1),
(354, 3, 33, 1, 1),
(355, 3, 34, 1, 1),
(356, 3, 35, 1, 1),
(357, 3, 36, 1, 1),
(358, 3, 37, 1, 1),
(359, 3, 38, 1, 1),
(360, 3, 39, 1, 1),
(361, 3, 40, 1, 1),
(362, 3, 41, 1, 1),
(363, 3, 42, 1, 1),
(364, 3, 43, 1, 1),
(365, 3, 44, 1, 1),
(366, 3, 45, 1, 1),
(367, 3, 46, 1, 1),
(368, 3, 47, 1, 1),
(369, 3, 48, 1, 1),
(370, 3, 49, 1, 1),
(371, 3, 50, 1, 1),
(372, 3, 51, 1, 1),
(373, 3, 52, 1, 1),
(374, 3, 53, 1, 1),
(375, 3, 54, 1, 1),
(376, 3, 55, 1, 1),
(377, 3, 56, 1, 1),
(378, 3, 57, 1, 1),
(379, 3, 58, 1, 1),
(380, 3, 59, 1, 1),
(381, 3, 60, 1, 1),
(382, 5, 4, 1, 1),
(383, 0, 232, 1, 1),
(384, 7, 5, 1, 1),
(385, 7, 5, 1, 1),
(386, 7, 7, 1, 1),
(387, 7, 8, 1, 1),
(388, 7, 9, 1, 1),
(389, 7, 10, 1, 1),
(390, 7, 11, 1, 1),
(391, 7, 12, 1, 1),
(392, 7, 13, 1, 1),
(393, 7, 14, 1, 1),
(394, 7, 15, 1, 1),
(395, 7, 16, 1, 1),
(396, 7, 17, 1, 1),
(397, 7, 18, 1, 1),
(398, 7, 19, 1, 1),
(399, 7, 20, 1, 1),
(400, 7, 21, 1, 1),
(401, 7, 22, 1, 1),
(402, 7, 23, 1, 1),
(403, 7, 24, 1, 1),
(404, 7, 25, 1, 1),
(405, 7, 26, 1, 1),
(406, 7, 27, 1, 1),
(407, 7, 28, 1, 1),
(408, 7, 29, 1, 1),
(409, 7, 30, 1, 1),
(410, 7, 31, 1, 1),
(411, 7, 32, 1, 1),
(412, 7, 33, 1, 1),
(413, 7, 34, 1, 1),
(414, 7, 35, 1, 1),
(415, 7, 36, 1, 1),
(416, 7, 37, 1, 1),
(417, 7, 38, 1, 1),
(418, 7, 39, 1, 1),
(419, 7, 40, 1, 1),
(420, 7, 41, 1, 1),
(421, 7, 42, 1, 1),
(422, 7, 43, 1, 1),
(423, 7, 44, 1, 1),
(424, 7, 45, 1, 1),
(425, 7, 46, 1, 1),
(426, 7, 47, 1, 1),
(427, 7, 48, 1, 1),
(428, 7, 49, 1, 1),
(429, 7, 50, 1, 1),
(430, 7, 51, 1, 1),
(431, 7, 52, 1, 1),
(432, 7, 53, 1, 1),
(433, 7, 54, 1, 1),
(434, 7, 55, 1, 1),
(435, 7, 56, 1, 1),
(436, 7, 57, 1, 1),
(437, 7, 58, 1, 1),
(438, 7, 59, 1, 1),
(439, 7, 60, 1, 1),
(440, 7, 61, 1, 1),
(441, 7, 62, 1, 1),
(442, 7, 63, 1, 1),
(443, 7, 64, 1, 1),
(444, 7, 65, 1, 1),
(445, 7, 66, 1, 1),
(446, 7, 67, 1, 1),
(447, 7, 68, 1, 1),
(448, 7, 69, 1, 1),
(449, 7, 70, 1, 1),
(450, 7, 71, 1, 1),
(451, 7, 72, 1, 1),
(452, 7, 72, 1, 1),
(453, 7, 74, 1, 1),
(454, 7, 75, 1, 1),
(455, 7, 76, 1, 1),
(456, 7, 77, 1, 1),
(457, 7, 78, 1, 1),
(458, 7, 79, 1, 1),
(459, 7, 80, 1, 1),
(460, 7, 81, 1, 1),
(461, 7, 82, 1, 1),
(462, 7, 82, 1, 1),
(463, 7, 84, 1, 1),
(464, 7, 85, 1, 1),
(465, 7, 86, 1, 1),
(466, 7, 87, 1, 1),
(467, 7, 88, 1, 1),
(468, 7, 89, 1, 1),
(469, 7, 90, 1, 1),
(470, 7, 91, 1, 1),
(471, 7, 92, 1, 1),
(472, 7, 93, 1, 1),
(473, 7, 94, 1, 1),
(474, 7, 95, 1, 1),
(475, 7, 96, 1, 1),
(476, 7, 97, 1, 1),
(477, 7, 98, 1, 1),
(478, 7, 99, 1, 1),
(479, 7, 100, 1, 1),
(480, 7, 101, 1, 1),
(481, 7, 102, 1, 1),
(482, 7, 103, 1, 1),
(483, 7, 104, 1, 1),
(484, 7, 105, 1, 1),
(485, 7, 106, 1, 1),
(486, 7, 107, 1, 1),
(487, 7, 108, 1, 1),
(488, 7, 109, 1, 1),
(489, 7, 110, 1, 1),
(490, 7, 111, 1, 1),
(491, 7, 112, 1, 1),
(492, 7, 113, 1, 1),
(493, 7, 114, 1, 1),
(494, 7, 115, 1, 1),
(495, 7, 116, 1, 1),
(496, 7, 117, 1, 1),
(497, 7, 118, 1, 1),
(498, 7, 119, 1, 1),
(499, 7, 120, 1, 1),
(500, 7, 121, 1, 1),
(501, 7, 122, 1, 1),
(502, 7, 123, 1, 1),
(503, 7, 124, 1, 1),
(504, 7, 125, 1, 1),
(505, 7, 126, 1, 1),
(506, 7, 127, 1, 1),
(507, 7, 128, 1, 1),
(508, 7, 129, 1, 1),
(509, 7, 130, 1, 1),
(510, 7, 131, 1, 1),
(511, 7, 132, 1, 1),
(512, 7, 133, 1, 1),
(513, 7, 134, 1, 1),
(514, 7, 135, 1, 1),
(515, 7, 136, 1, 1),
(516, 7, 137, 1, 1),
(517, 7, 138, 1, 1),
(518, 7, 139, 1, 1),
(519, 7, 140, 1, 1),
(520, 7, 141, 1, 1),
(521, 7, 142, 1, 1),
(522, 7, 143, 1, 1),
(523, 7, 144, 1, 1),
(524, 7, 145, 1, 1),
(525, 7, 146, 1, 1),
(526, 7, 147, 1, 1),
(527, 7, 148, 1, 1),
(528, 7, 149, 1, 1),
(529, 7, 150, 1, 1),
(530, 7, 151, 1, 1),
(531, 7, 152, 1, 1),
(532, 7, 153, 1, 1),
(533, 7, 154, 1, 1),
(534, 7, 155, 1, 1),
(535, 7, 156, 1, 1),
(536, 7, 157, 1, 1),
(537, 7, 158, 1, 1),
(538, 7, 158, 1, 1),
(539, 7, 160, 1, 1),
(540, 7, 161, 1, 1),
(541, 7, 162, 1, 1),
(542, 7, 163, 1, 1),
(543, 7, 164, 1, 1),
(544, 7, 165, 1, 1),
(545, 7, 166, 1, 1),
(546, 7, 167, 1, 1),
(547, 7, 168, 1, 1),
(548, 7, 169, 1, 1),
(549, 7, 170, 1, 1),
(550, 7, 171, 1, 1),
(551, 7, 172, 1, 1),
(552, 7, 173, 1, 1),
(553, 7, 174, 1, 1),
(554, 7, 175, 1, 1),
(555, 7, 176, 1, 1),
(556, 7, 177, 1, 1),
(557, 7, 178, 1, 1),
(558, 7, 179, 1, 1),
(559, 7, 180, 1, 1),
(560, 7, 181, 1, 1),
(561, 7, 182, 1, 1),
(562, 7, 183, 1, 1),
(563, 7, 184, 1, 1),
(564, 7, 185, 1, 1),
(565, 7, 186, 1, 1),
(566, 7, 187, 1, 1),
(567, 7, 188, 1, 1),
(568, 7, 189, 1, 1),
(569, 7, 190, 1, 1),
(570, 7, 191, 1, 1),
(571, 7, 192, 1, 1),
(572, 7, 193, 1, 1),
(573, 7, 194, 1, 1),
(574, 7, 195, 1, 1),
(575, 7, 196, 1, 1),
(576, 7, 197, 1, 1),
(577, 7, 198, 1, 1),
(578, 7, 199, 1, 1),
(579, 7, 200, 1, 1),
(580, 7, 201, 1, 1),
(581, 7, 202, 1, 1),
(582, 7, 203, 1, 1),
(583, 7, 204, 1, 1),
(584, 7, 205, 1, 1),
(585, 7, 206, 1, 1),
(586, 7, 207, 1, 1),
(587, 7, 208, 1, 1),
(588, 7, 209, 1, 1),
(589, 7, 210, 1, 1),
(590, 7, 211, 1, 1),
(591, 7, 212, 1, 1),
(592, 7, 212, 1, 1),
(593, 7, 214, 1, 1),
(594, 7, 215, 1, 1),
(595, 7, 216, 1, 1),
(596, 7, 217, 1, 1),
(597, 7, 218, 1, 1),
(598, 7, 219, 1, 1),
(599, 7, 220, 1, 1),
(600, 7, 221, 1, 1),
(601, 7, 222, 1, 1),
(602, 7, 223, 1, 1),
(603, 7, 224, 1, 1),
(604, 7, 225, 1, 1),
(605, 7, 226, 1, 1),
(606, 7, 227, 1, 1),
(607, 7, 228, 1, 1),
(608, 7, 229, 1, 1),
(609, 7, 230, 1, 1),
(610, 7, 231, 1, 1),
(611, 7, 232, 1, 1),
(612, 7, 233, 1, 1),
(613, 7, 234, 1, 1),
(614, 7, 235, 1, 1),
(615, 7, 236, 1, 1),
(616, 7, 237, 1, 1),
(617, 7, 238, 1, 1),
(618, 7, 239, 1, 1),
(619, 7, 240, 1, 1),
(620, 7, 241, 1, 1),
(621, 7, 242, 1, 1),
(622, 7, 243, 1, 1),
(623, 7, 244, 1, 1),
(624, 7, 245, 1, 1),
(625, 7, 246, 1, 1),
(626, 7, 247, 1, 1),
(627, 7, 248, 1, 1),
(628, 7, 249, 1, 1),
(629, 7, 250, 1, 1),
(630, 7, 251, 1, 1),
(631, 7, 252, 1, 1),
(632, 7, 253, 1, 1),
(633, 7, 253, 1, 1),
(634, 7, 255, 1, 1),
(635, 7, 256, 1, 1),
(636, 7, 257, 1, 1),
(637, 7, 258, 1, 1),
(638, 7, 259, 1, 1),
(639, 7, 260, 1, 1),
(640, 7, 261, 1, 1),
(641, 7, 262, 1, 1),
(642, 7, 263, 1, 1),
(643, 7, 264, 1, 1),
(644, 7, 265, 1, 1),
(645, 7, 266, 1, 1),
(646, 7, 267, 1, 1),
(647, 7, 268, 1, 1),
(648, 7, 269, 1, 1),
(649, 7, 270, 1, 1),
(650, 7, 271, 1, 1),
(651, 7, 272, 1, 1),
(652, 7, 273, 1, 1),
(653, 7, 273, 1, 1),
(654, 7, 275, 1, 1),
(655, 7, 276, 1, 1),
(656, 7, 277, 1, 1),
(657, 7, 278, 1, 1),
(658, 7, 279, 1, 1),
(659, 7, 280, 1, 1),
(660, 7, 281, 1, 1),
(661, 7, 282, 1, 1),
(662, 7, 283, 1, 1),
(663, 7, 284, 1, 1),
(664, 7, 285, 1, 1),
(665, 7, 286, 1, 1),
(666, 7, 287, 1, 1),
(667, 7, 288, 1, 1),
(668, 7, 289, 1, 1),
(669, 7, 290, 1, 1),
(670, 7, 291, 1, 1),
(671, 7, 292, 1, 1),
(672, 7, 293, 1, 1),
(673, 7, 294, 1, 1),
(674, 7, 295, 1, 1),
(675, 7, 296, 1, 1),
(676, 7, 297, 1, 1),
(677, 7, 298, 1, 1),
(678, 7, 299, 1, 1),
(679, 7, 300, 1, 1),
(680, 7, 301, 1, 1),
(681, 7, 302, 1, 1),
(682, 7, 303, 1, 1),
(683, 7, 304, 1, 1),
(684, 7, 305, 1, 1),
(685, 7, 306, 1, 1),
(686, 7, 307, 1, 1),
(687, 7, 308, 1, 1),
(688, 7, 309, 1, 1),
(689, 7, 310, 1, 1),
(690, 7, 311, 1, 1),
(691, 7, 312, 1, 1),
(692, 7, 313, 1, 1),
(693, 7, 314, 1, 1),
(694, 7, 315, 1, 1),
(695, 7, 316, 1, 1),
(696, 7, 317, 1, 1),
(697, 7, 318, 1, 1),
(698, 7, 319, 1, 1),
(699, 7, 319, 1, 1),
(700, 7, 321, 1, 1),
(701, 7, 322, 1, 1),
(702, 7, 323, 1, 1),
(703, 7, 324, 1, 1),
(704, 7, 325, 1, 1),
(705, 7, 326, 1, 1),
(706, 7, 327, 1, 1),
(707, 7, 328, 1, 1),
(708, 7, 329, 1, 1),
(709, 7, 330, 1, 1),
(710, 7, 331, 1, 1),
(711, 7, 332, 1, 1),
(712, 7, 333, 1, 1),
(713, 7, 334, 1, 1),
(714, 7, 335, 1, 1),
(715, 7, 336, 1, 1),
(716, 7, 337, 1, 1),
(717, 7, 338, 1, 1),
(718, 7, 339, 1, 1),
(719, 7, 340, 1, 1),
(720, 7, 341, 1, 1),
(721, 7, 342, 1, 1),
(722, 7, 343, 1, 1),
(723, 7, 344, 1, 1),
(724, 7, 345, 1, 1),
(725, 7, 346, 1, 1),
(726, 7, 347, 1, 1),
(727, 7, 348, 1, 1),
(728, 7, 349, 1, 1),
(729, 7, 350, 1, 1),
(730, 7, 351, 1, 1),
(731, 7, 352, 1, 1),
(732, 7, 353, 1, 1),
(733, 7, 354, 1, 1),
(734, 7, 355, 1, 1),
(735, 7, 356, 1, 1),
(736, 7, 357, 1, 1),
(737, 7, 358, 1, 1),
(738, 7, 359, 1, 1),
(739, 7, 360, 1, 1),
(740, 7, 361, 1, 1),
(741, 7, 362, 1, 1),
(742, 7, 363, 1, 1),
(743, 7, 364, 1, 1),
(744, 7, 365, 1, 1),
(745, 7, 366, 1, 1),
(746, 7, 367, 1, 1),
(747, 7, 368, 1, 1),
(748, 7, 369, 1, 1),
(749, 7, 369, 1, 1),
(750, 7, 371, 1, 1),
(751, 7, 372, 1, 1),
(752, 7, 373, 1, 1),
(753, 7, 374, 1, 1),
(754, 7, 375, 1, 1),
(755, 7, 376, 1, 1),
(756, 7, 377, 1, 1),
(757, 7, 378, 1, 1),
(758, 7, 379, 1, 1),
(759, 7, 380, 1, 1),
(760, 7, 381, 1, 1),
(761, 7, 382, 1, 1),
(762, 7, 383, 1, 1),
(763, 7, 384, 1, 1),
(764, 7, 385, 1, 1),
(765, 7, 386, 1, 1),
(766, 7, 387, 1, 1),
(767, 7, 388, 1, 1),
(768, 7, 389, 1, 1),
(769, 7, 390, 1, 1),
(770, 7, 391, 1, 1),
(771, 7, 392, 1, 1),
(772, 7, 393, 1, 1),
(773, 7, 394, 1, 1),
(774, 7, 395, 1, 1),
(775, 7, 396, 1, 1),
(776, 7, 397, 1, 1),
(777, 7, 398, 1, 1),
(778, 7, 399, 1, 1),
(779, 7, 400, 1, 1),
(780, 7, 401, 1, 1),
(781, 7, 402, 1, 1),
(782, 7, 403, 1, 1),
(783, 7, 404, 1, 1),
(784, 7, 405, 1, 1),
(785, 7, 406, 1, 1),
(786, 7, 407, 1, 1),
(787, 7, 408, 1, 1),
(788, 7, 409, 1, 1),
(789, 7, 410, 1, 1),
(790, 7, 411, 1, 1),
(791, 7, 412, 1, 1),
(792, 7, 413, 1, 1),
(793, 7, 414, 1, 1),
(794, 7, 415, 1, 1),
(795, 7, 416, 1, 1),
(796, 7, 417, 1, 1),
(797, 7, 418, 1, 1),
(798, 7, 419, 1, 1),
(799, 7, 420, 1, 1),
(800, 7, 421, 1, 1),
(801, 7, 422, 1, 1),
(802, 7, 423, 1, 1),
(803, 7, 424, 1, 1),
(804, 7, 425, 1, 1),
(805, 7, 426, 1, 1),
(806, 7, 427, 1, 1),
(807, 7, 428, 1, 1),
(808, 7, 429, 1, 1),
(809, 7, 430, 1, 1),
(810, 7, 431, 1, 1),
(811, 7, 432, 1, 1),
(812, 7, 433, 1, 1),
(813, 7, 434, 1, 1),
(814, 7, 435, 1, 1),
(815, 7, 436, 1, 1),
(816, 7, 437, 1, 1),
(817, 7, 438, 1, 1),
(818, 7, 439, 1, 1),
(819, 7, 440, 1, 1),
(820, 7, 441, 1, 1),
(821, 7, 442, 1, 1),
(822, 7, 443, 1, 1),
(823, 7, 444, 1, 1),
(824, 7, 445, 1, 1),
(825, 7, 446, 1, 1),
(826, 7, 447, 1, 1),
(827, 7, 448, 1, 1),
(828, 7, 449, 1, 1),
(829, 7, 450, 1, 1),
(830, 7, 451, 1, 1),
(831, 7, 452, 1, 1),
(832, 7, 453, 1, 1),
(833, 7, 454, 1, 1),
(834, 7, 455, 1, 1),
(835, 7, 456, 1, 1),
(836, 7, 457, 1, 1),
(837, 7, 458, 1, 1),
(838, 7, 459, 1, 1),
(839, 7, 460, 1, 1),
(840, 7, 461, 1, 1),
(841, 7, 462, 1, 1),
(842, 7, 463, 1, 1),
(843, 7, 464, 1, 1),
(844, 7, 465, 1, 1),
(845, 7, 466, 1, 1),
(846, 7, 467, 1, 1),
(847, 7, 468, 1, 1),
(848, 7, 469, 1, 1),
(849, 7, 470, 1, 1),
(850, 7, 471, 1, 1),
(851, 7, 472, 1, 1),
(852, 7, 473, 1, 1),
(853, 7, 474, 1, 1),
(854, 7, 475, 1, 1),
(855, 7, 476, 1, 1),
(856, 7, 477, 1, 1),
(857, 7, 478, 1, 1),
(858, 7, 479, 1, 1),
(859, 7, 480, 1, 1),
(860, 7, 481, 1, 1),
(861, 7, 482, 1, 1),
(862, 7, 483, 1, 1),
(863, 7, 484, 1, 1),
(864, 7, 485, 1, 1),
(865, 7, 486, 1, 1),
(866, 7, 487, 1, 1),
(867, 7, 488, 1, 1),
(868, 7, 489, 1, 1),
(869, 7, 490, 1, 1),
(870, 7, 491, 1, 1),
(871, 7, 492, 1, 1),
(872, 7, 493, 1, 1),
(873, 7, 494, 1, 1),
(874, 7, 495, 1, 1),
(875, 7, 496, 1, 1),
(876, 7, 497, 1, 1),
(877, 7, 498, 1, 1),
(878, 7, 499, 1, 1),
(879, 7, 500, 1, 1),
(880, 7, 501, 1, 1),
(881, 7, 502, 1, 1),
(882, 7, 503, 1, 1),
(883, 7, 504, 1, 1),
(884, 7, 505, 1, 1),
(885, 7, 506, 1, 1),
(886, 7, 507, 1, 1),
(887, 7, 508, 1, 1),
(888, 7, 509, 1, 1),
(889, 7, 510, 1, 1),
(890, 7, 511, 1, 1),
(891, 7, 512, 1, 1),
(892, 7, 513, 1, 1),
(893, 7, 514, 1, 1),
(894, 7, 515, 1, 1),
(895, 7, 516, 1, 1),
(896, 7, 517, 1, 1),
(897, 7, 518, 1, 1),
(898, 7, 519, 1, 1),
(899, 7, 520, 1, 1),
(900, 7, 521, 1, 1),
(901, 7, 522, 1, 1),
(902, 7, 523, 1, 1),
(903, 7, 524, 1, 1),
(904, 7, 525, 1, 1),
(905, 7, 526, 1, 1),
(906, 7, 527, 1, 1),
(907, 7, 528, 1, 1),
(908, 7, 529, 1, 1),
(909, 7, 530, 1, 1),
(910, 7, 531, 1, 1),
(911, 7, 532, 1, 1),
(912, 7, 533, 1, 1),
(913, 7, 534, 1, 1),
(914, 7, 535, 1, 1),
(915, 7, 536, 1, 1),
(916, 7, 537, 1, 1),
(917, 7, 538, 1, 1),
(918, 7, 539, 1, 1),
(919, 7, 540, 1, 1),
(920, 7, 541, 1, 1),
(921, 7, 542, 1, 1),
(922, 7, 543, 1, 1),
(923, 7, 544, 1, 1),
(924, 7, 545, 1, 1),
(1989, 5, 5, 1, 1),
(1990, 5, 6, 1, 1),
(1991, 5, 7, 1, 1),
(1992, 5, 8, 1, 1),
(1993, 5, 9, 1, 1),
(1994, 5, 10, 1, 1),
(1995, 5, 11, 1, 1),
(1996, 5, 12, 1, 1),
(1997, 5, 13, 1, 1),
(1998, 5, 14, 1, 1),
(1999, 5, 15, 1, 1),
(2000, 5, 16, 1, 1),
(2001, 5, 17, 1, 1),
(2002, 5, 18, 1, 1),
(2003, 5, 19, 1, 1),
(2004, 5, 20, 1, 1),
(2005, 5, 21, 1, 1),
(2006, 5, 22, 1, 1),
(2007, 5, 23, 1, 1),
(2008, 5, 24, 1, 1),
(2009, 5, 25, 1, 1),
(2010, 5, 26, 1, 1),
(2011, 5, 27, 1, 1),
(2012, 5, 28, 1, 1),
(2013, 5, 29, 1, 1),
(2014, 5, 30, 1, 1),
(2015, 5, 31, 1, 1),
(2016, 5, 32, 1, 1),
(2017, 5, 33, 1, 1),
(2018, 5, 34, 1, 1),
(2019, 5, 35, 1, 1),
(2020, 5, 36, 1, 1),
(2021, 5, 37, 1, 1),
(2022, 5, 38, 1, 1),
(2023, 5, 39, 1, 1),
(2024, 5, 40, 1, 1),
(2025, 5, 41, 1, 1),
(2026, 5, 42, 1, 1),
(2027, 5, 43, 1, 1),
(2028, 5, 44, 1, 1),
(2029, 5, 45, 1, 1),
(2030, 5, 46, 1, 1),
(2031, 5, 47, 1, 1),
(2032, 5, 48, 1, 1),
(2033, 5, 49, 1, 1),
(2034, 5, 50, 1, 1),
(2035, 5, 51, 1, 1),
(2036, 5, 52, 1, 1),
(2037, 5, 53, 1, 1),
(2038, 5, 54, 1, 1),
(2039, 5, 55, 1, 1),
(2040, 5, 56, 1, 1),
(2041, 5, 57, 1, 1),
(2042, 5, 58, 1, 1),
(2043, 5, 59, 1, 1),
(2044, 5, 60, 1, 1),
(2045, 5, 61, 1, 1),
(2046, 5, 62, 1, 1),
(2047, 5, 63, 1, 1),
(2048, 5, 64, 1, 1),
(2049, 5, 65, 1, 1),
(2050, 5, 66, 1, 1),
(2051, 5, 67, 1, 1),
(2052, 5, 68, 1, 1),
(2053, 5, 69, 1, 1),
(2054, 5, 70, 1, 1),
(2055, 5, 71, 1, 1),
(2056, 5, 72, 1, 1),
(2057, 5, 73, 1, 1),
(2058, 5, 74, 1, 1),
(2059, 5, 75, 1, 1),
(2060, 5, 76, 1, 1),
(2061, 5, 77, 1, 1),
(2062, 5, 78, 1, 1),
(2063, 5, 79, 1, 1),
(2064, 5, 80, 1, 1),
(2065, 5, 81, 1, 1),
(2066, 5, 82, 1, 1),
(2067, 5, 83, 1, 1),
(2068, 5, 84, 1, 1),
(2069, 5, 85, 1, 1),
(2070, 5, 86, 1, 1),
(2071, 5, 87, 1, 1),
(2072, 5, 88, 1, 1),
(2073, 5, 89, 1, 1),
(2074, 5, 90, 1, 1),
(2075, 5, 91, 1, 1),
(2076, 5, 92, 1, 1),
(2077, 5, 93, 1, 1),
(2078, 5, 94, 1, 1),
(2079, 5, 95, 1, 1),
(2080, 5, 96, 1, 1),
(2081, 5, 97, 1, 1),
(2082, 5, 98, 1, 1),
(2083, 5, 99, 1, 1),
(2084, 5, 100, 1, 1),
(2085, 5, 101, 1, 1),
(2086, 5, 102, 1, 1),
(2087, 5, 103, 1, 1),
(2088, 5, 104, 1, 1),
(2089, 5, 105, 1, 1),
(2090, 5, 106, 1, 1),
(2091, 5, 107, 1, 1),
(2092, 5, 108, 1, 1),
(2093, 5, 109, 1, 1),
(2094, 5, 110, 1, 1),
(2095, 5, 111, 1, 1),
(2096, 5, 112, 1, 1),
(2097, 5, 113, 1, 1),
(2098, 5, 113, 1, 1),
(2099, 5, 115, 1, 1),
(2100, 5, 116, 1, 1),
(2101, 5, 117, 1, 1),
(2102, 5, 118, 1, 1),
(2103, 5, 119, 1, 1),
(2104, 5, 120, 1, 1),
(2105, 5, 121, 1, 1),
(2106, 5, 122, 1, 1),
(2107, 5, 123, 1, 1),
(2108, 5, 124, 1, 1),
(2109, 5, 125, 1, 1),
(2110, 5, 126, 1, 1),
(2111, 5, 126, 1, 1),
(2112, 5, 127, 1, 1),
(2113, 5, 128, 1, 1),
(2114, 5, 129, 1, 1),
(2115, 5, 130, 1, 1),
(2116, 5, 131, 1, 1),
(2117, 5, 132, 1, 1),
(2118, 5, 133, 1, 1),
(2119, 5, 134, 1, 1),
(2120, 5, 80, 1, 1),
(2121, 5, 135, 1, 1),
(2122, 5, 136, 1, 1),
(2123, 5, 137, 1, 1),
(2124, 5, 138, 1, 1),
(2125, 5, 139, 1, 1),
(2126, 5, 140, 1, 1),
(2127, 5, 141, 1, 1),
(2128, 5, 142, 1, 1),
(2129, 5, 143, 1, 1),
(2130, 5, 144, 1, 1),
(2131, 5, 145, 1, 1),
(2132, 5, 146, 1, 1),
(2133, 5, 147, 1, 1),
(2134, 5, 148, 1, 1),
(2135, 6, 149, 195, 0),
(2136, 0, 233, 1, 0),
(2138, 3, 62, 1, 0),
(2139, 4, 62, 233, 0),
(2141, 7, 547, 1, 0);

-- --------------------------------------------------------

--
-- Table structure for table `author`
--

CREATE TABLE `author` (
  `id` int(11) NOT NULL,
  `name` text NOT NULL,
  `name_eng` text NOT NULL,
  `img` text NOT NULL,
  `about` text NOT NULL
) ENGINE=InnoDB DEFAULT CHARSET=utf8mb4;

--
-- Dumping data for table `author`
--

INSERT INTO `author` (`id`, `name`, `name_eng`, `img`, `about`) VALUES
(1, 'সৈয়দ মুজতবা আলী', 'Syed Mujtaba Ali', '1.jpg', 'বিশিষ্ট পণ্ডিত ও রম্যরচয়িতা সৈয়দ মুজতবা আলী বাংলাদেশের একজন খ্যাতিমান সাহিত্যিক। শুধু রম্যরচনাই নয়, ছোটগল্প, উপন্যাস, অনুবাদ, ভ্রমণকাহিনী সাহিত্যের ইত্যাদি বিশেষ শাখায় রচিত সৈয়দ মুজতবা আলী এর বই সমূহ অর্জন করেছে বিশেষ খ্যাতি। বিশেষ করে তাঁর লেখা ভ্রমণকাহিনীগুলোর জুড়ি নেই, যেগুলো পাঠকদের কাছেও ব্যাপক সমাদৃত। বিখ্যাত এই সাহিত্যিক ১৯০৪ সালের ১৩ সেপ্টেম্বর সিলেটের করিমগঞ্জে জন্মগ্রহণ করেন। তাঁর পৈতৃক নিবাস সিলেটের মৌলভীবাজারে হলেও তাঁর বাবা খান বাহাদুর সৈয়দ সিকান্দার আলীর বদলির চাকরির সুবাদে শৈশব ও শিক্ষাজীবন কেটেছে ভিন্ন ভিন্ন অঞ্চলের ভিন্ন ভিন্ন স্কুলে৷ স্কুল-কলেজের পাট চুকিয়ে তিনি ১৯২১ সালে ভর্তি হন বিখ্যাত শিক্ষাপ্রতিষ্ঠান বিশ্বভারতী-তে, যেখানে তিনি অসাধারণ মেধার পরিচয় দেন। এখান থেকে ১৯২৬ সালে তিনি শুধু স্নাতকই পাশ করেননি, লাভ করেছেন ইংরেজি, সংস্কৃত, ফরাসি, হিন্দি, ফারসি, জার্মান, আরবি ইত্যাদি ভাষায় দক্ষতা। এই অগাধ জ্ঞানসম্পন্ন সাহিত্যিকের পড়াশোনা এখানেই শেষ নয়, এরপর তিনি পড়াশোনা করেছেন আলীগড় বিশ্ববিদ্যালয় ও মিশরের আল আজহার বিশ্ববিদ্যালয়ে। এমনকি তিনি জার্মানির বন বিশ্ববিদ্যালয়ে দর্শনশাস্ত্র বিষয়ে পড়েছেন বৃত্তিসহ। শুধু তা-ই নয়, ১৯৩২ সালে \'তুলনামূলক ধর্মতত্ত্ব\' বিষয়ে গবেষণার জন্য পিএইচডি ডিগ্রি লাভ করেন তিনি। কর্মজীবনে তিনি দেশ-বিদেশের বিভিন্ন শিক্ষাপ্রতিষ্ঠানে অধ্যাপনা করেছেন। সৈয়দ মুজতবা আলী এর বই ছাড়াও বেশ কিছু লেখালেখি রয়েছে, \'সত্যপীর\', \'প্রিয়দর্শী\' ইত্যাদি বিভিন্ন ছদ্মনামে বিভিন্ন বিখ্যাত পত্রিকায় তিনি লিখেছেন। গভীর জীবনবোধ, হাস্যরস সৃষ্টিতে পারদর্শিতা ও বিভিন্ন শ্লোক-রূপকের যথার্থ ব্যবহার সৈয়দ মুজতবা আলী রচনাবলীর উল্লেখযোগ্য বৈশিষ্ট্য। সৈয়দ মুজতবা আলী এর বই সমগ্র এর মধ্যে \'দেশে বিদেশে\', \'জলে ডাঙ্গায়\' ইত্যাদি ভ্রমণকাহিনী, \'শবনম\', \'অবিশ্বাস্য\' ইত্যাদি উপন্যাস, \'চাচা কাহিনী\', \'টুনি মেম\', \'ময়ূরকণ্ঠী\' ইত্যাদি ছোটগল্পগ্রন্থ এবং \'পুনশ্চ\', \'ক্যাফে-দে-জেনি\', \'রস-গোল্লা\', \'বিধবা বিবাহ\' ইত্যাদি গল্পমালা উল্লেখযোগ্য। এছাড়াও রয়েছে সৈয়দ মুজতবা আলীর প্রবন্ধ গ্রন্থ, যার মধ্যে \'পঞ্চতন্ত্র\' অন্যতম। এই অসামান্য সাহিত্যিক ১৯৭৪ সালের ১১ ফেব্রুয়ারি ঢাকায় মৃত্যুবরণ করেন। সাহিত্যে বিশেষ অবদানের জন্য বাংলাদেশ সরকার তাঁকে মরণোত্তর একুশে পদকে ভূষিত করে।'),
(2, 'রবীন্দ্রনাথ ঠাকুর', 'Rabindranath Tagore', '2.jpg', 'বিশ্বকবি রবীন্দ্রনাথ ঠাকুর ছিলেন একাধারে ঔপন্যাসিক, নাট্যকার, প্রাবন্ধিক, ছোটগল্পকার, চিত্রশিল্পী, সংগীতস্রষ্টা, অভিনেতা, কন্ঠশিল্পী, কবি, সমাজ-সংস্কারক এবং দার্শনিক। গীতাঞ্জলি কাব্যগ্রন্থের ইংরেজি অনুবাদের জন্য প্রথম বাঙালি হিসেবে ১৯১৩ সালে তিনি সাহিত্যে নোবেল পুরষ্কার লাভ করেন। রবীন্দ্রনাথ ঠাকুর ১৮৬১ সালের ৭ মে তৎকালীন ব্রিটিশ-শাসিত ভারতে কলকাতার ধনাঢ্য ও সংস্কৃতিমনা জোড়াসাঁকোর ঠাকুরবাড়িতে জন্মগ্রহণ করেন। শৈশব থেকেই তিনি লেখালেখিতে মনোনিবেশ করেন। ভানুসিংহ ঠাকুর ছিল তাঁর ছদ্মনাম। রবীন্দ্রনাথ ঠাকুর এর বই মানেই এক মোহের মাঝে আটকে যাওয়া, যে মোহ পাঠককে জীবনের নানা রঙের সাথে পরিচিত করিয়ে দেয় নানা ঢঙে, নানা ছন্দে, নানা সুর ও বর্ণে। তাঁর ৫২টি কাব্যগ্রন্থ, ৩৮টি নাট্যগ্রন্থ, ১৩টি উপন্যাস, ৩৬টি প্রবন্ধ ও অন্যান্য গদ্যসংকলন জীবদ্দশায় বা মৃত্যুর কিছুদিন পরই আলোর মুখ দেখে। কাবুলিওয়ালা, হৈমন্তী, পোস্টমাস্টারসহ মোট ৯৫টি গল্প স্থান পেয়েছে তাঁর ‘গল্পগুচ্ছ’ গ্রন্থে। অন্যদিকে ‘গীতবিতান’ গ্রন্থে সংকলিত হয়েছে ১,৯১৫টি গান। উপন্যাস, কবিতা, সঙ্গীত, ছোটগল্প, গীতিনাট্য, প্রবন্ধ, ভ্রমণকাহিনীসহ সাহিত্যের সকল শাখাই যেন ধারণ করে আছে রবীন্দ্রনাথ ঠাকুর এর বই সমূহ। তিনি একাধারে নাট্যকার ও নাট্যাভিনেতা দুই-ই ছিলেন। কোনো প্রথাগত শিক্ষা ছাড়া তিনি চিত্রাংকনও করতেন। তৎকালীন সমাজ-সংস্কারেও গুরুত্বপূর্ণ ভূমিকা রাখেন এই গুণী ব্যক্তিত্ব। বিশ্বের বিভিন্ন ভাষাতেই অনূদিত হয়েছে রবীন্দ্রনাথ ঠাকুর এর বই সমগ্র। তাঁর যাবতীয় রচনা ‘রবীন্দ্র রচনাবলী’ নামে ত্রিশ খণ্ডে প্রকাশিত হয়েছে। ১৯৪১ সালের ৭ আগস্ট জোড়াসাঁকোর বাড়িতেই রবীন্দ্রনাথ ঠাকুর শেষ নিঃশ্বাস ত্যাগ করেন। মৃত্যুর পর এতদিন পেরিয়ে গেলেও তাঁর সাহিত্যকর্ম আজও স্বমহিমায় ভাস্বর। আজও আমাদের বাঙালি জীবনের বিভিন্ন ক্ষেত্রকে আষ্টেপৃষ্ঠে জড়িয়ে রেখেছে বিশ্বকবির সাহিত্যকর্ম।'),
(3, 'কাজী নজরুল ইসলাম', 'Kazi Nazrul Islam', '3.jpg', '১৮৯৯ সালের ২৪ মে (১৩০৬ বঙ্গাব্দের ১১ জ্যৈষ্ঠ) পশ্চিমবঙ্গের বর্ধমান জেলার চুরুলিয়া গ্রামে কাজী নজরুল ইসলামের জন্ম। তিনি একাধারে কবি, ঔপন্যাসিক, গল্পকার, গীতিনাট্যকার, অভিনয়শিল্পী, সুরকার ও প্রবন্ধকার। নজরুলের বাল্যকাল কেটেছে দুঃখ-দুর্দশায়। তাই তাঁর ডাকনাম ছিলো দুখু মিয়া। তাঁর বৈচিত্র্যময় শিক্ষাজীবন শুরু হয় গ্রামের মক্তবে। পিতৃহীন হওয়ার পর তিনি পড়ালেখা ছেড়ে যোগ দেন লেটোর দলে, যেখান থেকে তিনি কবিতা ও গান রচনার কৌশল রপ্ত করেন। পরবর্তীতে এক বছর ময়মনসিংহের দরিরামপুর হাই স্কুলে পড়ে পুনরায় চুরুলিয়ায় রানীগঞ্জের শিয়ারসোল রাজ স্কুলে ভর্তি হন, এবং সেখানে তিন বছর অধ্যয়ন করেন। প্রবেশিকা পরীক্ষার আগেই তাকে পড়ালেখা ছাড়তে হয় যুদ্ধে যোগদানের জন্য। যুদ্ধের দিনগুলোতে নানা জায়গায় অবস্থান করলেও তার করাচির সৈনিকজীবনই উল্লেখযোগ্য, কেননা সেসময়েই তার প্রতিভার পরিচয় পাওয়া যায় ‘বাউণ্ডেলের আত্মকাহিনী’ নামক গল্প প্রকাশের মাধ্যমে। কাজী নজরুল ইসলাম এর বই সমূহ’র বিষয়বস্তু বিবিধ। তবে কাজী নজরুল ইসলাম এর বই-এ সমকালীন রাজনৈতিক ও সামাজিক যন্ত্রণা এবং সাম্যবাদের ধারণা প্রকটভাবে স্থান করে নিয়েছে। রাবীন্দ্রিক যুগে তার সাহিত্য প্রতিভা উন্মোচিত হলেও তার সৃষ্টি সম্পূর্ণ ভিন্ন। কাজী নজরুল ইসলাম এর বই সমগ্র এর মাঝে উল্লেখযোগ্য হলো ‘রিক্তের বেদন’, ‘দোলনচাঁপা’, ‘বিষের বাঁশি’, ‘সাম্যবাদী’, ‘সর্বহারা’, ‘প্রলয়শিখা’ ইত্যাদি। বহুমুখী প্রতিভার অধিকারী নজরুল ‘সাপ্তাহিক লাঙল’, দ্বিসাপ্তাহিক পত্রিকা ‘ধূমকেতু’র সম্পাদক ছিলেন। বাংলাদেশের জাতীয় কবি এবং বাংলা সাহিত্যের বিদ্রোহী কবি কাজী নজরুল ইসলাম ২৯ আগস্ট ১৯৭৬ খ্রিস্টাব্দে ঢাকায় মৃত্যুবরণ করেন।'),
(4, 'জসীম উদদীন', 'Jasimuddin', '4.jpg', 'কবি জসীম উদ্‌দীন ১৯০৩ সালের ১ জানুয়ারি পীরদুপুর জেলার তাম্বুলখানা গ্রামে নানাবাড়িতে জন্মগ্রহণ করেন। পার্শ্ববর্তী গোবিন্দপুর গ্রামের পৈতৃক বাড়িতে তাঁর শৈশব কাটে। তাঁর পিতা আনসার উদ্‌দীন সেখানে একজন স্কুল শিক্ষক, ধর্মীয় ও রাজনৈতিক নেতা ছিলেন। তিনি এলাকায় প্রেসিডেন্টও ছিলেন। কবির মাতা রাঙাছুটু ছিলেন িএকনজন গৃহবধূ। কলকাতা বিশ্ববিদ্যালয়ে বাংলা ভাষা সাহিত্যে মাস্টার্স ডিগ্রী অধ্যয়নকালে ও লাভের পর জসীম উদ্‌দীন প্রখ্যাত পণ্ডিত ড. দীনেশচন্দ্র সেনের তত্ত্বাবধানে ‘রিসার্চ ফেলো’ পদে কর্মরত ছিলেন । দীনেশ সেন সেই দিনগুলোতে বাংলাদেশের বিভিন্ন পল্লী এলাকার মানুষের মুখে গীত-পঠিত পুথি সংগ্রহ ও গবেষণা করতেন । ড. সেন তার উপযুক্ত শিষ্য জসীম উদ্‌দীনকে বাংলার জেলাগুলোর বিশেষভাবে ফরিদপুর ও ময়মনসিংহ জেলার সেইসব পুঁথি (কাব্য-লোকগাথা) সংগ্রহের দায়িত্ব দেন। জসীম উদদীন পুথি সংগ্ৰহকালে গ্রামীণ জনগণের আনন্দ-বেদনার কাব্যগাথার সঙ্গে ঘনিষ্ঠভাবে পরিচিত হন, মানুষকে ভালোবেসে একজন খাটি মানবপ্ৰেমী হয়ে ওঠেন। কবি পালাগান, গাজীর গান, জারীগান, লোকগীতির আসরে যেতেন, উপভোগ করতেন, মাঝে মাঝে নিজের বাড়িতেও লোকসঙ্গীতের আসরের আয়োজন করতেন । লোকগীতিতে সুরারোপ করেন ও বিশিষ্ট শিল্পীদের গান শেখান এবং পরবর্তীকালে কিছুকাল ঢাকা বিশ্ববিদ্যালয়ের বাংলা বিভাগে অধ্যাপনা করেন । লোকসংস্কৃতির উপাদান প্রত্যক্ষ করেন। জসীম উদদীন কবিতা, নাটক, উপন্যাস, কাব্যোপন্যাস, প্ৰবন্ধ, ত্য গবেষণাগ্রন্থ, গান, ভ্রমণকাহিনী এবং ও স্মৃতিকথাসহ অর্ধশতাধিক বইয়ের রচয়িতা। কবি দুইবার এডিনবাৰ্গ উৎসবে (১৯৫০ ও ১৯৬২ সালে) এবং মার্কিন যুক্তরাষ্ট্র, রাশিয়া ও ভয়াসহ বহু দেশে অনেক লোকসংস্কৃতি উৎসবে অংশগ্রহণ করেন। তাঁর গ্রন্থগুলো বিশ্বের বহু ভাষায় অনূদিত হয়েছে : ১৯৭০ সালে UNESCO তাঁর “সৌজন ব্যাদিয়ার ঘাট” ইংরেজি ভাষায় অনুবাদ ও প্ৰকাশ করে । কবির ’মাটির কান্না’ কাব্যগ্রন্থটি রুশ ভাষায় একটি সংস্করণ বেরিয়েছে। ১৯৭৬ সালের ১৪ মার্চ কবি ইহলোক ত্যাগ করেন ।'),
(5, 'হুমায়ূন আহমেদ', 'Humayun Ahmed', '5.jpg', 'বাংলা সাহিত্যের এক কিংবদন্তী হুমায়ূন আহমেদ। বিংশ শতাব্দীর বাঙালি লেখকদের মধ্যে তিনি অন্যতম স্থান দখল করে আছেন। একাধারে ঔপন্যাসিক, ছোটগল্পকার ও নাট্যকার এ মানুষটিকে বলা হয় বাংলা সায়েন্স ফিকশনের পথিকৃৎ। নাটক ও চলচ্চিত্র পরিচালক হিসেবেও তিনি বেশ সমাদৃত। বাদ যায়নি গীতিকার কিংবা চিত্রশিল্পীর পরিচয়ও। সৃজনশীলতার প্রতিটি শাখায় তাঁর সমান বিচরণ ছিল। অর্জন করেছেন সর্বোচ্চ সফলতা এবং তুমুল জনপ্রিয়তা। স্বাধীনতা পরবর্তী বাঙালি জাতিকে হুমায়ুন আহমেদ উপহার দিয়েছেন তাঁর অসামান্য বই, নাটক এবং চলচ্চিত্র। চলচ্চিত্রের বদৌলতে মানুষকে করেছেন হলমুখী, তৈরি করে গেছেন বিশাল পাঠকশ্রেণীও। তাঁর নির্মিত প্রথম চলচ্চিত্র ‘আগুনের পরশমনি’ দেখতে দর্শকের ঢল নামে। এছাড়া শ্যামল ছায়া, শ্রাবণ মেঘের দিন, দুই দুয়ারী, চন্দ্রকথা, ঘেটুপুত্র কমলা প্রভৃতি চলচ্চিত্র সুধীজনের প্রশংসা পেয়েছে। অনন্য কীর্তি হিসেবে আছে তাঁর নাটকগুলো। এইসব দিনরাত্র, বহুব্রীহি, আজ রবিবার, কোথাও কেউ নেই, অয়োময়ো আজও নিন্দিত দর্শকমনে। হিমু, মিসির আলি, শুভ্রর মতো চরিত্রের জনক তিনি। রচনা করেছেন নন্দিত নরকে, শঙ্খনীল কারাগার, জোছনা ও জননীর গল্পের মতো সব মাস্টারপিস। শিশুতোষ গ্রন্থ, মুক্তিযুদ্ধ বিষয়ক রচনা, বৈজ্ঞানিক কল্পকাহিনী মিলিয়ে হুমায়ূন আহমেদ এর বই সমূহ এর পাঠক সারাবিশ্বে ছড়িয়ে আছে। হুমায়ূন আহমেদ এর বই সমগ্র পৃথিবীর নানা ভাষায় অনূদিতও হয়েছে। সৃজনশীল কর্মকাণ্ডের মাধ্যমে অর্জন করেছেন বাংলা একাডেমি পুরস্কার (১৯৮১), একুশে পদক (১৯৯৪), হুমায়ুন কাদির স্মৃতি পুরস্কার (১৯৯০), লেখক শিবির পুরস্কার (১৯৭৩), মাইকেল মধুসূধন দত্ত পুরস্কার (১৯৮৭), জাতীয় চলচ্চিত্র পুরস্কার (১৯৯৩ ও ১৯৯৪), বাচসাস পুরস্কার (১৯৮৮), শিশু একাডেমি পুরস্কার, জয়নুল আবেদীন স্বর্ণপদকসহ নানা সম্মাননা। হুমায়ূন আহমেদ এর বই, চলচ্চিত্র এবং অন্যান্য রচনা দেশের বাইরেও মূল্যায়িত হয়েছে৷ ১৯৪৮ সালের ১৩ই নভেম্বর, তৎকালীন পূর্ব পাকিস্তানে, নেত্রকোনা জেলার কেন্দুয়া উপজেলায় কুতুবপুরে পীরবংশে জন্মগ্রহণ করেন হুমায়ূন আহমেদ। কোলন ক্যান্সারে আক্রান্ত হয়ে দীর্ঘদিন চিকিৎসাধীন থাকার পর নিউ ইয়র্কের ম্যানহাটনের বেলভ্যু হাসপাতালে তিনি ইহলোক ত্যাগ করেন। গাজীপুরে তাঁর প্রিয় নুহাশ-পল্লীতে তাঁকে সমাহিত করা হয়।'),
(6, 'মুহম্মদ জাফর ইকবাল', 'Muhammed Zafar Iqbal', '6.jpg', 'বাংলাদেশের কিশোর-কিশোরী পাঠকদের কাছে সবচেয়ে জনপ্রিয় নাম মুহম্মদ জাফর ইকবাল। তিনি মূলত এ দেশের একজন বিখ্যাত লেখক, পদার্থবিদ এবং শিক্ষাবিদ। কিশোর সাহিত্য, শিশুতোষ গ্রন্থ, বৈজ্ঞানিক কল্পকাহিনী, গণিত বিষয়ক বই এর জন্য খুব অল্প সময়েই জনপ্রিয়তা লাভ করেন তিনি। মুহম্মদ জাফর ইকবাল ১৯৫২ সালের ২৩ ডিসেম্বর সিলেটে জন্মগ্রহণ করেন। মুক্তিযোদ্ধা বাবা ফয়জুর রহমানের চাকরির সুবাদে দেশের বিভিন্ন জেলাতেই তিনি পড়াশোনা করেছেন। ঢাকা বিশ্ববিদ্যালয়ের পদার্থবিজ্ঞান বিভাগ থেকে স্নাতক ও স্নাতকোত্তর শেষ করে পিএইচডি ডিগ্রী অজর্নের উদ্দেশ্যে স্কলারশিপ নিয়ে পাড়ি জমান যুক্তরাষ্ট্রের ওয়াশিংটন বিশ্ববিদ্যালয়ে। পিএইচডি সম্পন্ন করে ক্যালিফোর্নিয়া ইনস্টিটিউট অফ টেকনোলজিতে পোস্ট-ডক্টরাল গবেষণা সম্পন্ন করেন। পরবর্তীতে বিখ্যাত বেল কমিউনিকেশনস রিসার্চ ল্যাবেও গবেষক হিসেবে যোগদান করেন। ১৯৯৪ সালে দেশে ফিরে এসে তিনি শাহজালাল বিজ্ঞান ও প্রযুক্তি বিশ্ববিদ্যালয়ে কম্পিউটার বিজ্ঞান ও প্রকৌশল বিভাগের বিভাগীয় প্রধান হিসেবে যোগ দেন। মুহম্মদ জাফর ইকবাল এর বই সবসময়ই এ দেশের কিশোর-কিশোরীদের কাছে বিশেষ আবেদন নিয়ে হাজির হয়েছে। কিশোর সাহিত্য, বৈজ্ঞানিক কল্পকাহিনী, বিজ্ঞান ও গণিত বিষয়ক অজস্র গ্রন্থ দিয়ে তিনি আলোকিত করে তুলেছেন এদেশের অগণিত কিশোর-কিশোরীর মনোজগত। মুহম্মদ জাফর ইকবাল এর বই সমূহ, যেমন- দীপু নাম্বার টু, আমার বন্ধু রাশেদ, আমি তপু, শান্তা পরিবার, দস্যি ক’জন ইত্যাদি ব্যাপক পাঠকপ্রিয়তা পায়। তার বেশ কিছু গল্প পরবর্তীতে নাটক ও চলচ্চিত্র হিসেবে টিভি পর্দায় স্থান করে নিয়েছে। তিনি একজন বিশিষ্ট কলামিস্টও। বাংলাদেশ গণিত অলিম্পিয়াডও তাঁর ছত্রছায়ায় গড়ে উঠেছে। মুহম্মদ জাফর ইকবাল এর বই সমগ্র সকল বইপড়ুয়াকেই আকৃষ্ট করে। সাহিত্যে অসামান্য অবদানের জন্য তিনি বহুবার পুরষ্কৃত হয়েছেন। বাংলা একাডেমি পুরষ্কার (২০০৪) এবং শ্রেষ্ঠ নাট্যকার হিসেবে মেরিল-প্রথম আলো পুরস্কার (২০০৫) সেগুলোর মধ্যে উল্লেখযোগ্য। এছাড়াও, কাজী মাহবুবুল্লা জেবুন্নেছা পদক (২০০২), শেলটেক সাহিত্য পদক (২০০৩), ইউরো শিশুসাহিত্য পদকসহ (২০০৪) অগণিত পুরষ্কার অর্জন করেছেন গুণী এই সাহিত্যিক।'),
(7, 'সমরেশ মজুমদার', 'Samaresh Majumdar', '7.jpg', '১৯৪২ সালের ১০ই মার্চ পশ্চিমবঙ্গের জলপাইগুড়িতে জন্ম বিশিষ্ট কথাসাহিত্যিক এবং ঔপন্যাসিক সমরেশ মজুমদারের। তাঁর শৈশব কাটে প্রকৃতির কোলে, চা বাগানে ঘুরে, আদিবাসী শিশুদের সাথে খেলে। এ কারণেই সমরেশ মজুমদার এর বই সমগ্রতে বারবার উঠে আসে পশ্চিমবঙ্গের জলপাইগুড়ি, চা বাগান, বৃষ্টি কিংবা পাহাড়ের কথা। তাঁর শিক্ষাজীবন শুরু হয় জলপাইগুড়ির জেলা স্কুল থেকে। এরপর উচ্চশিক্ষার জন্য তিনি কলকাতা স্কটিশ চার্চ কলেজ থেকে বাংলায় স্নাতক এবং কলকাতা বিশ্ববিদ্যালয় থেকে স্নাতকোত্তর সম্পন্ন করেন। গ্রুপ থিয়েটারের প্রতি তাঁর ছিল ভীষণ ঝোঁক। মঞ্চনাটকে চিত্রায়নের উদ্দেশ্যে তিনি সর্বপ্রথম ‘অন্তর আত্মা’ নামের একটি গল্প রচনা করেছিলেন। সেই গল্পে নাটক মঞ্চায়িত না হলেও পশ্চিমবঙ্গের পাক্ষিক সাহিত্য পত্রিকা দেশ-এ প্রকাশিত হয় গল্পটি। সেই থেকেই শুরু তাঁর লেখকজীবন। সমরেশ মজুমদার এর বই বাংলাদেশের প্রচুর মানুষ পড়েন, পড়তে ভালোবাসেন। দুই বাংলাতেই তিনি সমান জনপ্রিয়। তিনি ঔপন্যাসিক হিসেবে বিখ্যাত হলেও, ছোটগল্প, কিশোর উপন্যাস, নাটক, চিত্রনাট্যসহ, গোয়েন্দাকাহিনীও রচনা করেছেন। সমরেশ মজুমদার এর বই সমূহ, যেমন- সাতকাহন, গর্ভধারিণী, মৌষকাল, ট্রিলজি- উত্তরাধিকার-কালবেলা-কালপুরুষ, আট কুঠুরি নয় দরজা ইত্যাদি ব্যাপক জনপ্রিয়তা পেয়েছে। তাঁর সৃষ্ট চরিত্র অনিমেষ, মাধবীলতা, দীপাবলী আর জয়িতা পাঠকমনে আজও বিরাজমান। সাহিত্যে তাঁর অনন্য এবং অসামান্য অবদানের জন্য তিনি বিভিন্ন সময়ে আনন্দ পুরস্কার, সত্য আকাদেমী পুরষ্কার, বঙ্কিম পুরস্কার এবং আইআইএমএস পুরস্কার অর্জন করেছেন।'),
(8, 'আনিসুল হক', 'Anisul Haque', '8.jpg', 'আনিসুল হক, বাংলাদেশে গত শতাব্দীর আশির দশকে আবির্ভূত হওয়া একজন প্রখ্যাত কবি, কথাসাহিত্যিক, নাট্যকার ও সাংবাদিক। কবিতা, গল্প, উপন্যাস, গদ্যকার্টুন, রম্যরচনা, ভ্রমণকাহিনী, শিশুসাহিত্যসহ সাহিত্যের নানা ক্ষেত্রে রয়েছে তার সাবলীল বিচরণ। বর্তমানে বাংলাদেশের জনপ্রিয় দৈনিক প্রথম আলোর সহযোগী সম্পাদক এবং কিশোর আলোর সম্পাদক হিসেবে কর্মরত আছেন। আনিসুল হকের জন্ম ১৯৬৫ সালের ৪ মার্চ নীলফামারীতে। শিশু মনোবিজ্ঞানের শিক্ষক বাবার অনুপ্রেরণায় ছোটবেলা থেকেই আগ্রহ জন্মেছিলো লেখালেখি আর ছবি আঁকায়। ১৯৮৯ সালে বাংলাদেশ প্রকৌশল বিশ্ববিদ্যালয়ের ছাত্র থাকাকালীন সাহিত্যজগতে প্রবেশ করেন প্রথম কবিতার বই ‘খোলা চিঠি সুন্দরের কাছে’ প্রকাশের মধ্য দিয়ে। আনিসুল হক এর বই প্রকাশের কালটি ছিলো উত্তাল স্বৈরশাসনবিরোধী আন্দোলনের সময়। আনিসুল হক এর বই সমূহ প্রেমের প্রতি পক্ষপাত করলেও একইসাথে সেসময়ের রাজনৈতিক অস্থিরতার চিত্রও ফুটিয়ে তুলেছে। তাঁর অন্যান্য কাব্যগ্রন্থের মধ্যে উল্লেখযোগ্য হলো ‘আমি আছি আমার অনলে’, ‘আসলে আয়ুর চেয়ে বড় সাধ তার আকাশ দেখার’, এবং ‘জলরংপদ্য’। মুক্তিযুদ্ধের সত্য ঘটনা নিয়ে লেখা উপন্যাস ‘মা’, আনিসুল হক এর বই সমগ্র এর মধ্যে পাঠকের মনে সবচেয়ে বেশি দাগ কেটেছিল। এছাড়াও ‘বীর প্রতীকের খোঁজে’, ‘নিধুয়া পাথার’, ‘আয়েশামঙ্গল, খেয়া’, ‘ফাঁদ’, ‘বেকারত্বের দিনগুলিতে প্রেম’, ‘ভালোবাসা আমি তোমার জন্য কাঁদছি’, ‘ফাল্গুন রাতের আঁধারে’ তার উল্লেখযোগ্য উপন্যাস। বিভিন্ন স্বনামধন্য পত্রিকার সম্পাদকের ভূমিকা পালন করেছেন দীর্ঘদিন, এখনও লিখে যাচ্ছেন পত্রিকার কলাম। লিখেছেন বেশ কিছু টেলিভিশন নাটক ও সিনেমার চিত্রনাট্যও। কথাসাহিত্যে অবদানের জন্য বাংলা একাডেমি পুরস্কারসহ বেশ কিছু পুরস্কার পেয়েছেন বাংলা সাহিত্যের আধুনিক এই লেখক।'),
(9, 'বঙ্কিমচন্দ্র চট্টোপাধ্যায়', 'Bankim Chandra Chattapadhyaya', '9.jpg', 'জন্ম হয় বর্তমান উত্তর ২৪ পরগনা জেলার নৈহাটি শহরের নিকটস্থ কাঁঠালপাড়া গ্রামে। তারিখ ২৬ জুন, ১৮৩৮ অর্থাৎ ১৩ আষাঢ় ১২৪৫। চট্টোপাধ্যায়দের আদিনিবাস ছিল হুগলি জেলার দেশমুখো গ্রামে। বঙ্কিমচন্দ্রের প্রপিতামহ রামহরি চট্টোপাধ্যায় মাতামহের সম্পত্তি পেয়ে কাঁঠালপাড়ায় আসেন এবং সেখানেই বসবাস শুরু করেন। রামহরির পৌত্র যাদবচন্দ্র চট্টোপাধ্যায়ের তৃতীয় পুত্র বঙ্কিমচন্দ্র। বঙ্কিমের পূর্বে তাঁর আরও দুই পুত্র জন্মান – শ্যামাচরণ ও সঞ্জীবচন্দ্র চট্টোপাধ্যায়। বঙ্কিমের জন্মকালে তিনি সদ্য অবিভক্ত মেদিনীপুর জেলার ডেপুটি কালেক্টর পদে উন্নীত হয়েছিলেন। জন্মের পর ছয় বছর বঙ্কিমচন্দ্র কাঁটালপাড়াতেই অতিবাহিত করেন। পাঁচ বছর বয়সে কুল-পুরোহিত বিশ্বম্ভর ভট্টাচার্যের কাছে বঙ্কিমচন্দ্রের হাতেখড়ি হয়। শিশু বয়সেই তাঁর অসামান্য মেধার পরিচয় পাওয়া যায়। বঙ্কিমের কণিষ্ঠ সহোদর পূর্ণচন্দ্র চট্টোপাধ্যায় লিখেছেন, “শুনিয়াছি বঙ্কিমচন্দ্র একদিনে বাংলা বর্ণমালা আয়ত্ত করিয়াছিলেন।” যদিও গ্রামের পাঠশালায় বঙ্কিম কোনওদিনই যান নি। পাঠশালার গুরুমশাই রামপ্রাণ সরকার বাড়িতে তাঁর গৃহশিক্ষক নিযুক্ত হন। বঙ্কিমচন্দ্রের রচনা থেকে মনে হয় তিনি রামপ্রাণের শিক্ষা থেকে বিশেষ উপকৃত হন নি। তিনি লিখেছেন, “সৌভাগ্যক্রমে আমরা আট দশ মাসে এই মহাত্মার হস্ত হইতে মুক্তিলাভ করিয়া মেদিনীপুর গেলাম।” ১৮৪৪ সালে বঙ্কিমচন্দ্র পিতার কর্মস্থল মেদিনীপুরে আনীত হলে, সেখানেই তাঁর প্রকৃত শিক্ষার সূচনা হয়। মেদিনীপুরের ইংরেজি স্কুলের প্রধান শিক্ষক জনৈক এফ টিডের পরামর্শে যাদবচন্দ্র শিশু বঙ্কিমকে তাঁর স্কুলে ভর্তি করে দেন। এখানেও বঙ্কিম অল্পকালের মধ্যেই নিজ কৃতিত্বের স্বাক্ষর রাখতে সক্ষম হন। পূর্ণচন্দ্রের রচনা থেকে জানা যায়, বার্ষিক পরীক্ষার ফলে সন্তুষ্ট হয়ে টিড সাহেব বঙ্কিমকে ডবল প্রমোশন দিতে উদ্যত হলে যাদবচন্দ্রের হস্তক্ষেপে তিনি নিরস্ত হন। ১৮৪৭ সালে টিড ঢাকায় বদলি হয়ে গেলে সিনক্লেয়ার তাঁর স্থলাভিষিক্ত হন; তাঁর কাছেও বঙ্কিম প্রায় দেড় বছর ইংরেজি শিক্ষা গ্রহণ করেন। ১৮৪৯ সালে বঙ্কিমচন্দ্র পুনরায় কাঁটালপাড়ায় ফিরে আসেন। এইসময় কাঁটালপাড়ার শ্রীরাম ন্যায়বাগীশের কাছে বঙ্কিম বাংলা ও সংস্কৃতের পাঠ নেন। বঙ্কিমচন্দ্র খুব ভালো আবৃত্তিকারও ছিলেন। সংবাদ প্রভাকর ও সংবাদ সাধুরঞ্জন নামক সংবাদপত্রে প্রকাশিত বহু কবিতা তিনি এই বয়সেই কণ্ঠস্থ করে ফেলেন। ভারতচন্দ্র রায়গুণাকর বিরচিত বিদ্যাসুন্দর কাব্য থেকে বিদ্যার রূপবর্ণন ও জয়দেব প্রণীত গীতগোবিন্দম্ কাব্য থেকে ধীরে সমীরে যমুনাতীরে কবিতাদুটি তিনি প্রায়শই আবৃত্তি করতেন। এছাড়াও পণ্ডিত হলধর তর্কচূড়ামণির কাছে এই সময় তিনি মহাভারত শ্রবণ করতেন। হলধরই তাঁকে শিক্ষা দেন - “শ্রীকৃষ্ণ আদর্শ পুরুষ ও আদর্শ চরিত্র”। এই শিক্ষা তাঁর পরবর্তী জীবনে রচিত নানা রচনাতে প্রতিফলিত হয়েছিল। কিছুকাল পরে ১৮৪৯ সালে হুগলি কলেজে ভর্তি হন। এখানে তিনি সাত বছর পড়াশোনা করেন। হুগলি কলেজ পড়াকালীন ১৮৫৩ সালে জুনিয়র স্কলারশিপ পরীক্ষায় প্রথম স্থান অধিকার করে মাসিক আট টাকা বৃত্তি লাভ করেন। এই বছরেই সংবাদ প্রভাকরে কবিতা প্রতিযোগিতায় অংশগ্রহণ করে কুড়ি টাকা পুরস্কার লাভ করেন। হুগলি কলেজ অধ্যয়নকালেই বঙ্কিমচন্দ্র কবিবর ঈশ্বরচন্দ্র গুপ্তের সংবাদ প্রভাকর ও সংবাদ সাধুরঞ্জনে গদ্য-পদ্য রচনা আরম্ভ করেন। পরবর্তীকালে তাঁর বহু রচনা এই দুই কাগজে প্রকাশিত হয়। হুগলি কলেজ ১৮৫৬ সালে সিনিয়র বৃত্তি পরীক্ষায় সব বিষয়ে বিশেষ কৃতিত্ব প্রদর্শন করে তিনি দুই বছরের জন্য কুড়ি টাকা বৃত্তি লাভ করেন। এই বছরই তিনি হুগলি কলেজ ছেড়ে আইন পড়বার জন্য কলকাতায় প্রেসিডেন্সি কলেজে ভর্তি হন। ১৮৫৭ সালে জানুয়ারী মাসে কলকাতা বিশ্ববিদ্যালয় প্রতিষ্ঠা হয়। এবং বিশ্ববিদ্যালয় কর্তৃপক্ষ এন্ট্রান্স বা প্রবেশিকা পরীক্ষা প্রবর্তন করেন। প্রেসিডেন্সি কলেজের আইন বিভাগ থেকে এন্ট্রান্স পরীক্ষা দিয়ে বঙ্কিমচন্দ্র প্রথম বিভাগে উত্তীর্ণ হন। পরের বছর ১৮৫৮ সালে প্রথমবারের মতো বি.এ. পরীক্ষা নেওয়া হয়। মোট দশজন ছাত্র প্রথমবারে পরীক্ষা দিয়েছিলেন। উত্তীর্ণ হয়েছিলেন কেবলমাত্র বঙ্কিমচন্দ্র ও যদুনাথ বসু। তার বাবার মতো তিনিও সরকারি চাকরিতে যোগদান করেন, ডেপুটি ম্যাজিস্ট্রেট ও ডেপুটি কালেক্‌টার পদে। সারা জীবন তিনি অত্যন্ত নিষ্ঠার সাথে কাজ করে যান। স্বীকৃতি স্বরূপ ব্রিটিশ সরকার তাকে দুটি খেতাবে ভূষিত করে - ১৮৯১ সালে রায় বাহাদুর খেতাব এবং ১৮৯৪ সালে কম্প্যানিয়ন অফ দ্য মোস্ট এমিনেন্ট অর্ডার অফ দ্য ইন্ডিয়ান এম্পায়ার খেতাব। তবে সরকারি কর্মকর্তা নয় বরং লেখক এবং হিন্দু পুনর্জাগরণের দার্শনিক হিসেবেই তিনি অধিক প্রখ্যাত। শেষ জীবনে তাঁর স্বাস্থ্য বিশেষ ভালো ছিল না। ১৮৯৪ সালের মার্চ মাসে তাঁর বহুমূত্র রোগ বেশ বেড়ে যায়। এই রোগেই অবশেষে তাঁর মৃত্যু হয়, এপ্রিল ৮, ১৮৯৪ (বাংলা ২৬ চৈত্র ১৩০০ সাল)'),
(10, 'সৈয়দ শামসুল হক', 'Syed Shamsul Haque', '10.jpg', 'সব্যসাচী লেখক\' হিসেবে খ্যাত সৈয়দ শামসুল হক বাংলাদেশের প্রখ্যাত একজন সাহিত্যিক, যিনি একাধারে কবিতা, ছোটগল্প, নাটক, উপন্যাস, কাব্যনাট্য, প্রবন্ধসহ সাহিত্যের বিভিন্ন শাখাতেই স্বচ্ছন্দে বিচরণ করেছেন। ৬২ বছরের দীর্ঘ লেখক-জীবনে তিনি সাহিত্যকর্ম ছাড়াও চলচ্চিত্রের চিত্রনাট্য লেখার কাজও করেছেন। খ্যাতিমান এই লেখক ১৯৩৫ সালের ২৭ ডিসেম্বর কুড়িগ্রাম জেলায় জন্মগ্রহণ করেন। আট ভাই-বোনের মাঝে তিনি ছিলেন সবচেয়ে বড়। কৃতিত্বের সাথে তিনি ম্যাট্রিক পাশ করলেও পরের বছরই বম্বে পালিয়ে গিয়ে সেখানে একটি সিনেমা প্রোডাকশন হাউজে কাজে যোগদান করেন। এরপর ফিরে এসে কলেজের পাট চুকিয়ে ঢাকা বিশ্ববিদ্যালয়ের ইংরেজি বিভাগে ভর্তি হলেও স্নাতক শেষ করেননি। সৈয়দ শামসুল হক এর বই দর্শক ও সমালোচক উভয় সমাজেই ব্যাপকভাবে সমাদৃত হয়েছে। সৈয়দ শামসুল হক এর বই সমূহ এর মধ্যে \'অনুপম দিন\', \'সীমানা ছাড়িয়ে\', \'খেলারাম খেলে যা\', \'এক মহিলার ছবি\' ইত্যাদি উপন্যাস; \'নারীগণ\', \'ঈর্ষা\', \'পায়ের আওয়াজ পাওয়া যায়\' ইত্যাদি কাব্যনাট্য, এবং \'পরাণের গহীন ভিতর\', \'প্রতিধ্বনিগণ\' ইত্যাদি কাব্যগ্রন্থ রয়েছে। এছাড়াও সৈয়দ শামসুল হক এর বই সমগ্র এর মধ্যে রয়েছে বিভিন্ন অনুবাদগ্রন্থ, ছোটগল্প, শিশুতোষগ্রন্থ ইত্যাদি। সাহিত্যে অসাধারণ অবদানের জন্য তিনি দীর্ঘ সাহিত্যজীবনে ভূষিত হয়েছেন বিভিন্ন পুরস্কারে, যেগুলোর মধ্যে \'বাংলা একাডেমি পুরস্কার\', \'আদমজী সাহিত্য পুরস্কার\' এবং বাংলাদেশ সরকার কর্তৃক প্রদত্ত \'একুশে পদক\' উল্লেখযোগ্য। এছাড়াও তিনি শ্রেষ্ঠ চিত্রনাট্যকার হিসেবে দুবার জাতীয় চলচ্চিত্র পুরস্কারও লাভ করেন। কীর্তিমান এই সাহিত্যিক ২০১৬ সালের ২৭ সেপ্টেম্বর ঢাকায় মৃত্যুবরণ করেন।'),
(11, 'সত্যজিৎ রায়', 'Satyajit Ray', '11.jpg', 'সত্যজিৎ রায় এক বাঙালি কিংবদন্তী, যিনি বিংশ শতাব্দীর অন্যতম শ্রেষ্ঠ চলচ্চিত্রকারের খ্যাতি অর্জন করেছিলেন বিশ্বদরবারে। কর্মজীবনে একইসাথে চিত্রনাট্য রচনা, সঙ্গীত স্বরলিপি রচনা, সম্পাদনা, প্রকাশক, চিত্রকর, গ্রাফিক নকশাবিদ, লেখক ও চলচ্চিত্র সমালোচক হিসেবে ভূমিকা রেখেছেন অসম্ভব গুণী এই মানুষটি। ১৯২১ সালে কলকাতার শিল্প-সাহিত্যচর্চায় খ্যাতনামা এক বাঙালি পরিবারে জন্মগ্রহণ করেন তিনি। বাংলাদেশের কিশোরগঞ্জ জেলার কটিয়াদী উপজেলার মসূয়া গ্রামে রয়েছে তাঁর পৈত্রিক ভিটা। ইতালীয় নব্য বাস্তবতাবাদী ছবি ‘লাদ্রি দি বিচিক্লেত্তে’ বা ‘দ্য বাইসাইকেল থিফ’ তাঁকে এতটাই প্রভাবিত করেছিলো যে, সিদ্ধান্ত নিয়ে ফেলেন চলচ্চিত্র নির্মাণের। প্রথম চলচ্চিত্র ‘পথের পাঁচালী’র জন্যই পেয়েছিলেন ১১টি আন্তর্জাতিক স্বীকৃতি, যার মধ্যে অন্যতম হলো কান চলচ্চিত্র উৎসবে পাওয়া ‘শ্রেষ্ঠ মানব দলিল’ পুরস্কার। তবে তাঁর কাজের সমালোচকও কম ছিলো না। এসব সমালোচনার উত্তরে লেখা দুটি প্রবন্ধ পাওয়া যায় সত্যজিৎ রায় এর বই ‘বিষয় চলচ্চিত্র’-তে। কল্পকাহিনী ধারায় সত্যিজিৎ রায় এর বই সমূহ জয় করেছিলো সব বয়সী পাঠকের মন। তাঁর সৃষ্ট তুখোড় চরিত্র ‘ফেলুদা’, ‘ প্রফেসর শঙ্কু’ এবং ‘তাড়িনী খুড়ো’ যেন আজও জীবন্ত। একের পিঠে দুই, আরো বাড়ো এমন মজার সব শিরোনামে বারোটির সংকলনে লিখেছেন অসংখ্য ছোটগল্প। এছাড়াও সত্যজিৎ রায় এর বই সমগ্র’র মধ্যে উল্লেখযোগ্য হলো চলচ্চিত্র বিষয়ক ‘একেই বলে শ্যুটিং’, আত্মজীবনীমূলক ‘যখন ছোট ছিলাম’ এবং ছড়ার বই ‘তোড়ায় বাঁধা ঘোড়ার ডিম’। ১৯৯২ সালে মৃত্যুর কিছুদিন আগেই তার বর্ণাঢ্য কর্মজীবনের স্বীকৃতিস্বরূপ ‘একাডেমি সম্মানসূচক পুরষ্কার\' (অস্কার) প্রাপ্তি তাঁর জীবনের অন্যতম সেরা অর্জন।'),
(12, 'বিভূতিভূষণ বন্দ্যোপাধ্যায়', 'Bibhutibhushan Bandyopadhyay', '12.jpg', 'বাংলা সাহিত্যের অন্যতম পথিকৃৎ বিভূতিভূষণ বন্দ্যোপাধ্যায় বেশ কিছু কালজয়ী উপন্যাস রচনার মাধ্যমে জয় করে নিয়েছেন বাংলা ভাষাভাষী পাঠকদের হৃদয়। শুধু উপন্যাসই নয়, এর পাশাপাশি তিনি রচনা করেছেন বিভিন্ন ছোটগল্প, ভ্রমণকাহিনী, দিনলিপি ইত্যাদি। প্রখ্যাত এই সাহিত্যিক ১৮৯৪ সালের ১২ সেপ্টেম্বর ভারতের পশ্চিমবঙ্গের চব্বিশ পরগণা জেলায় জন্মগ্রহণ করেন, তবে তাঁর পৈতৃক নিবাস ছিল যশোর জেলায়। অত্যন্ত মেধাবী ছাত্র হিসেবে তিনি শিক্ষাজীবন অতিবাহিত করেন, যার প্রমাণ পাওয়া যায় তাঁর প্রথম বিভাগে এনট্রান্স ও আইএ পাশ করার মাধ্যমে। এমনকি তিনি কলকাতার রিপন কলেজ থেকে ডিস্টিংশনসহ বিএ পাশ করেন। সাহিত্য রচনার পাশাপশি তিনি শিক্ষকতার মাধ্যমে কর্মজীবন অতিবাহিত করেন। বিভূতিভূষণ বন্দ্যোপাধ্যায় এর বই সমূহ এর মধ্যে সবচেয়ে বিখ্যাত হলো \'পথের পাঁচালী\', যা দেশ ছাড়িয়ে বিদেশের মাটিতেও ব্যাপক জনপ্রিয়তা লাভ করেছে বিভিন্ন ভাষায় অনূদিত হওয়ার মাধ্যমে। এই উপন্যাস অবলম্বনে চলচ্চিত্র নির্মাণ করে প্রখ্যাত চলচ্চিত্রকার সত্যজিৎ রায় অর্জন করেছেন অশেষ সম্মাননা। বিভূতিভূষণ বন্দ্যোপাধ্যায় এর বই এর মধ্যে আরো উল্লেখযোগ্য কয়েকটি হলো \'আরণ্যক\', \'অপরাজিত\', \'ইছামতি\', \'আদর্শ হিন্দু হোটেল\', \'দেবযান\' ইত্যাদি উপন্যাস, এবং \'মৌরীফুল\', \'কিন্নর দল\', \'মেঘমল্লার\' ইত্যাদি গল্পসংকলন। ১০ খণ্ডে সমাপ্ত ‘বিভূতি রচনাবলী’ হলো বিভূতিভূষণ বন্দ্যোপাধ্যায় এর বই সমগ্র, যেখানে প্রায় সাড়ে ছ’হাজার পৃষ্ঠায় স্থান পেয়েছে তার যাবতীয় রচনাবলী। খ্যাতিমান এই সাহিত্যিক ১৯৫০ সালের ১ নভেম্বর বিহারের ঘাটশিলায় মৃত্যুবরণ করেন। সাহিত্যে অসামান্য অবদানের জন্য তিনি মরণোত্তর \'রবীন্দ্র পুরস্কারে\' ভূষিত হন।'),
(13, 'আখতারুজ্জামান ইলিয়াস', 'Akhteruzzaman Elias', '13.jpg', 'গাইবান্ধা জেলার গোটিয়া গ্রামে আখতারুজ্জামান ইলিয়াসের মামাবাড়ি। এই মাতুলালয়েই ১৯৪৩ সালের ১২ ফেব্রুয়ারি জন্মগ্রহণ করেন তিনি। পূর্ণনাম আখতারুজ্জামান মুহম্মদ ইলিয়াস হলেও মঞ্জু ডাকনামেও তার পরিচিতি রয়েছে। পৈতৃক বাড়ি ছিলো বগুড়ায়, তাই বগুড়া জিলা স্কুল থেকেই ম্যাট্রিকুলেশন পরীক্ষা দিয়েছিলেন। এরপর চলে আসেন ঢাকায়। ঢাকা কলেজ থেকে ইন্টারমিডিয়েট পরীক্ষা দেয়ার পর ভর্তি হন ঢাকা বিশ্ববিদ্যালয়ের বাংলা বিভাগে, যেখান থেকে তিনি স্নাতক এবং স্নাতকোত্তর সম্পন্ন করেন। কর্মজীবনে অধ্যাপনার সঙ্গে যুক্ত ছিলেন আগাগোড়া। জগন্নাথ কলেজের প্রভাষক পদ থেকে শুরু করে মিউজিক কলেজের উপধ্যাক্ষ, প্রাইমারি শিক্ষাবোর্ডের উপ-পরিচালক পদেও নিয়োজিত ছিলেন। পরবর্তীতে ঢাকা কলেজের বাংলা বিভাগের অধ্যাপক এবং বিভাগীয় প্রধান হয়েছিলেন। শিক্ষকতার পাশাপাশি আখতারুজ্জামান ইলিয়াস ছোটগল্প, প্রবন্ধ এবং উপন্যাস লেখালেখিতে সক্রিয় ছিলেন। কবিতার প্রতিও ঝোঁক ছিলো তার, লিখেছিলেন কয়েকটি কবিতা, তবে আখতারুজ্জামান ইলিয়াসের কবিতা কখনো প্রকাশিত হয়নি। ১৯৭৬ সালে আনুষ্ঠানিকভাবে তার প্রথম গ্রন্থ ‘অন্য ঘরে অন্য স্বর’ প্রকাশিত হয়। তার বাচনশৈলী সাধারণ পাঠকদের কাছে প্রথমদিকে বেশ খটমটে লেগেছিলো। আখতারুজ্জামান ইলিয়াসের প্রথম উপন্যাস ‘চিলেকোঠার সেপাই’, যা প্রকাশিত হয়েছিলো ১৯৮৭ সালে। এছাড়াও আলোড়ন সৃষ্টিকারী তার আরেকটি উপন্যাস ‘খোয়াবনামা’। আখতারুজ্জামান এর বই সমগ্র-তে মোট দুটি উপন্যাস, পাঁচটি গল্পগ্রন্থ ও একটি প্রবন্ধ সংকলন রয়েছে। ‘খোয়াবনামা’কে তার শ্রেষ্ঠ কীর্তি বলা হলেও আখতারুজ্জামানের ইলিয়াসের ছোটগল্পগুলোও পেয়েছে সমালোচকদের প্রশংসা। তার রচনা বিশ্লেষণধর্মী। পিতা বদিউজ্জামান মোহাম্মদ ইলিয়াস পূর্ব বাংলা প্রাদেশিক পরিষদের সদস্য এবং মুসলিম লীগের পার্লামেন্টারি সেক্রেটারি ছিলেন বিধায় রাজনীতিতে তার অংশগ্রহণ ছিলো স্বাভাবিক ঘটনা। আখতারুজ্জামান ইলিয়াস এর বই সমূহ-তে তাই স্বাদ পাওয়া যায় রাজনীতির, এবং তার লেখার মাধ্যমে সমষ্টি ও ব্যক্তিকে দিয়েছেন সমান মর্যাদা। মুক্তমনা এ লেখক ১৯৮৪ সালে ‘সাহিত্য শিবির’ নামে একটি প্রগতিশীল সাংস্কৃতিক সংঠনের সাথে যুক্ত হয়েছিলেন। আখতারুজ্জামান ইলিয়াস রচনাসমগ্র এবং বাংলা সাহিত্যে বহুমাত্রিক অবদানের জন্য ১৯৮৩ সালে বাংলা একাডেমি পুরস্কার এবং ১৯৯৬ সালে আনন্দ পুরস্কার পান। ১৯৯৭ সালের ৪ জানুয়ারি এই সৃষ্টিশীল লেখক ইহলোক ত্যাগ করেন।'),
(14, 'ফররুখ আহমদ', 'Farrukh Ahmed', '14.jpg', 'ফররুখ আহমদের জন্ম -জুন ১০, ১৯১৮ খ্রিষ্টাব্দে (তৎকালীন যশোর জেলার অন্তর্গত) মাগুরার শ্রীপুর উপজেলার মাঝাইল গ্রামে। তার বাবা সৈয়দ হাতেম আলী ছিলেন একজন পুলিশ ইন্সপেক্টর। ফররুখ আহমদের মায়ের নাম রওশন আখতার। ফররুখ আহমদ খুলনা জিলা স্কুল থেকে ১৯৩৭ সালে ম্যাট্রিক এবং কলকাতার রিপন কলেজ থেকে ১৯৩৯ সালে আই.এ. পাস করেন। এরপর স্কটিশ চার্চ কলেজে দর্শন এবং ইংরেজি সাহিত্য নিয়ে পড়াশোনা শুরু করেন। একজন প্রখ্যাত বাংলাদেশী কবি। এই বাঙালি কবি \'মুসলিম রেনেসাঁর কবি\' হিসেবে পরিচিতি লাভ করেছিলেন। তাঁর কবিতায় বাংলার অধঃপতিত মুসলিম সমাজের পুনর্জাগরণের অণুপ্রেরণা প্রকাশ পেয়েছে। বিংশ শতাব্দীর এই কবি ইসলামি ভাবধারার বাহক হলেও তাঁর কবিতা প্রকরণকৌশল, শব্দচয়ন এবং বাক্‌প্রতিমার অনন্য বৈশিষ্ট্যে সমুজ্জ্বল। আধুনিকতার সকল লক্ষণ তাঁর কবিতায় পরিব্যাপ্ত। তাঁর কবিতায় রোমান্টিকতা থেকে আধুনিকতায় উত্তরণের ধারাবাহিকতা পরিস্ফুট। ১৯৬০ সালে ফররুখ আহমদ বাংলা একাডেমি পুরস্কার লাভ করেন। কবি ফররুখ আহমদ ১৯৬৫ সনে প্রেসিডেন্ট পদক \"প্রাইড অব পারফরমেন্স\" এবং ১৯৬৬ সালে পান আদমজী পুরস্কার ও ইউনেস্কো পুরস্কার। ১৯৭৭ ও ১৯৮০ সালে তাঁকে যথাক্রমে মরণোত্তর একুশে পদক ও স্বাধীনতা পদক দেওয়া হয়। তিনি অক্টোবর ১৯, ১৯৭৪ সালে মৃত্যু বরণ করেন।'),
(15, 'শওকত ওসমান ', 'Shawkat Osman', '15.jpg', ' তাঁর পৈতৃক নাম শেখ আজিজুর রহমান। নাটক, গল্প, উপন্যাস, প্রবন্ধ, রম্যরচনা, রাজনৈতিক লেখা, শিশু-কিশোর সাহিত্য সর্বত্র তিনি উল্লেখযোগ্য অবদান রেখে গেছেন। মুক্তিযুদ্ধ ও ধর্মনিরপেক্ষতার পক্ষে তিনি ছিলেন এক উচ্চকিত কণ্ঠের অধিকারী। জন্ম -১৯১৭ খ্রিষ্টাব্দের ২ জানুয়ারি পশ্চিম বঙ্গের হুগলী জেলার জেলার সবল সিংহপুর গ্রামে তিনি জন্মগ্রহণ করেন।বাংলাদেশের একজন চিন্তক, লেখক ও কথাসাহিত্যিক। পিতা শেখ মোহাম্মদ এহিয়া, মাতা গুলজান বেগম। পড়াশোনা করেছেন মক্তব, মাদ্রাসা, কলেজ ও কলকাতা বিশ্ববিদ্যালয়ে। তিনি কলকাতার আলিয়া মাদ্রাসায় পড়ালেখা শুরু করলেও পরবর্তীকালে সেন্ট জেভিয়ার্স কলেজ ও অর্থনীতি বিষয়ে কলকাতা বিশ্ববিদ্যালয়ে স্নাতক ডিগ্রি সম্পন্ন করেন। কিন্তু একই বিশ্ববিদ্যালয় থেকে বাংলায় এমএ ডিগ্রি লাভ করেন। আইএ পাস করার পর তিনি কিছুদিন কলকাতা করপোরেশন এবং বাংলা সরকারের তথ্য বিভাগে চাকরি করেন। এমএ পাস করার পর ১৯৪১ সালে তিনি কলকাতার গভর্নমেন্ট কমার্শিয়াল কলেজে লেকচারার পদে নিযুক্ত হন। ১৯৪৭ সালে তিনি চট্টগ্রাম কলেজ অফ কমার্সে যোগ দেন এবং ১৯৫৮ সাল থেকে ঢাকা কলেজে অধ্যাপনা করে ১৯৭২ খ্রিষ্টাব্দে স্বেচ্ছা অবসরে যান। চাকরি জীবনের প্রথমদিকে কিছুকাল তিনি ‘কৃষক’ পত্রিকায় সাংবাদিকতাও করেন। প্রয়াত হুমায়ুন আজাদ শওকত ওসমানকে বলতেন \'অগ্রবর্তী আধুনিক মানুষ\'। ১৯৪৭ খ্রিষ্টাব্দে দেশ বিভাগের পর তিনি চলে আসেন পূর্ববঙ্গে।বাংলাদেশের সাহিত্য, সংস্কৃতি ও মুক্তবুদ্ধির আন্দোলনে জীবনব্যাপী অবদানের স্বীকৃতি স্বরূপ তিনি একুশে পদক, বাংলা একাডেমি পুরস্কার ও স্বাধীনতা দিবস পুরস্কার - এই তিনটিতেই ভূষিত হয়েছিলেন। ক্রীতদাসের হাসি তাঁর একটি জনপ্রিয় ঐতিহাসিক উপন্যাস। তাঁর জনপ্রিয় গ্রন্থ গুলোর মধ্যে উল্লেখযোগ্যঃ জননী, জাহান্নম হইতে বিদায়, বনী আদম, ওটেন সাহেবের বাংলো, কালরাত্রি খ-চিত্র, মুজিবনগর, দুই সৈনিক ও অন্যান্য। মৃত্যু -১৪ মে ১৯৯৮।'),
(16, 'সেলিনা হোসেন', 'Selina Hossain', '16.jpg', '২১টি উপন্যাস, ৭টি গল্পগ্রন্থ ও ৪টি প্রবন্ধগ্রন্থের রচয়িতা সেলিনা হোসেন বাংলাদেশের একজন জনপ্রিয় কথাসাহিত্যিক। সমকালীন রাজনৈতিক সংকট ও দ্বন্দ্বের উৎস ও প্রেক্ষাপট উঠে এসেছে সেলিনা হোসেন এর বই সমূহ-তে। সেলিনা হোসেন এর বই সমগ্র অনূদিত হয়েছে ইংরেজি, রুশসহ একাধিক ভাষায়। প্রবীণ এ লেখিকা ২০১৪ সাল থেকে বাংলাদেশ শিশু একাডেমির চেয়ারম্যান হিসেবে দায়িত্ব পালন করার পর কর্মজীবন থেকে অবসর নেন। সেলিনা হোসেন ১৯৪৭ সালের ১৪ই জুন রাজশাহীতে জন্মগ্রহণ করেন। আদি পৈতৃক নিবাস নোয়াখালীতে হলেও সেখানে বেশি দিন থাকা হয়নি তার। চাকরিসূত্রে তার বাবা রাজশাহী চলে এলে সেটিই হয়ে ওঠে সেলিনার শহর। স্থানীয় এক বালিকা বিদ্যালয়ে প্রাথমিক ও মাধ্যমিক শিক্ষা সমাপ্ত করে রাজশাহী মহিলা কলেজে ভর্তি হন। ছোটবেলা থেকেই সাহিত্য পড়তে ভালোবাসতেন তিনি। আর ভালোবাসার টানে উচ্চ মাধ্যমিক শেষে রাজশাহী বিশ্ববিদ্যালয়ের বাংলা বিভাগে ভর্তি হন। এখান থেকেই স্নাতক এবং স্নাতকোত্তর সম্পন্ন করেন। ১৯৭০ সালে বাংলা একাডেমির গবেষণা সহকারী হিসেবে কর্মজীবন শুরু করেন সেলিনা হোসেন। এরপর সরকারি কলেজে শিক্ষকতা এবং পাবলিক সার্ভিস কমিশনেও কাজ করেছেন তিনি। পাশাপাশি পত্রপত্রিকার জন্য চালিয়ে গেছেন তার কলম। টানা ২০ বছর তিনি ‘ধান শালিকের দেশ’ পত্রিকার সম্পাদনা করেন। ১৯৯৭ থেকে ২০০৪ সাল পর্যন্ত বাংলা একাডেমির প্রথম নারী পরিচালক হিসেবে দায়িত্ব পালন করেন তিনি। সেলিনা হোসেন মুক্তিযুদ্ধের উপন্যাস রচনা করে পাঠকমনে চিরস্থায়ী আসন করে নিয়েছেন। তার রচিত মুক্তযুদ্ধ বিষয়ক কালজয়ী উপন্যাস ‘হাঙর নদী গ্রেনেড’ নিয়ে তৈরি হয়েছে চলচ্চিত্রও। ‘যাপিত জীবন’, ‘ক্ষরণ’, ‘কাঁটাতারে প্রজাপতি’, ‘ভালোবাসা প্রীতিলতা’, ‘যুদ্ধ’, ‘গায়ত্রী সন্ধ্যা’ (তিন খণ্ড) ইত্যাদি তার জনপ্রিয় উপন্যাস। ‘স্বদেশে পরবাসী’, ‘একাত্তরের ঢাকা’, ‘ঊনসত্তরের গণ-আন্দোলন’ ইত্যাদি তার জনপ্রিয় প্রবন্ধ। কিশোরদের জন্য তিনি লিখেছেন ‘কাকতাড়ুয়া’, ‘চাঁদের বুড়ি পান্তা ইলিশ’, ‘আকাশ পরী’, ‘এক রূপোলি নদী’ সহ বেশ কিছু সুপাঠ্য গ্রন্থ। সাহিত্যাঙ্গনে এই অনবদ্য অবদানের জন্য রাজশাহী বিশ্ববিদ্যালয় তাকে ডি.লিট ডিগ্রি প্রদান করে। এছাড়াও তিনি ‘আলাওল সাহিত্য পুরস্কার’, ‘রবীন্দ্রস্মৃতি পুরস্কার’, ‘বাংলা একাডেমি সাহিত্য পুরস্কার’ সহ অসংখ্য পদক পুরস্কার পেয়েছেন।'),
(17, 'সুনীল গঙ্গোপাধ্যায়', 'Sunil Gangopadhyay', '17.jpg', 'বিশ শতকের শেষাংশে জন্ম নেওয়া সব্যসাচী একজন বাঙ্গালি সাহিত্যিক সুনীল গঙ্গোপাধ্যায়। একাধারে কবি, ঔপন্যাসিক, ছোটগল্পকার, সম্পাদক, সাংবাদিক ও কলামিস্ট- এমন বহু পরিচয়ে সাহিত্যের অগণিত ক্ষেত্রে তিনি রেখেছেন তাঁর সুকুমার ছাপ। নীললোহিত, সনাতন পাঠক কিংবা কখনো নীল উপাধ্যায় ছদ্মনামে প্রকাশিত হয়েছে সুনীল গঙ্গোপাধ্যায় এর বই সমূহ। অধুনা বাংলাদেশের মাদারীপুর জেলায় জন্মগ্রহণ করেছিলেন ৭ সেপ্টেম্বর ১৯৩৪। কিন্তু মাত্র চার বছর বয়সেই স্কুল শিক্ষক বাবার হাত ধরে সপরিবারে পাড়ি দিয়েছিলেন কলকাতায়। ১৯৫৩ সালে সাহিত্যে বিচরণ শুরু হয় কৃত্তিবাস নামের কাব্যপত্রিকার সম্পাদনার মধ্য দিয়ে। ১৯৫৮ সালে প্রকাশ পায় প্রথম কাব্যগ্রন্থ ‘একা এবং কয়েকজন’। সুনীল গঙ্গোপাধ্যায় এর বই মানেই পাঠকের কাছে আধুনিকতা আর রোমান্টিকতার মেলবন্ধন। তাঁর উল্লেখযোগ্য কয়েকটি কবিতার বই হলো ‘আমি কী রকম ভাবে বেঁচে আছি’, ‘যুগলবন্দী’ (শক্তি চট্টোপাধ্যায়ের সঙ্গে), ‘হঠাৎ নীরার জন্য’, ‘রাত্রির রঁদেভূ’ ইত্যাদি। সুনীল গঙ্গোপাধ্যায়ের বই সমগ্র ‘পূর্ব-পশ্চিম’, ‘সেইসময়’ এবং ‘প্রথম আলো’ তাঁকে এপার, ওপার আর সারাবিশ্বের বাঙালির কাছে করেছে স্মরণীয়। ‘কাকাবাবু-সন্তু’ জুটির গোয়েন্দা সিরিজ শিশুসাহিত্যে তাকে এনে দিয়েছিলো অনন্য পাঠকপ্রিয়তা। তাঁরই উপন্যাস অবলম্বনে কিংবদন্তী পরিচালক সত্যজিৎ রায় পরিচালনা করেছিলেন ‘অরণ্যের দিনরাত্রি’ এবং ‘প্রতিদ্বন্দ্বী’র মতো চলচ্চিত্র। পাঠক সমাদৃত ভ্রমণকাহিনী ‘ছবির দেশে কবিতার দেশে’ কিংবা আত্মজীবনীমূলক ‘অর্ধেক জীবন বই’তে সাহিত্যগুণে তুলে ধরেছিলেন নিজেরই জীবনের গল্প। ২০১২ সালে মৃত্যুর আগ পর্যন্ত চার দশকে তিনি পরিচিত ছিলেন জীবনানন্দ পরবর্তী পর্যায়ের অন্যতম প্রধান কবি এবং বাংলা সাহিত্যের অন্যতম পুরোধা ব্যক্তিত্ব হিসেবে।'),
(18, 'তামিম শাহরিয়ার সুবিন', 'Tamim Shahriar Subeen', '18.jpg', '১৯৮২ সালের ৭ নভেম্বর ময়মনসিংহে জন্ম নেওয়া তামিম শাহরিয়ার সুবিন পেশায় একজন সফটওয়্যার ইঞ্জিনিয়ার। তার শিক্ষাজীবন শুরু হয় হোমনা সরকারি প্রাথমিক বিদ্যালয়ে। অতঃপর এ কে উচ্চ বিদ্যালয় ও নটরডেম কলেজে পড়া শেষে শাহজালাল বিজ্ঞান ও প্রযুক্তি বিশ্ববিদ্যালয়ে কম্পিউটার সায়েন্স এন্ড ইঞ্জিনিয়ারিং বিষয়ে পড়াশোনে শেষ করেন। সরকারি কর্মকর্তার ঘরে জন্ম নেওয়া সুবিনের প্রধান আকর্ষণ প্রোগ্রামিংকে ঘিরে। তিনি প্রোগ্রামিং বিষয়ক প্রায় পাঁচশোটি সমস্যা বিশ্ববিদ্যালয়ে থাকাকালে সমাধান করেছেন। নানা ভাষায় কোডিং করতে পারলেও তার পছন্দের প্রোগ্রামিং ভাষা পাইথন। তবে তার শখ লেখালিখি এবং ভ্রমণ। শখ এবং আগ্রহের বস্তুকে এক বিন্দুতে মিলিয়ে সুবিন লিখে ফেলেছেন বেশ কয়েকটি বই। তামিম শাহরিয়ার সুবিন এর বই সমূহ’র বিষয়বস্তু হলো কম্পিউটার প্রোগ্রামিং, যার বেশিরভাগ বাংলা ভাষায় লিখিত। কীভাবে বাংলা ভাষাভাষী মানুষের কম্পিউটার প্রোগ্রামিং বিষয়ে জড়তা দূর করা যায় সে ভাবনা থেকেই তিনি বাংলায় প্রোগ্রামিং বিষয়ক বই লেখা শুরু করেন। সহজ, সাবলীল ভাষায় লেখা বলে তামিম শাহরিয়ার সুবিন এর বই পাঠকের আত্মস্থ করতে বেগ পেতে হয় না। তামীম শাহরিয়ার সুবিন এর বই সমগ্র এর মাঝে তাই দেখতে পাওয়া যায় প্রোগ্রামিং গাইডলাইন, পাইথন দিয়ে প্রোগ্রামিং ও গণিতের মতো খটমটে বিষয়ের উপস্থিতি। তিনি বাংলাদেশে থাকাকালে মুক্ত সফটওয়্যার লিমিটেড ও দ্বিমিক কম্পিউটিং নামক দুটি প্রতিষ্ঠান গড়ে তোলেন। বাংলাদেশ গণিত অলিম্পিয়াডের একজন একাডেমিক কাউন্সিলর হিসেবেও নিয়োজিত রয়েছেন। বর্তমানে তিনি সপরিবারে সিঙ্গাপুরে বসবাস করছেন।'),
(19, 'সুমন্ত আসলাম', 'Sumanto Aslam', '19.jpg', 'বর্তমান সময়ের তরুণ বাংলাদেশী লেখকদের তালিকা তৈরি করতে গেলে অনায়েসেই প্রথম সারিতে জায়গা করে নেবেন কথাসাহিত্যিক সুমন্ত আসলাম। তাঁর জন্ম সিরাজগঞ্জ জেলায়, মা রওশনারা পারুল ও বাবা মরহুম সোহরাব আলী তালুকদার। স্ত্রী ফারজানা ঊর্মি আর মেয়ে সুমর্মীকে নিয়ে গড়ে উঠেছে এই লেখকের সংসার। সিরাজগঞ্জে বাড়ির পারিবারিক লাইব্রেরিতেই বই পড়ার হাতেখড়ি তার। সেই সূত্রে ছোটবেলা থেকেই বই পড়ার অভ্যাস গড়ে উঠলেও লেখালেখির শুরু ঢাকায় আসার পরে। ছোটগল্পের বই ‘স্বপ্নবেড়ি’ তাঁর প্রকাশিত প্রথম বই, যা প্রকাশনায় ছিল ‘সময় প্রকাশন’। লেখালেখির পাশাপাশি বর্তমানে তিনি কাজ করছেন সুবিধাবঞ্চিত শিশুদের শিক্ষিত করে তুলতে, চাইল্ড ড্রিম সোসাইটি নামের একটি সংগঠনে। এছাড়াও জড়িয়ে আছেন সাংবাদিকতা পেশার সাথে। পাঠক জনপ্রিয়তার দিক থেকে বিবেচনা করতে গেলে সুমন্ত আসলামের সেরা বই হিসেবে নাম উঠে আসবে ‘হয়তো কেউ এসেছিল’, ‘জানি না কখন’ বা ‘কে তুমি’ অথবা ‘যদি কখনো’ এর মতো জনপ্রিয় সব বই এর নাম । এছাড়াও ‘নীল এই যে আমি!’, ‘আমি আছি কাছাকাছি’, ‘অ্যালিয়ান’, ‘জানালার ওপাশে’, ‘রোল নাম্বার শূন্য’, ‘বীভৎস’, ‘কেউ একজন আসবে বলে’, ‘জিনিয়াস জিনিয়ান’, ‘কোনো কোনো একলা রাত এমন’, ‘তবুও তোমায় আমি’, ‘অনুভব’, ‘মিস্টার ৪২০’, ‘স্পর্শের বাইরে’, ‘ভালো থেকো ভালোবেসে’, ‘ডাঁটি ভাঙা চশমা রাফিদ’, ‘অযান্ত্রিক’, ‘জ্যোৎস্না নিমন্ত্রণ’, ‘প্রিয়ব্রতর ব্যক্তিগত পাপ’, ‘জ্যোৎস্না বিলাস’, ‘মহাকিপ্পন’, ‘তপুর চালাকি’, ‘আশ্চর্য তুমিও!’, ‘হাফ সার্কেল’, ‘কঞ্জুস’, ‘মাঝরাতে সে যখন একা’, ‘আই এম গুড ডু’, ‘আই সে দ্য সান’, ‘তুমি ছুঁয়ে যাও বৃষ্টি তবু’সহ আরো অনেক বই রয়েছে লেখক সুমন্ত আসলাম এর বই সমগ্র এর তালিকায়। এছাড়াও সিরিজ আকারে লিখেছেন ‘বাউন্ডুলে’ ও ‘পাঁচ গোয়েন্দা’র মতো জনপ্রিয় কিছু বই। বর্তমানে তরুণ প্রজন্মের কাছে, এমনকি একুশে বই মেলাতেও সুমন্ত আসলাম এর বই সমূহ এর ব্যাপক চাহিদা লক্ষ্য করা যায়। ভাষাগত সারল্য ও সাবলীলতা তাঁর জনপ্রিয়তার অন্যতম বড় কারণ। মানুষকে কেন্দ্র করে তাকে আবর্তিত করে যা যা আছে তা-ই মূলত তার লেখার বিষয়বস্তু।'),
(20, 'সাদাত হোসাইন', 'Sadat Hossain', '20.jpg', 'স্নাতকোত্তর, নৃবিজ্ঞান, জাহাঙ্গীরনগর বিশ্ববিদ্যালয়। সাদাত হোসাইন নিজেকে বলেন গল্পের মানুষ। তাঁর কাছে চারপাশের জীবন ও জগত, মন ও মানুষ সকলই গল্প। তিনি মনে করেন, সিনেমা থেকে পেইন্টিং, আলোকচিত্র থেকে ভাস্কর্য, গান থেকে কবিতা- উপন্যাস-নাটক, সৃজনশীল এই প্রতিটি মাধ্যমই মূলত গল্প বলে। গল্প বলার সেই আগ্রহ থেকেই একের পর এক লিখেছেন- আরশিনগর, অন্দরমহল, মানবজনম, নিঃসঙ্গ নক্ষত্র, নির্বাসন, ছদ্মবেশ, মেঘেদের দিন ও অর্ধবৃত্তের মতো তুমুল জনপ্রিয় উপন্যাস। ‘কাজল চোখের মেয়ে’, তোমাকে দেখার অসুখ\'সহ দারুণ সব পাঠকপ্রিয় কবিতার বই। স্বল্পদৈর্ঘ্য চলচ্চিত্র বোধ, দ্য শুজ, প্রযত্নের পাশাপাশি\' নির্মাণ করেছেন \'গহীনের গান\' এর মতো ব্যতিক্রমধর্মী পূর্ণদৈর্ঘ্য চলচ্চিত্রও। জিতেছেন জুনিয়র চেম্বার ইন্টারন্যাশনাল অ্যাওয়ার্ড, বাংলাদেশ শিল্পকলা একাডেমির শ্রেষ্ঠ স্বল্পদৈর্ঘ্য চলচ্চিত্রকার পুরস্কার, এসবিএসপি-আরপি ফাউন্ডেশন সাহিত্য পুরস্কার, পশ্চমিবঙ্গের চোখ সাহত্যি পুরস্কার, শুভজন সাহিত্য সম্মাননা ও এক্সিম ব্যাংক- অন্যদিন হুমায়ূন আহমদে সাহিত্য পুরস্কার ২০১৯। তাঁর জন্ম ১৯৮৪ সালের ২১ মে, মাদারীপুর জেলার, কালকিনি থানার কয়ারিয়া গ্রামে।'),
(21, 'শীর্ষেন্দু মুখোপাধ্যায়', 'Shirshendu Mukhopadhyay', '21.webp', 'পশ্চিমবঙ্গের জনপ্রিয় কথাসাহিত্যিক শীর্ষেন্দু মুখোপাধ্যায় ১৯৩৫ সালের ২রা নভেম্বর বাংলাদেশের ময়মনসিংহ জেলায় জন্মগ্রহণ করেন। ১৯৪৭ সালে দেশভাগের টালমাটাল সময়ে পরিবারসমেত কলকাতা পাড়ি জমান। বাবার চাকরির সুবাদে পশ্চিমবঙ্গের বিভিন্ন জেলায় শৈশব কেটেছে তার। কোচবিহার বোর্ডিং স্কুলে প্রাথমিক শিক্ষা অর্জন করেন তিনি। মাধ্যমিক পাস করেন কোচবিহার ভিক্টোরিয়া কলেজ থেকে। পরে কলকাতা কলেজ থেকে বিএ এবং কলকাতা বিশ্ববিদ্যালয় থেকে বাংলায় স্নাতকোত্তর সম্পন্ন করেন। শীর্ষেন্দু তার পেশাজীবন শুরু করেন শিক্ষকতার মাধ্যমে। দৈনিক আনন্দবাজার পত্রিকায় সাংবাদিকতাও করেছেন কিছুদিন। বর্তমানে সাহিত্য পত্রিকা দেশ-এর সহকারী সম্পাদক পদে নিয়োজিত আছেন। শীর্ষেন্দু মুখোপাধ্যায় ছোটবেলা থেকেই ভীষণ বইপড়ুয়া ছিলেন। হাতের কাছে যা পেতেন তা-ই পড়তেন। খুব ছোটবেলাতেই তিনি রবীন্দ্রনাথ ঠাকুর, মানিক বন্দোপাধ্যায়, শরৎচন্দ্র চট্টোপাধ্যায়, তারাশংকর বন্দোপাধ্যায় এর মতো লেখকদের রচনাবলী পড়ে শেষ করেছেন। এই পড়ার অভ্যাসই তার লেখক সত্ত্বাকে জাগিয়ে তোলে। ১৯৫৯ সালে দেশ পত্রিকায় তার প্রথম গল্প ‘জলতরঙ্গ’ প্রকাশিত হয়। দীর্ঘ ৭ বছর পর দেশ পত্রিকাতেই প্রকাশিত হয় তার প্রথম উপন্যাস ‘ঘুণপোকা’। এরপর থেকেই নিয়মিত লিখতে থাকেন তিনি। শীর্ষেন্দু মুখোপাধ্যায় এর বই এর সংখ্যা দু’শতাধিক। তাঁর উল্লেখযোগ্য উপন্যাস পার্থিব, দূরবীন, মানবজমিন, গয়নার বাক্স, যাও পাখি, পারাপার ইত্যাদি। শীর্ষেন্দু মুখোপাধ্যায় এর রহস্য সমগ্র রহস্যপ্রেমীদের কাছে ব্যাপক জনপ্রিয়তা পেয়েছে। প্রায় ৪০ এর অধিক রহস্য গল্প প্রকাশিত হয়েছে ‘অদ্ভুতুরে সিরিজ’ নামকরণে। মনোজদের অদ্ভুত বাড়ি, ভুতুড়ে ঘড়ি, হেতমগড়ের গুপ্তধন, নন্দীবাড়ির শাঁখ, ছায়াময় ইত্যাদি এই সিরিজের অন্তর্ভুক্ত। এছাড়াও তিনি বেশ কিছু ছোটগল্প রচনা করেছেন। শীর্ষেন্দু মুখোপাধ্যায় এর বই সমূহ দুই বাংলায় পাঠকপ্রিয়তা পেয়েছে সমানতালে। এছাড়াও শীর্ষেন্দু মুখোপাধ্যায় এর বই সমগ্র অবলম্বনে বিভিন্ন সময় চলচ্চিত্র নির্মিত হয়েছে। তার উপন্যাস ‘যাও পাখি’ এবং ‘মানবজমিন’ নিয়ে বাংলাদেশেও ধারাবাহিক নাটক নির্মিত হয়েছে। তার সৃষ্ট চরিত্র শাবর দাশগুপ্ত এবং ধ্রুব পাঠক হৃদয়ে জায়গা করে নিয়েছে। সাহিত্যে অবদানের জন্য অনেক পুরস্কার পেয়েছেন তিনি। শিশু-কিশোরদের জন্য লেখা উপন্যাস ‘মনোজদের অদ্ভুত বাড়ি’র জন্য ১৯৮৫ সালে ‘বিদ্যাসাগর পুরস্কার’ পান। ১৯৭৩ এবং ১৯৯০ সালে পেয়েছেন ‘আনন্দ পুরস্কার\'। ১৯৮৮ সালে ‘মানবজমিন’ উপন্যাসের জন্য অর্জন করেন ‘সাহিত্য আকাদেমি পুরস্কার’। এছাড়াও, ২০১২ সালে পশ্চিমবঙ্গ সরকার প্রদত্ত সম্মান ‘বঙ্গবিভূষণ’ লাভ করেন তিনি।'),
(22, 'ইমদাদুল হক মিলন', 'IMDADUL HAQ MILON', '22.jpg', '১৯৫৫ সালের ৮ সেপ্টেম্বর বিক্রমপুরের মেদিনীমণ্ডল গ্রামে প্রখ্যাত কথাসাহিত্যিক ইমদাদুল হক মিলনের জন্ম। লেখনীশক্তির পাশাপাশি তার রয়েছে নাট্যরচনায় পারদর্শিতা। বর্তমানে বাংলাদেশের মূলধারার সংবাদপত্র ‘কালের কন্ঠ’-এর সম্পাদক পদেও নিয়োজিত রয়েছেন তিনি। শিশুতোষ গল্প দিয়ে সাহিত্য অঙ্গনে এ গুণী লেখকের প্রবেশ, যা প্রকাশিত হয়েছিলো ‘কিশোর বাংলা’ নামক এক পত্রিকায়। তবে পাঠকের নজরে পড়েছিলেন ‘সজনী’ নামের ছোট গল্প লিখে। খুব অল্প বয়সে তিনি লেখালেখিকে পেশা হিসেবে বেছে নিয়েছিলেন। ফলে তার লেখার বিষয়বস্তুতে কোনো জটিল সমীকরণের দেখা মিলতো না, পাঠককে বিমল আনন্দ দেয়ার উদ্দেশ্যে প্রথমদিকে তিনি ভাবগাম্ভীর্যপূর্ণ বিষয়গুলোকে পরিহার করেছিলেন। তবে পরবর্তীতে ইমদাদুল হক মিলন এর বই সমূহ-তে মুক্তিযুদ্ধ, হাজাম সম্প্রদায়ের জীবন, প্রবাসী শ্রমিকদের দুঃখগাথা, পাটচাষী, গ্রাম বাংলার সমাজের এক নিখুঁত চিত্রও ফুটে উঠতে দেখা যায়। এ প্রসঙ্গে লেখকের বক্তব্য, তিনি নিজেই লেখার এরকম বিপরীতধর্মী দুটি ধরন আপন করে নিয়েছেন, আর এক্ষেত্রে তার অণুপ্রেরণা ছিলেন সমরেশ বসু। ইমদাদুল হক মিলন এর বই সমগ্র-তে স্থান পেয়েছে প্রায় দেড় শতাধিক নাটক এবং প্রায় দু’শো উপন্যাস। শিশুতোষ গল্প এবং ভৌতিক উপন্যাস রচনাতেও তার জুড়ি নেই। এই বৈচিত্র্যপূর্ণ সৃষ্টিশীলতার কারণে বাংলা উপন্যাস ইমদাদুল হক মিলন এর কাছে কৃতজ্ঞ। শুধু বাংলাদেশ না, পশ্চিমবঙ্গেও তার সমান জনপ্রিয়তা রয়েছে। দুই বাংলায় আলোড়ন সৃষ্টিকারী তার বহুল পঠিত উপন্যাস হলো ‘নূরজাহান’। এছাড়াও ইমদাদুল হক মিলন এর উপন্যাস সমগ্র বিভিন্ন পাঠকপ্রিয় উপন্যাসে ঠাসা। তাঁর কিছু উল্লেখযোগ্য উপন্যাস হলো ‘জিন্দাবাহার’, ‘নিঝুম নিশিরাতে’, ‘যাবজ্জীবন’, ‘কালাকাল’, ‘কালো ঘোড়া’, ‘ভূমিপুত্র’, ‘পরাধীনতা’, ‘কে’, ‘তাহারা’, ‘ভূতের নাম রমাকান্ত কামার’ ইত্যাদি। দেশি-বিদেশি নানা সম্মানজনক পুরস্কারের পাশাপাশি ২০১৯ সালে তিনি একুশে পদক পান।'),
(23, 'আহমদ ছফা', 'AHMED SOFA', '23.jpg', 'বাঙালি মুসলিম লেখকদের মধ্যে অন্যতম কীর্তিমান কথাসাহিত্যিক আহমদ ছফা একাধারে ছিলেন কবি, ঔপন্যাসিক, সাংবাদিক, গণবুদ্ধিজীবী ও চিন্তাবিদ। বাবা-মায়ের দ্বিতীয় সন্তান আহমদ ছফা জন্মগ্রহণ করেন ১৯৪৩ সালের ৩০ জুন, চট্টগ্রামের চন্দনাইশ উপজেলার গাছবাড়িয়া গ্রামে। নিজ এলাকায় তাঁর শিক্ষাজীবন শুরু হয়, এবং ১৯৫৭ সালে তিনি ম্যাট্রিকুলেশন পাশ করেন। ছাত্রাবস্থায় তিনি কমিউনিস্ট পার্টির সাথে যুক্ত হন এবং মাস্টারদা সূর্যসেনের আদর্শে অনুপ্রাণিত ছিলেন। পরবর্তীতে ঢাকা বিশ্ববিদ্যালয়ে বাংলা বিভাগে ভর্তি হলেও সেখানে পড়ালেখা শেষ করেননি, এবং জাতীয় অধ্যাপক আব্দুর রাজ্জাকের অধীনে পিএইচডি শুরু করলেও তা আর শেষ করা হয়ে ওঠেনি। আহমদ ছফা এর বই সমূহ বাংলাদেশের স্বাধীনতা পরবর্তী সময়ে পাঠকদের মধ্যে বেশ আলোড়ন সৃষ্টি করে। স্বাধীন বাংলাদেশের প্রথম বই হিসেবে প্রকাশিত হয় তাঁর লেখা প্রবন্ধগ্রন্থ ‘বুদ্ধিবৃত্তির নতুন বিন্যাস’। আহমদ ছফা এর বই সমূহের মাঝে \'ওঙ্কার\', \'অর্ধেক নারী অর্ধেক ঈশ্বরী\', \'বাঙালি মুসলমানের মন\', যদ্যপি আমার গুরু\', \'গাভী বিত্তান্ত\' প্রভৃতি উল্লেখযোগ্য। তাঁর আরেকটি উল্লেখযোগ্য কীর্তি হলো জার্মান সাহিত্যিক গ্যাটের অমর সাহিত্যকর্ম \'ফাউস্ট\' বাংলায় অনুবাদ করা। আহমদ ছফা এর বই সমগ্র একত্রিত করে রচনাবলি আকারে ৯টি খন্ডে প্রকাশিত হয়েছে। প্রতিষ্ঠানবিরোধী এই সাহিত্যিক \'লেখক শিবির পুরস্কার\' ও বাংলা একাডেমির ‘সাদত আলী আখন্দ পুরস্কার’ পেলেও সেগুলো গ্রহণ করেননি। এই পাঠকনন্দিত সাহিত্যিক ২০০১ সালের ২৮ জুলাই ৫৮ বছর বয়সে মৃত্যুবরণ করেন। সাহিত্যে অবদানের জন্য তিনি ২০০২ সালে বাংলাদেশ সরকার কর্তৃক মরণোত্তর \'একুশে পদকে\' ভূষিত হন।'),
(24, 'পাওলো কোয়েলহো', 'Paulo Coelho', '24.jpg', 'ব্রাজিলিয়ান ঔপন্যাসিক পাওলো কোয়েলহো ডি’সুজা ১৯৪৭ সালের ২৪ আগস্ট দেশটির রাজধানী রিও ডি জেনেরিওতে জন্মগ্রহণ করেন। একই শহরে তার শিক্ষাজীবনের শুরু এবং বেড়ে ওঠা। আইন বিষয়ে কিছুদিন পড়াশোনার পর ভ্রমণের নেশায় তা আর শেষ করতে পারেননি। ঐ সময়টা ভবঘুরের ন্যায় ঘুরে বেড়িয়েছেন মেক্সিকো, উত্তর আফ্রিকা, দক্ষিণ আমেরিকা, চিলিসহ ইউরোপের বিভিন্ন অঞ্চলে। এর পরপরই ছোটবেলার স্বপ্ন বই লেখাকে বাস্তবে রূপ দেন। ১৯৮২ সালে ‘হেল আর্কাইভস’ নামক বই দ্বারা সাহিত্য অঙ্গনে প্রবেশ করেন। তবে এই প্রবেশ আকর্ষণীয় ছিলো না। এমনকি দ্বিতীয় প্রকাশিত বই ‘প্রাক্টিক্যাল ম্যানুয়েল অব ভ্যাম্পায়ারিজম’ তার নিজেরই অপছন্দের তালিকায় ছিলো। ১৯৮৭ সালে ‘পিলগ্রিমেজ’ এর পর ১৯৮৮ সালে প্রকাশ পায় তার আরেক বই ‘দ্য আলকেমিস্ট’। পাওলো কোয়েলহো এর বই হিসেবে ‘দ্য আলকেমিস্ট’ বইটিই মূলত কোয়েলহোর লেখক-জীবনের মোড় ঘুরিয়ে দেয়। তবে ‘৮৭ সালে বইটি প্রকাশিত হয়েছিলো ব্রাজিলের একটি ছোট প্রকাশনা সংস্থা থেকে, যারা ন’শোর বেশি কপি ছাপাতে নারাজ ছিলো। ১৯৯৩ সালে একই বই আমেরিকার বিখ্যাত প্রকাশনী হারপার কলিন্স থেকে প্রকাশিত হলে পাঠক মহলে হুলুস্থুল পড়ে যায়। বইটি এখন পর্যন্ত মোট ৮০টি ভাষায় অনূদিত হয়েছে, যা পাওলো কোয়েলহো এর বই সমূহ এর মাঝে অনন্য। কোয়েলহোর কাহিনীগুলোর বিশেষত্ব হলো তার কল্পনাশক্তির জাদুকরী মোহ। কোনো সরল গল্প দ্বারা তিনি গভীর জীবন দর্শনবোধ পাঠকদের মাঝে সঞ্চালন করতে চান, এবং সফলতার সাথে করেও এসেছেন। পাওলো কোয়েলহো এর বই সমগ্র-তে স্থান পাওয়া উপন্যাসগুলোর মাঝে ‘দ্য আলকেমিস্ট’, ‘ব্রিদা’, ‘দ্য ডেভিল এন্ড মিস প্রাইম’, ‘দ্য জহির’, ‘দ্য ভ্যালকাইরিস’ উল্লেখযোগ্য। এছাড়াও ‘দ্য মাডি রোড’, ‘দ্য রং গিফট’, ‘দ্য জায়ান্ট ট্রি’, ‘দ্য ফিশ হু সেভড মাই লাইফ’, ‘আই উড র‍্যাদার বি ইন হেল’, ‘রিবিল্ডিং দ্য ওয়ার্ল্ড’ এর মতো ছোটগল্পগুলোতেও দর্শনের প্রমাণ মেলে, যা পাঠকদের গভীরভাবে ভাবতে শেখায়। পাওলো কোয়েলহোর আরেক পরিচয় তিনি গীতিকার। বেশ কিছু জনপ্রিয় ব্রাজিলীয় গানের জনক তিনি।'),
(25, 'মানিক বন্দ্যোপাধ্যায়', 'Manik Bandopadhyay', '25.jpg', 'শ্রমজীবী মানুষের সংগ্রাম, মধ্যবিত্ত সমাজের কৃত্রিমতা, নিয়তিবাদ ইত্যাদি বিষয়কে লেখার মধ্যে তুলে এনে বাংলা সাহিত্যে যিনি অমর হয়েছেন, তিনি হলেন প্রখ্যাত ভারতীয় বাঙালি কথাসাহিত্যিক মানিক বন্দ্যোপাধ্যায়। খ্যাতিমান এই সাহিত্যিক ১৯০৮ সালের ১৯ মে বিহারের সাঁওতাল পরগনায় জন্মগ্রহণ করেন। তাঁর প্রকৃত নাম প্রবোধকুমার বন্দ্যোপাধ্যায়, আর মানিক ছিলো তাঁর ডাকনাম। বাবার বদলির চাকরিসূত্রে তাঁর শৈশব, কৈশোর ও ছাত্রজীবন কেটেছে বাংলাদেশ ও ভারতের বিভিন্ন অঞ্চলে, যার ফলে বিভিন্ন অঞ্চলের পটভূমিতে বিভিন্ন সাহিত্য রচনা করেছেন তিনি। প্রবেশিকা ও আইএসসি পরীক্ষায় উত্তীর্ণ হবার পর মানিক বন্দ্যোপাধ্যায় গণিত বিষয়ে অনার্স করতে কলকাতা প্রেসিডেন্সি কলেজে ভর্তি হন। এখানে পড়াশোনাকালে বন্ধুদের সাথে বাজি ধরে তিনি \'অতসী মামী\' গল্পটি লেখেন। সেই গল্পটি বিখ্যাত \'বিচিত্রা\' পত্রিকায় ছাপানো হলে তা পাঠকনন্দিত হয় এবং তিনি সাহিত্যাঙ্গনে পরিচিত হয়ে ওঠেন। এরই ধারাবাহিকতায় তিনি সাহিত্য রচনায় পুরোপুরি মনোনিবেশ করেন, যার ফলে তাঁর পড়াশোনা ক্ষতিগ্রস্ত হয়, এবং তিনি আর পড়াশোনা শেষ করতে পারেননি। তাঁর হাতে বাংলা সাহিত্যে এক বৈপ্লবিক ধারা সূচিত হয় ঐ সময়ে, যখন সারা পৃথিবী জুড়ে মানবিক বিপর্যয়ের এক চরম সংকটময় মুহূর্ত চলছে। কমিউনিজমের দিকে ঝুঁকে যাওয়ায় তাঁর লেখায় একসময় এর ছাপ পড়ে এবং মার্ক্সীয় শ্রেণীসংগ্রাম তত্ত্ব দ্বারা গভীরভাবে প্রভাবিত হয় মানিক বন্দ্যোপাধ্যায় এর বই সমগ্র। ফ্রয়েডীয় মনোসমীক্ষণেরও প্রভাব লক্ষ্য করা যায় মানিক বন্দ্যোপাধ্যায় রচনাসমগ্র-তে। মানিক বন্দ্যোপাধ্যায় এর বই সমূহ এর মধ্যে \'পদ্মানদীর মাঝি\', \'দিবারাত্রির কাব্য\', \'পুতুলনাচের ইতিকথা\', \'শহরতলি\', \'চতুষ্কোণ\', \'শহরবাসের ইতিকথা\' ইত্যাদি বিখ্যাত উপন্যাস, এবং \'আত্মহত্যার অধিকার\', \'হারানের নাতজামাই\', \'বৌ\', \'প্রাগৈতিহাসিক\', \'সমুদ্রের স্বাদ\', \'আজ কাল পরশুর গল্প\' ইত্যাদি গল্পগ্রন্থ বিশেষভাবে উল্লেখযোগ্য। মানিক বন্দ্যোপাধ্যায়ের কবিতা রচনার কিছু নিদর্শন থাকলেও সেগুলো তেমন উল্লেখযোগ্যতা অর্জন করেনি। অসামান্য এই কথাসাহিত্যিক মাত্র ৪৮ বছর বয়সে ১৯৫৬ সালের ৩ ডিসেম্বর মৃত্যুবরণ করেন।'),
(26, 'ড্যান ব্রাউন', 'Dan Brown', '26.jpg', 'মার্কিন থ্রিলার লেখক ড্যানিয়েল গেরহার্ড ব্রাউনের জন্ম ১৯৬৪ সালের ২২ জুন। ড্যান ব্রাউন নামেই বিখ্যাত এই লেখকের জন্মস্থান যুক্তরাষ্ট্রের নিউ হ্যাম্পশায়ারের এক্সিটারে। তাঁর বাবা বিখ্যাত গণিত শিক্ষক রিচার্ড জি. ব্রাউন ফিলিপস এক্সিটার একাডেমিতে পড়াতেন। এই সূত্রে ড্যান এই একাডেমি থেকেই গ্রাজুয়েশন সম্পন্ন করেন। এরপর আমহার্স্ট কলেজ থেকে স্নাতক শেষ করেন তিনি। ছোটবেলায় সংগীতের প্রতি ঝোঁক থাকায় ১৯৮৬ সালে পেশাদার সংগীতশিল্পী হিসেবে আত্মপ্রকাশ করেন। তবে উল্লেখযোগ্য সাফল্য অর্জনে ব্যর্থ হন। ১৯৯৪ সালে সিডনি শেলডন এর লেখনী থেকে অনুপ্রাণিত হয়ে ড্যান লেখালেখির জগতে প্রবেশ করেন। উপন্যাস হিসেবে ড্যান ব্রাউন এর বই \'ডিজিটাল ফোরট্রেস\' প্রকাশিত হয় ১৯৯৬ সালে, সেটাই ছিল তাঁর প্রথম লেখা। পাঠক বইটি সাদরে গ্রহণ করায় আর পিছে ফিরে তাকাতে হয়নি তাকে। ২০০৩ সালে প্রকাশিত \'দ্য ভিঞ্চি কোড\' বিশ্বজুড়ে তাঁকে জনপ্রিয়তার শীর্ষে নিয়ে যায়। ক্রিপ্টোগ্রাফি বা সাংকেতিক চিহ্নের রহস্যময়তা, কী, কোড এবং ষড়যন্ত্র তত্ত্বগুলোর সন্নিবেশ তাঁর রচনাগুলোকে করেছে আরো আকর্ষণীয়। রবার্ট ল্যাংডনের চরিত্রটিকে কেন্দ্রে রেখে তিনি দুঃসাহসিক সব অভিযানের রূপায়ণ করেছেন তাঁর লেখায়। ড্যান ব্রাউন এর বই সমূহ বিশ্বজোড়া থ্রিলার পাঠকদের জন্য যেন সোনার খনি। তাঁর রচনায় বুঁদ হয়ে থাকা পাঠকেরা সাংকেতিক রহস্যময়তার জন্য ড্যান এর রচনার সমাদর করেন। পাঠকনন্দিত ড্যান ব্রাউন এর বই সমগ্র হলো \'ডিসেপশন পয়েন্ট\', \'এঞ্জেলস এন্ড ডেমনস\', \'দ্য লস্ট সিম্বল\', \' ইনফার্নো\' ও \'অরিজিন\'। তাঁর লেখা বই বিশ্বের ৫২টিরও বেশি ভাষায় অনূদিত হয়েছে এবং বিক্রি হয়েছে ২০০ মিলিয়নেরও বেশি কপি। এছাড়াও \'এঞ্জেলস এন্ড ডেমন্স\', \'দ্য ভিঞ্চি কোড\', এবং \'ইনফার্নো\' পেয়েছে চলচ্চিত্র রূপ। যদিও তাঁর রচনা নিয়ে ধর্মতত্ত্ববিদেরা বিতর্কের জন্ম দিয়েছেন, তবে ড্যান তাঁর রচনাকে ধর্মের রহস্যময়তার নতুন এক দিক হিসেবেই বর্ণনা করেছেন।'),
(27, 'জে. কে. রাওলিং', 'J.K.Rowling', '27.webp', 'জনপ্রিয় ‘হ্যারি পটার’ সিরিজের লেখিকা জোয়ান রাওলিং, যিনি জে. কে. রাওলিং হিসেবে অধিক পরিচিত, জন্মগ্রহণ করেন ইংল্যান্ডের গ্লুস্টারশায়ারের ইয়েট শহরে, ১৯৬৫ সালের ৩১ জুলাই। ছোটবেলা থেকেই তার গল্পের বইয়ের নেশা, আর নতুন নতুন গল্প লিখতেও ভালোবাসতেন তিনি। ছোট বোনকে নিজের বানানো গল্প শোনাতে শোনাতে তার মনে বড় লেখিকা হওয়ার স্বপ্ন তৈরি হতে থাকে। গ্রাম্য পরিবেশেই তার শৈশব কাটে। এক্সিটার ইউনিভার্সিটি থেকে পড়ালেখা শেষে তিনি ইংরেজি শিক্ষক হিসেবে কর্মজীবনে প্রবেশ করেন, তবে এজন্য তাকে পর্তুগাল যেতে হয়েছিলো। পরবর্তীতে পর্তুগাল থেকে যখন তিনি এডিনবার্গ আসেন, তখন তিনি এক সন্তানের জননী, সিঙ্গেল মাদার। এডিনবার্গে এসেই তিনি অর্থাভাবে পড়েন। মূলত অর্থের সন্ধানেই তাকে হাতে কলম ধরতে হয়েছিলো, এর ফসল বিশ্ববিখ্যাত কল্পকাহিনী ‘হ্যারি পটার’। একজন এতিম সহজ-সরল বালক কী করে নিজের ভেতর জাদুর অস্তিত্ব খুঁজে পেলো এবং পর্যায়ক্রমে তার জীবনে ঘটে যাওয়া অদ্ভুত কল্পনাতীত কাহিনী রচনা করেই জোয়ান রাওলিং হয়ে উঠলেন আজকের সাহিত্যজগতের সবচেয়ে পরিচিত নাম ‘জে. কে. রাওলিং’। ব্যবসাসফল এই সিরিজটি তার ভাগ্য ফিরিয়ে আনার সাথে সাথে বিভিন্ন বয়সী বইপোকাকে জাদুকরী রূপকথার ঐ জগতে বিচরণ করতে বাধ্য করেছিলো। জে. কে. রাওলিং এর বই সমগ্র এর মাঝে হ্যারি পটার সিরিজের বই রয়েছে মোট ৭টি। এই ৭টি বই বিশ্বব্যাপী বেস্টসেলারের তকমা অর্জন করেছে এবং ৪৫ কোটি কপিরও বেশি বিক্রি হয়েছে এখন পর্যন্ত। জে. কে. রাওলিং এর বই সমূহ এর মাঝে রয়েছে ‘হ্যারি পটার অ্যান্ড দ্য ফিলোসফারস্ স্টোন’, ‘হ্যারি পটার অ্যান্ড দ্য চেম্বার অব সিক্রেটস’, ‘হ্যারি পটার অ্যান্ড দ্য প্রিজনার অব আজকাবান’, ‘হ্যারি পটার অ্যান্ড দ্য গবলেট অব ফায়ার’, ‘হ্যারি পটার অ্যান্ড দ্য অর্ডার অব দ্য ফনিক্স’, ‘হ্যারি পটার অ্যান্ড দ্য হাফ-ব্লাড প্রিন্স’, ‘হ্যারি পটার অ্যান্ড দ্য ডেথলি হ্যালোস’, ‘দ্য ক্যাজুয়্যাল ভ্যাকেন্সি’, ‘কুক্কুস কলিং’, ‘দ্য সিল্কওয়ার্ম’, ‘ক্যারিয়ার অফ ইভিল’, ‘লিথাল হোয়াইট’ ইত্যাদি। এছাড়াও জ্যাক থর্নে ও জন টিফানির সাথে মিলে লিখেছেন মঞ্চনাটক ‘হ্যারি পটার অ্যান্ড দ্য কার্সড চাইল্ড’। ইংরেজি ভাষার পাশাপাশি জে. কে. রাওলিং এর অনুবাদ বই সমানভাবে জনপ্রিয়। এই বিলিওনিয়ার লেখিকা বিভিন্ন দাতব্য সংস্থায় অনুদান দেওয়ার মাধ্যমেও সমাজে ভূমিকা রেখে চলেছেন।'),
(28, 'চেতন ভগত', 'Chetan Bhagat', '28.webp', 'চেতন ভগতের বই ‘হাফ গার্লফ্রেন্ড’ এর কথা কে না শুনেছে? তুমুল জনপ্রিয় এ উপন্যাস অবলম্বনে সম্প্রতি বলিউডে একটি সিনেমাও নির্মিত হয়েছে। এই একটি বইয়ের নাম থেকেই উপলব্ধি করা যায় চেতন ভগতের লেখা বইসমূহ কতটা পাঠকপ্রিয়। তবে তার লেখা অবলম্বনে সিনেমা নির্মাণ এটিই প্রথম নয়। ২০১৪ সালে মুক্তি পাওয়া বলিউড সিনেমা ‘টু স্টেটস’ও তারই লেখা ‘টু স্টেটস: দ্য স্টোরি অব মাই ম্যারেজ’ বই অবলম্বনে নির্মিত হয়েছিল। অন্যদিকে, ২০১৩ সালে মুক্তিপ্রাপ্ত ‘কাই পো চে’ সিনেমাটি নির্মিত হয়েছিল তার ‘দ্য থ্রি মিস্টেকস অব মাই লাইফ’ বই অবলম্বনে। তবে, তার লেখা ‘ফাইভ পয়েন্ট সামওয়ান- হোয়াট নট টু ডো অ্যাট আইআইটি’ বই অবলম্বনে নির্মিত চলচিত্র ‘থ্রি ইডিয়টস’ তো বলিউড ইতিহাসেই অন্যতম সেরা সিনেমার আসন পেয়েছে। চেতন ভগত এর বই সমূহ কতটা সুখপাঠ্য এবং সেগুলোর গল্প কতটা চমৎকার, তার প্রমাণ তার আন্তর্জাতিক বেস্টসেলার বইগুলোই। ‘ফাইভ পয়েন্ট সামওয়ান’ আর ‘হাফ গার্লফ্রেন্ড’ ছাড়াও চেতন ভগত এর বই সমগ্র-তে আছে ‘ওয়ান নাইট @ দ্য কল সেন্টার’, ‘রিভ্যোলুশন’, ‘হোয়াট ইয়াং ইন্ডিয়া ওয়ান্টস’ এর মতো আন্তর্জাতিক বেস্টসেলার বই। এ বইগুলোর মাধ্যমে তার জনপ্রিয়তা ভারত ছাড়িয়ে সারা বিশ্বে ছড়িয়ে পড়ে। ২০০৮ সালেই নিউ ইয়র্ক টাইমস জানায় ভারতের ইতিহাসে সর্বাধিক ইংরেজি বিক্রি হওয়া লেখকের নাম চেতন ভগত। ২০১০ সালে টাইম ম্যাগাজিন তাকে বিশ্বের সবচেয়ে ক্ষমতাধর ১০০ জন মানুষের তালিকায় অন্তর্ভুক্ত করে। চেতন ভগতের জন্ম ভারতের রাজধানী দিল্লিতে। তার বাবা একজন অবসরপ্রাপ্ত সেনা কর্মকর্তা হওয়ায় তিনি সেনা স্কুলে পড়ালেখার সুযোগ পান। পরবর্তীতে আইআইটি দিল্লি থেকে স্নাতক এবং আইআইএম আহমেদাবাদ থেকে ম্যানেজমেন্টে স্নাতকোত্তর সম্পন্ন করেন। শিক্ষাজীবন শেষে ১১ বছর ব্যাংকে চাকরি করে লেখালেখিতে যুক্ত হন। এরপর থেকে তিনি মুম্বাইতে বসবাস করছেন। তার লিখিত বইয়ের সংখ্যা সাত, যার প্রতিটিই বেস্টসেলার।');
INSERT INTO `author` (`id`, `name`, `name_eng`, `img`, `about`) VALUES
(29, 'রকিব হাসান', 'Rokib Hasan', '29.jpg', 'রকিব হাসানের জন্ম ১৯৫০ সালে, কুমিল্লা জেলায়। আদমজী ক্যান্টনমেন্ট কলেজ থেকে বিএসসি ডিগ্রি নিলেও নিজের ধ্যান-জ্ঞান বানিয়েছেন লেখালেখিকেই। তর্কসাপেক্ষে বাংলাদেশের সবচেয়ে জনপ্রিয় গোয়েন্দা সিরিজ ‘তিন গোয়েন্দা’ এর লেখক হিসেবে আত্মপ্রকাশের আগে তিনি অন্যান্য কাজে যুক্ত ছিলেন। জনপ্রিয় মাসিক ‘রহস্যপত্রিকা’ এর সহ-সম্পাদক হিসেবে দায়িত্ব পালন করেছেন এই কৃতি লেখক। রকিব হাসান এর বই প্রথম প্রকাশিত হয় ১৯৯৭ সালে, যদিও তা ছিল ছদ্মনামে। নিজ নামে প্রকাশিত রকিব হাসানের প্রথম অনুবাদ গ্রন্থ ছিলো ব্রাম স্টোকারের বিশ্ববিখ্যাত হরর ‘ড্রাকুলা’। রকিব হাসান তাঁর লেখনীর মাধ্যমে বাংলাদেশের কিশোর সমাজে দারুণ জনপ্রিয়তা লাভ করেছেন, যেমন করেছে তাঁর লেখা বইগুলো। তাঁর রচিত সবচেয়ে জনপ্রিয় কিশোর সিরিজ হলো কিশোর-মুসা-রবিনকে নিয়ে লেখা ‘তিন গোয়েন্দা’। এছাড়াও তিনি জাফর চৌধুরী ছদ্মনামে ‘রোমহর্ষক’ সিরিজ এবং আবু সাঈদ ছদ্মনামে ‘গোয়েন্দা রাজু’ সিরিজ লিখেছেন। এখন পর্যন্ত প্রকাশিত রকিব হাসান এর বই সমূহ হলো মহাক্লাসিক অ্যারাবিয়ান নাইটস (অনুবাদ), এডগার রাইজ বারোজ এর টারজান সিরিজ (অনুবাদ), কিশোর গোয়েন্দা সিরিজ (থ্রিলার), তিন বন্ধু সিরিজ (থ্রিলার), গোয়েন্দা কিশোর মুসা রবিন (থ্রিলার) সহ বেশ কিছু ভূতের গল্প, হরর ও অনুবাদ গ্রন্থ। তাঁর বইয়ের সংখ্যা বর্তমানে প্রায় ৪০০ ছাড়িয়েছে। রকিব হাসান এর বই সমগ্র এর মধ্যে বেশিরভাগই তাঁর সৃষ্ট তিন গোয়েন্দা সিরিজের। আরও রয়েছে এরিক ফন দানিকেন, ফার্লে মোয়াট, জেরাল্ড ডুরেল এর মতো বিশ্ববিখ্যাত লেখকদের ক্লাসিক বইয়ের অনুবাদ।'),
(30, 'আগাথা ক্রিস্টি', 'Agatha Christie', '30.jpg', 'দ্য কুইন অফ ক্রাইম\' নামে পরিচিত আগাথা ক্রিস্টি অপরাধ বিষয়ক বা রহস্য উপন্যাস রচনার ক্ষেত্রে এক অনন্য ব্যক্তিত্ব। তাঁর পুরো নাম আগাথা মেরি ক্ল্যারিসা ক্রিস্টি৷ বিখ্যাত এই ইংরেজ লেখিকা সকল গোয়েন্দাগল্প ও রহস্যকাহিনী পাঠকদের হৃদয়ে জায়গা করে নিয়েছেন তাঁর অসাধারণ লেখনীর মাধ্যমে। তিনি বেশ বিখ্যাত কিছু চরিত্রের স্রষ্টা, যাদের মধ্যে বিশেষ উল্লেখযোগ্য হলো গোয়েন্দা এরকুল পোয়ারো এবং মিস মার্পল, যাদের নাম শোনা যায় গোয়েন্দাকাহিনী পাঠকদের মুখে মুখে। \'ম্যারি ওয়েস্টমাকট\' ছদ্মনাম ব্যবহারকারী এই প্রখ্যাত লেখিকা ১৮৯০ সালের ১৫ সেপ্টেম্বর ইংল্যান্ডের ডেভন এ জন্মগ্রহণ করেন। আগাথা ক্রিস্টি এর বই সমূহ মূলত রোমাঞ্চ, হত্যারহস্য, অপরাধ ও গোয়েন্দাকাহিনী এবং রোমান্টিক ঘরানার। \'গিনেস বুক অফ ওয়ার্ল্ড রেকর্ডস অনুযায়ী আগাথা ক্রিস্টির বই বিশ্বের ইতিহাসে সর্বাধিক বিক্রিত বই এবং এক্ষেত্রে তাঁর সমকক্ষ হিসেবে শুধু আরেক কিংবদন্তী সাহিত্যিক উইলিয়াম শেক্সপিয়ারকেই ধরা যায়। আগাথা ক্রিস্টি এর বই সমগ্র এর সংখ্যা প্রায় আশিটি। আগাথা ক্রিস্টি রচনাসমগ্র এর মধ্যে উল্লেখযোগ্য হলো দ্য মিস্টিরিয়াস অ্যাফেয়ার এট স্টাইলস, দ্য মার্ডার অফ রজার অ্যাকর্ড, দ্য বিগ ফোর, দ্য মিস্ট্রি অফ দ্য ব্লু ট্রেন, পেরিল এট এন্ড হাউস, মার্ডার ইন মেসোপটেমিয়া, ডেথ অন দ্য নাইল, অ্যাপয়েন্টমেন্ট উইথ ডেথ, এরকুল পোয়ারোজ ক্রিসমাস, স্যাড সাইপ্রাস, দ্য মার্ডার অ্যাট দ্য ভিকারেজ, দ্য বডি ইন দ্য লাইব্রেরি, দ্য মুভিং ফিংগার, এ মার্ডার ইজ এনাউন্সড, দে ডু ইট উইথ মিররস, এ পকেট ফুল অফ রাই, ৪:৫০ ফ্রম প্যাডিংটন, নেমেসিস ইত্যাদি। আগাথা ক্রিস্টি সমগ্র এর মধ্যে আরো রয়েছে বিখ্যাত সব নাটক, যার মধ্যে রয়েছে বিশ্বের সবচেয়ে লম্বা দৈর্ঘ্যের নাটক \'দ্য মাউজট্র‍্যাপ\'। আগাথা ক্রিস্টি অনুবাদ বই এর সংখ্যাও অনেক, এমনকি ইউনেস্কোর বিবৃতি অনুযায়ী তাঁর বইগুলো সবচেয়ে বেশি ভাষায় অনূদিত হয়েছে। তাঁর বাংলা ভাষায় অনূদিত বইয়ের সংখ্যাও নেহায়েত কম নয়। অনূদিত আগাথা ক্রিস্টি বাংলা বই এর মধ্যে \'সিরিয়াল কিলার\', \'গেম ওভার\', \'পোয়েটিক জাস্টিস\', \'খুনের তদন্ত\', \'মার্ডার ইন মেসোপোটেমিয়া\', \'থ্রি ব্লাইন্ড মাইস\', \'এ বি সি মার্ডার\' ইত্যাদি উল্লেখযোগ্য৷ সাহিত্যে অবদানের জন্য ১৯৭১ সালে তিনি \'ডেম\' উপস্থিতিতে ভূষিত হন। ১৯৭৬ সালের ১২ জানুয়ারি আগাথা ক্রিস্টি ৮৫ বছর বয়সে ইংল্যান্ডের অক্সফোর্ডশায়ারে মৃত্যুবরণ করেন।');

-- --------------------------------------------------------

--
-- Table structure for table `book`
--

CREATE TABLE `book` (
  `id` int(11) NOT NULL,
  `name` text NOT NULL,
  `name_eng` text NOT NULL,
  `img` text NOT NULL,
  `summary` text NOT NULL
) ENGINE=InnoDB DEFAULT CHARSET=utf8mb4;

--
-- Dumping data for table `book`
--

INSERT INTO `book` (`id`, `name`, `name_eng`, `img`, `summary`) VALUES
(1, 'অ্যান্ড দেন দেয়ার ওয়ার নান', 'And Then There Were None', '1.webp', 'Ten people come to an island for various reasons. All of them have one thing in common: they have been involved in one way or the other in murders but they’ve escaped scot-free. After dinner, they’re all charged with their respective crimes by a gramophone recording. They can’t escape their would-be killer, who threatens to kill them in a manner similar to the old nursery rhyme, “ten little Indian boys.” Can they survive this nightmarish episode, or will they be doomed to die for their crimes?'),
(2, 'মার্ডার অন দ্য অরিয়েন্ট এক্সপ্রেস', 'Murder On The Orient Express', '2.jpg', 'Soon after arriving at his hotel in Istanbul, private investigator Hercule Poirot is instructed to return to London immediately. He boards the Orient Express that very night and is accosted by Mr. Ratchett, whom he had earlier seen in his hotel in Istanbul. He attempts to hire Poirot believing that his life is under threat, but the detective refuses him outright.\r\n\r\nOn the second night of the journey, a snowdrift brings the train to a halt. A cry from Ratchett’s coach pierces the eerie silence of the night. The next morning, M. Bouc, the director of the company that operates the train and an acquaintance of Poirot, informs him of the shocking murder of Ratchett. Upon his request, Poirot agrees to investigate the case. Soon Poirot learns of Ratchett’s questionable past and the probable reasons for his murder.\r\n\r\nIn the United States a few years earlier, Daisy Armstrong, a 3 year old heiress was kidnapped and killed by a man, who went by the name Cassetti, in spite of collecting a ransom from her wealthy family. Suspected to have rigged the trial, Cassetti fled the country after his acquittal. Poirot came to the conclusion that Ratchett was none other than Cassetti.\r\n\r\nWhat connects the people in Ratchett’s coach who were travelling with him on that fateful night of the murder? Is one of the members of the Armstrong family the murderer?\r\n\r\nMurder on the Orient Express has been adapted to TV, film and radio as well. The book was first published in 1934.'),
(3, 'দ্য এবিসি মার্ডার্স', 'The ABC Murders', '3.jpg', 'When a serial killer nicknamed ABC taunts Poirot in veiled letters and kills people in alphabetical order, Poirot employs an unconventional method to track down ABC. In a seemingly unconnected story, a traveling salesman named Alexander Bonaparte Cust has traveled to all of the murder locations on the day the crimes occurred. Cust had suffered a blow on the head during military service. As a result, he is prone to blackouts, headaches and epileptic attacks. Could this seemingly innocent stranger be the eponymous killer?'),
(4, 'Death on the Nile', 'ডেথ অন দ্য নাইল', '4.jpg', 'The tranquillity of a cruise along the Nile is shattered by the discovery that Linnet Ridgeway has been shot through the head. She was young, stylish and beautiful, a girl who had everything - until she lost her life. Hercule Poirot recalls an earlier outburst by a fellow passenger: \'I\'d like to put my dear little pistol against her head and just press the trigger.\' Yet in this exotic setting, nothing is ever quite what it seems'),
(5, 'The Secret of Chimneys', 'দ্য সিক্রেটস অফ চিমনীস', '5.jpg', 'A bit of adventure and quick cash is all that good-natured drifter Anthony Cade is looking for when he accepts a messenger job from an old friend. It sounds so simple: deliver the provocative memoirs of a recently deceased European count to a London publisher. But the parcel holds more than scandalous royal secrets. It contains a stash of letters that suggest blackmail -- and lead to the murder of a stranger who\'s been shadowing Anthony\'s every move. Discovering the dead man\'s identity means retracing his steps -- to the rambling estate of Chimneys where darker secrets, and deadlier threats, await anyone who dares to enter.       '),
(6, 'The Mysterious Mr. Quin', 'দ্য মিস্ট্রিয়াস মিঃ কুইন', '6.jpg', 'Harley Quin is an enigma. Even his friend Mr Satterthwaite is unable to understand how the man seems to appear and disappear almost like a trick of the light - and when he does appear it\'s usually in the sparkle of sunshine, or surrounded by a spectrum of coloured light pouring through a stained glass window...\r\n\r\nIn fact, the only consistent thing about the Mysterious Mr. Quin is that his presence is always a harbinger of love ... or death.'),
(7, 'এভিল আন্ডার দ্য সান', 'Evil Under the Sun ', '7.jpg', ''),
(8, 'দেশে বিদেশে', 'Deshe Bideshe', '8.jpg', 'দেশে বিদেশে বাংলা সাহিত্যের অন্যতম জনপ্রিয় ভ্রমণকাহিনী। মূলত ভ্রমণকাহিনী হলেও বইটির অনন্য বৈশিষ্ট্যের মধ্যে রয়েছে আফগানিস্তানের ইতিহাস এবং সৈয়দ মুজতবা আলীর স্বভাবসিদ্ধ রসাত্মক বর্ণনাভঙ্গি।'),
(9, 'শবনম', 'Shobnom', '9.webp', ''),
(10, 'চাচা কাহিনী ', 'Chacha Kahini', '10.jpg', '‘চাচা কাহিনী’ সৈয়দ মুজতবা আলীর বিখ্যাত গল্প গ্রন্থগুলির মধ্যে প্রধানতম। প্রায় প্রতিটি গল্পই বিদেশের পটভূমিকা রচিত। বিদেশে বিশেষ করে বার্লিন প্রবাসী বাঙালী তরুণ বয়স্ক ছাত্রদের নিয়েই রচিত। অনেক গল্প। স্বয়ং লেখক যৌবনে বার্লিন প্রবাসী ছাত্র ছিলেন। সে সময়কার নানা কাহিনী গল্পাকারে পরিবেশন করেচেন চাচা কাহিনীতে। সৈয়দ মুজতবা আলীর কলমে খাঁটি দেশী যাদু সেরা বিদেশী পলিশে সারাক্ষণ ঝকঝক করছে। চাচা কাহিনীর মতো এমন বিশুদ্ধ উপাদেয় আন্তর্জাতিক রসিকতা বাংলা ভাষায় অন্তত আগে কখনও পড়া যায়নি।'),
(11, 'জলে ডাঙায়', '', '11.jpg', ''),
(12, 'পঞ্চতন্ত্র', '', '12.jpg', ''),
(13, 'সঞ্চিতা', 'Sonchita', '13.jpg', ''),
(14, 'রাখালী', 'Rakhali', '14.jpg', ''),
(15, 'চলে মুসাফির', 'Chole Musafir', '15.jpg', ''),
(16, 'বাঙ্গালীর হাসির গল্প ১', 'bangalir hashir golpo 1', '16.jpg', ''),
(17, 'বাঙ্গালীর হাসির গল্প ২', 'bangalir hashir golpo 2', '17.jpg', ''),
(18, 'বোবা কাহিনী', 'boba kahini', '18.jpg', ''),
(19, 'হাফ গার্লফ্রেন্ড', 'Half Girlfriend', '19.jpg', ''),
(20, 'ওয়ান অ্যারাঞ্জড মার্ডার', 'One Arranged Murder', '20.jpg', ''),
(21, 'দ্য ৩ মিসটেকস অব মাই লাইফ', 'The 3 Mistakes of My Life', '21.jpg', ''),
(22, 'গল্পসমগ্র ', 'golpo somogro', '22.jpg', ''),
(23, 'দেবযান', 'debjan', '23.jpg', ''),
(24, 'তারানাথ তান্ত্রিক সমগ্র', 'taranath tantrik somogro', '24.webp', ''),
(25, 'ইছামতি', 'ichamoti', '25.jpg', ''),
(26, 'অশনি সংকেত', 'oshoni shonket', '26.jpg', ''),
(27, 'ভয়', 'Voy', '27.jpg', ''),
(28, 'চাঁদের পাহাড়', 'Chader pahar', '28.jpg', ''),
(29, 'উত্তরাধিকার', 'uttoradhikar', '29.jpg', ''),
(30, 'সন্ধেবেলার মানুষ', 'sondhebelar manush', '30.jpg', ''),
(31, 'গর্ভধারিণী', 'gorvodharini', '31.jpg', ''),
(32, 'হায় সজনি', 'hay sojoni', '32.jpg', ''),
(33, ' স্বপ্নের বাজার', 'shopner bazar', '33.jpg', ''),
(34, 'সিংহবাহিনী', 'Shingho bahini', '34.jpg', ''),
(35, 'দায়বন্ধন', 'dai bondhon', '35.jpg', ''),
(36, 'ঘরে-বাইরে', 'ghore baire', '36.jpg', 'Set on a Bengali noble\'s estate in 1908, this is both a love story and a novel of political awakening. The central character, Bimala, is torn between the duties owed to her husband, Nikhil, and the demands made on her by the radical leader, Sandip. Her attempts to resolve the irreconciliable pressures of the home and world reflect the conflict in India itself, and the tragic outcome foreshadows the unrest that accompanied Partition in 1947. This edition includes an introduction by Anita Desai.'),
(37, 'চোখের বালি', 'chokher bali', '37.jpg', ''),
(38, 'চতুরঙ্গ', 'choturongo', '38.jpg', ''),
(39, 'গীতাঞ্জলি', 'gitanjoli', '39.jpg', ''),
(40, 'সঞ্চয়িতা', 'sonchoita', '40.jpg', ''),
(41, 'বদনাম ', 'bodnam', '41.jpg', ''),
(42, 'গল্পগুচ্ছ', 'golpo guccho', '42.jpg', ''),
(43, 'কৃষ্ণপক্ষ', 'krisnopokkho', '43.jpg', ''),
(44, 'কোথাও কেউ নেই', 'kothao keu nei', '44.webp', ''),
(45, 'বাদশাহ নামদার', 'badshah naamdar', '45.jpg', ''),
(46, 'নির্বাসন', 'nirbason', '46.jpg', ''),
(47, 'বাসর', 'bashor', '47.jpg', ''),
(48, 'গল্পসমগ্র ', 'golpo somogro', '48.jpg', ''),
(49, 'মেঘের ওপর বাড়ি', 'megher opor bari', '49.jpg', ''),
(50, 'দেবী ', 'debi', '50.jpg', ''),
(51, 'লীলাবতী ', 'lilaboti', '51.jpg', ''),
(52, 'কিছু শৈশব', 'kichu shoishob', '52.jpg', ''),
(53, 'বৃষ্টি বিলাস', 'bristi bilash', '53.jpg', ''),
(54, 'আজ হিমুর বিয়ে', 'aj himur biye', '54.jpg', ''),
(55, 'পিশাচিনী ', 'pishachini', '55.jpg', ''),
(56, 'বিজ্ঞানী সফদর আলীর মহা মহা আবিষ্কার', 'biggany-safdar-alir-moha-moha-abiskar', '56.jpg', ''),
(57, 'বৈজ্ঞানিক কল্পকাহিনী ফিনিক্স', 'bigganik-kolpokaheni-finix', '57.jpg', ''),
(58, 'রাশা', 'Rasha', '58.jpg', ''),
(59, 'ভয় কিংবা ভালোবাসা', 'voy-kingba-bhalobasa', '59.jpg', ''),
(60, 'বৈজ্ঞানিক কল্পকাহিনী ত্রাতিনা', 'boigganik-kolpokahini-tratina', '60.jpg', ''),
(61, 'গণিতের মজা মজার গণিত', 'goniter-maja-majar-gonit', '61.jpg', ''),
(62, 'সেরিনা', 'serina', '62.jpg', ''),
(63, 'মা ', 'Ma', '63.jpg', '\"মা\" একটি মুক্তিযুদ্ধভিত্তিক উপন্যাস। লেখক এই কাহিনীর সন্ধান পান মুক্তিযোদ্ধা নাট্যব্যক্তিত্ব নাসিরউদ্দিন ইউসুফ বাচ্চুর কাছ থেকে । বাংলাদেশের মুক্তিযুদ্ধের একজন বীর মুক্তিযোদ্ধা মাগফার আহমেদ চৌধুরী আজাদ ও তাঁর মায়ের জীবনের সত্য ঘটনা নিয়ে রচিত এই উপন্যাসটি ব্যাপকভাবে প্রশংসিত হয় এবং প্রচুর পাঠকপ্রিয়তা পায়।'),
(64, 'এখানে থেমো না', 'ekhane themo na', '64.jpg', ''),
(65, 'ভূত ', 'আনিসুল হক', '65.jpg', ''),
(66, 'মৃত্যুর ছায়া', '', '66.jpg', ''),
(67, 'মৃত্যুর ছায়া', 'mrittur chaya', '67.jpg', 'গভীর হলো রাত। নিঝুম নীরবতা চারদিকে। ঠিক এই সময় অদ্ভুত, অবিশ্বাস্য ঘটনাটা ঘটতে শুরু করল। নড়তে শুরু করেছে সিগন্যালম্যানের ছিন্ন-মুণ্ড। এতক্ষণ আকাশের দিকে তাকিয়ে ছিল মুণ্ডের চোখ দুটো, এখন ঘুরতে শুরু করেছে। মুণ্ডটার ত্রি-সীমানায় কোন জন্তু-জানোয়ার নেই যে নাড়বে ওটাকে। ঝকঝকে বালির বুকে ওটা একা। নিজের শরীরে কাপন অনুভব করলেন এনডারসন। ঠাণ্ডা হয়ে আসতে চাইছে হাত-পা । জিভ দিয়ে চেটে নিলেন শুকনো ঠোঁটজোড়া। এক সেকেণ্ড বিরতির পর আবার নড়ে উঠল মাথাটা। বার-দুয়েক এপাশ ওপাশ করে গড়িয়ে চলল ধড়টার দিকে। গলার কাছে পৌছে গড়ানো বন্ধ হয়ে গেল। ধীরে ধীরে ফিরল এদিকে। নিষ্প্রাণচোখ দুটো।'),
(68, 'জিনার সেই দ্বীপ (তিন গোয়েন্দা #79)', 'jinar shei dip', '68.jpg', 'সুর করে বলে উঠল একটা ছেলেঃ\r\n\'জিনা, ঘিনা, জিনার মুখে ছাই;\r\nদাঁড়কাকে ঠুকরে দিলে আর রক্ষা নাই!\'\r\nকিশোররা ভেবেছিল, ছেলেটারই রক্ষা নেই আর। প্রচন্ড চড় খেতে হবে জিনার হাতে। কিন্তু ওদেরকে অবাক করে দিয়ে কিছুই বললো না জিনা।\r\n\r\nসাগরে একটা নৌকা থেকে রহস্যময় সঙ্কেত দিতে দেখে গোয়েন্দারা প্রথমে ভেবেছিল চোরাচালানির দল। কিন্তু যখন আর্ত-চিৎকার শোনা গেল, ধারণা পাল্টাতে বাধ্য হলো ওরা।'),
(69, 'ভ্যাম্পায়ার রহস্যঃ কিশোর-মুসা-রবিন', 'vampayar-rohosso--kishor-musa-robin', '69.jpg', ''),
(70, 'হ্যারি পটার অ্যান্ড দ্য কার্সড চাইল্ড', 'harry-potter-and-the-cursed-child', '70.webp', ''),
(71, 'ফ্যান্টাস্টিক বিস্টস অ্যান্ড হোয়ার টু ফাইন্ড দেম ', 'Fantastic Beasts and Where to Find Them: The Original Screenplay', '71.png', ''),
(72, 'দি আর্চার', 'The Archer', '72.jpg', ''),
(73, 'হিপি ', 'Hippie', '73.jpg', 'In Hippie, his most autobiographical novel to date, Paulo Coelho takes us back in time to re-live the dream of a generation that longed for peace and dared to challenge the established social order – authoritarian politics, conservative modes of behavior, excessive consumerism, and an unbalanced concentration of wealth and power.\r\n\r\nFollowing the “three days of peace and music” at Woodstock, the 1969 gathering in Bethel, NY that would change the world forever, hippie paradises began to emerge all around the world. In the Dam Square in Amsterdam, long-haired young people wearing vibrant clothes and burning incense could be found meditating, playing music and discussing sexual liberation, the expansion of consciousness and the search for an inner truth. They were a generation refusing to live the robotic and unquestioning life that their parents had known.\r\n\r\nAt this time, Paulo is a young, skinny Brazilian with a goatee and long, flowing hair who wants to become a writer. He sets off on a journey in search of freedom and a deeper meaning for his life: first, with a girlfriend, on the famous “Death Train to Bolivia,” then on to Peru and later hitchhiking through Chile and Argentina.\r\n\r\nHis travels take him further, to the famous square in Amsterdam, where Paulo meets Karla, a Dutch woman also in her 20s. She convinces Paulo to join her on a trip to Nepal, aboard the Magic Bus that travels across Europe and Central Asia to Kathmandu. They embark on a journey in the company of fascinating fellow travelers, each of whom has a story to tell, and each of whom will undergo a transformation, changing their priorities and values, along the way. As they travel together, Paulo and Karla explore their own relationship, an awakening on every level that brings each of them to a choice and a decision that sets the course for their lives thereafter.'),
(74, 'দ্য এ্যালকেমিস্ট', 'The Alchemist', '74.webp', ''),
(75, 'সিপাহি যুদ্ধের ইতিহাস', 'sipahi juddher itihas', '75.jpg', ''),
(76, 'গাভী বিত্তান্ত', 'gavi bittanto', '76.jpg', ''),
(77, 'সাম্প্রতিক বিবেচনা: বুদ্ধিবৃত্তির নতুন বিন্যাস', 'samprotik-bibechona--buddhibrittir-notun-binnas', '77.jpg', ''),
(78, 'ভুল ', 'vul', '78.jpg', ''),
(79, 'কিশোরী', 'kishori', '79.jpg', ''),
(80, 'রেশমি', 'reshmi', '80.jpg', ''),
(81, 'গয়নার বাক্স', 'goynar-baxo', '81.jpg', ''),
(82, 'হারানো মনি', 'harano moni', '82.jpg', ''),
(83, 'কুঞ্জপুকুরের কান্ড', 'kunjupukurer-kando', '83.jpg', ''),
(84, 'গঞ্জের মানুষ', 'gonjer manush', '84.jpg', ''),
(85, 'তবুও একদিন', 'tobuo ekdin', '85.jpg', ''),
(86, 'মিস্টার ৪২০', 'Mr. 420', '86.jpg', ''),
(87, 'দন্ত্যন রুহমান', 'dontonno-ruhman', '87.jpg', ''),
(88, 'মরণোত্তম', 'moronottom', '88.jpg', ''),
(89, 'নির্বাসন ', 'nirbason', '89.jpg', ''),
(90, 'তোমার নামে সন্ধ্যা নামে', 'tomar naam e sondha naame', '90.webp', ''),
(91, 'গণিত করব জয়', 'gonit-korbo-joy', '91.jpg', ''),
(92, 'পাহাড় ঘেরা হ্রদের ধারে', 'pahar-ghera-hroder-dhare', '92.jpg', ''),
(93, 'হারিয়ে যাওয়া লেখা', 'hariye jawa lekha', '93.jpg', ''),
(94, 'প্রেম অমনিবাস', 'prem omnibus', '94.jpg', ''),
(95, 'সেই সময়', 'shei somoy', '95.jpg', ''),
(96, 'এঞ্জেলস এন্ড ডেমনস', 'Angels & Demons', '96.jpg', ''),
(97, 'অরিজিন', 'Origin', '97.jpg', 'Robert Langdon, Harvard professor of symbology and religious iconology, arrives at the ultramodern Guggenheim Museum Bilbao to attend a major announcement—the unveiling of a discovery that “will change the face of science forever.” The evening’s host is Edmond Kirsch, a forty-year-old billionaire and futurist whose dazzling high-tech inventions and audacious predictions have made him a renowned global figure. Kirsch, who was one of Langdon’s first students at Harvard two decades earlier, is about to reveal an astonishing breakthrough . . . one that will answer two of the fundamental questions of human existence. As the event begins, Langdon and several hundred guests find themselves captivated by an utterly original presentation, which Langdon realizes will be far more controversial than he ever imagined. But the meticulously orchestrated evening suddenly erupts into chaos, and Kirsch’s precious discovery teeters on the brink of being lost forever. Reeling and facing an imminent threat, Langdon is forced into a desperate bid to escape Bilbao. With him is Ambra Vidal, the elegant museum director who worked with Kirsch to stage the provocative event. Together they flee to Barcelona on a perilous quest to locate a cryptic password that will unlock Kirsch’s secret. Navigating the dark corridors of hidden history and extreme religion, Langdon and Vidal must evade a tormented enemy whose all-knowing power seems to emanate from Spain’s Royal Palace itself . . . and who will stop at nothing to silence Edmond Kirsch. On a trail marked by modern art and enigmatic symbols, Langdon and Vidal uncover clues that ultimately bring them face-to-face with Kirsch’s shocking discovery . . . and the breathtaking truth that has long eluded us. Origin is Dan Brown’s most brilliant and entertaining novel to date.'),
(98, 'গায়ত্রী সন্ধ্যা', 'gayotri-sondha', '98.jpg', ''),
(99, 'পূর্ণ ছবির মগ্নতা', 'purno chobir mognota', '99.jpg', ''),
(100, 'সখিনার চন্দ্রকলা', 'sokhinar chondrokola', '100.jpg', ''),
(101, 'ক্রীতদাসের হাসি', 'kritodaser-hasi', '101.jpg', ''),
(102, 'উত্তরপর্ব মুজিবনগর ', 'uttorparbo-mujibnagar', '102.jpg', ''),
(103, 'সাত সাগরের মাঝি', 'sat-sagorer-mazi', '103.jpg', ''),
(104, 'ইকবালের নির্বাচিত কবিতা', 'iqbal er nirbachito kobita', '104.jpg', ''),
(105, 'বেগম রোকেয়া', 'Begum Rokeya', '105.jpg', ''),
(106, 'খোয়াবনামা', 'khoabnama', '106.jpg', ''),
(107, 'চিলেকোঠার সেপাই', 'chilekothar shepai', '107.jpg', ''),
(108, 'ফটিকচাঁদ', 'fotikchad', '108.jpg', ''),
(109, 'বাতিকবাবু', 'batikbabu', '109.jpg', ''),
(110, 'সোনার কেল্লা (ফেলুদা উপন্যাস ৩)', 'sonar-kella', '110.jpg', ''),
(111, 'দুধের গেলাশে নীল মাছি', 'dudher gelashe nil machi', '111.jpg', ''),
(112, 'নিষিদ্ধ লোবান', 'nishiddho loban', '112.jpg', ''),
(113, 'নূরলদীনের সারাজীবন', 'nuruldiner sharajibon', '113.jpg', ''),
(114, 'কপালকুণ্ডলা ', 'kopalkundola', '114.jpg', ''),
(115, 'কমলা কান্তের দপ্তর', 'komlakanter doptor', '115.jpg', '');

-- --------------------------------------------------------

--
-- Table structure for table `book_author`
--

CREATE TABLE `book_author` (
  `id` int(11) NOT NULL,
  `book_id` int(11) NOT NULL,
  `author_id` int(11) NOT NULL
) ENGINE=InnoDB DEFAULT CHARSET=utf8mb4;

--
-- Dumping data for table `book_author`
--

INSERT INTO `book_author` (`id`, `book_id`, `author_id`) VALUES
(1, 1, 30),
(2, 2, 30),
(3, 3, 30),
(4, 4, 30),
(5, 5, 30),
(6, 6, 30),
(7, 7, 30),
(8, 8, 1),
(9, 9, 1),
(10, 10, 1),
(11, 11, 1),
(12, 12, 1),
(13, 13, 3),
(14, 14, 4),
(15, 15, 4),
(16, 16, 4),
(17, 17, 4),
(18, 18, 4),
(19, 19, 28),
(20, 20, 28),
(21, 21, 28),
(22, 22, 12),
(23, 23, 12),
(24, 24, 12),
(25, 25, 12),
(26, 26, 12),
(27, 27, 12),
(28, 28, 12),
(29, 29, 7),
(30, 30, 7),
(31, 31, 7),
(32, 32, 7),
(33, 33, 7),
(34, 34, 7),
(35, 35, 7),
(36, 36, 2),
(37, 37, 2),
(38, 38, 2),
(39, 39, 2),
(40, 40, 2),
(41, 41, 2),
(42, 42, 2),
(43, 43, 5),
(44, 44, 5),
(45, 45, 5),
(46, 46, 5),
(47, 47, 5),
(48, 48, 5),
(49, 49, 5),
(50, 50, 5),
(51, 51, 5),
(52, 52, 5),
(53, 53, 5),
(54, 54, 5),
(55, 55, 6),
(56, 56, 6),
(57, 57, 6),
(58, 58, 6),
(59, 59, 6),
(60, 60, 6),
(61, 61, 6),
(62, 62, 6),
(63, 63, 8),
(64, 64, 8),
(65, 65, 8),
(66, 66, 29),
(67, 67, 29),
(68, 68, 29),
(69, 69, 29),
(70, 70, 27),
(71, 71, 27),
(72, 72, 24),
(73, 73, 24),
(74, 74, 24),
(75, 75, 23),
(76, 76, 23),
(77, 77, 23),
(78, 78, 22),
(79, 79, 22),
(80, 80, 22),
(81, 81, 21),
(82, 82, 21),
(83, 83, 21),
(84, 84, 21),
(85, 85, 19),
(86, 86, 19),
(87, 87, 19),
(88, 88, 20),
(89, 89, 20),
(90, 90, 20),
(91, 91, 18),
(92, 92, 17),
(93, 93, 17),
(94, 94, 17),
(95, 95, 17),
(96, 96, 26),
(97, 97, 26),
(98, 98, 16),
(99, 99, 16),
(100, 100, 16),
(101, 101, 15),
(102, 102, 15),
(103, 103, 14),
(104, 104, 14),
(105, 105, 13),
(106, 106, 13),
(107, 107, 13),
(108, 108, 11),
(109, 109, 11),
(110, 110, 11),
(111, 111, 10),
(112, 112, 10),
(113, 113, 10),
(114, 114, 9),
(115, 115, 9);

-- --------------------------------------------------------

--
-- Table structure for table `book_genre`
--

CREATE TABLE `book_genre` (
  `id` int(11) NOT NULL,
  `book_id` int(11) NOT NULL,
  `genre_id` int(11) NOT NULL
) ENGINE=InnoDB DEFAULT CHARSET=utf8mb4;

--
-- Dumping data for table `book_genre`
--

INSERT INTO `book_genre` (`id`, `book_id`, `genre_id`) VALUES
(1, 1, 26),
(2, 2, 26),
(3, 3, 26),
(4, 4, 26),
(5, 5, 26),
(6, 6, 26),
(7, 7, 26),
(8, 9, 5),
(9, 11, 23),
(10, 8, 23),
(11, 12, 12),
(12, 10, 12),
(13, 13, 13),
(14, 14, 13),
(15, 15, 23),
(16, 16, 12),
(17, 17, 21),
(18, 18, 5),
(19, 19, 5),
(20, 20, 5),
(21, 21, 5),
(22, 22, 12),
(23, 23, 5),
(24, 25, 5),
(25, 26, 5),
(26, 27, 36),
(27, 28, 28),
(28, 28, 5),
(29, 29, 32),
(30, 30, 32),
(31, 31, 32),
(32, 31, 5),
(33, 32, 32),
(34, 32, 33),
(35, 32, 5),
(36, 33, 5),
(37, 33, 32),
(38, 34, 32),
(39, 34, 5),
(40, 35, 32),
(41, 35, 5),
(42, 36, 5),
(43, 37, 37),
(44, 37, 5),
(45, 38, 37),
(46, 38, 5),
(47, 39, 29),
(48, 40, 37),
(49, 40, 13),
(50, 41, 12),
(51, 42, 12),
(52, 43, 5),
(53, 43, 33),
(54, 44, 32),
(55, 44, 5),
(56, 45, 5),
(57, 46, 33),
(58, 46, 5),
(59, 47, 32),
(60, 47, 5),
(61, 48, 12),
(62, 49, 32),
(63, 49, 5),
(64, 50, 36),
(65, 50, 5),
(66, 51, 32),
(67, 51, 5),
(68, 52, 12),
(69, 53, 32),
(70, 53, 5),
(71, 54, 32),
(72, 54, 5),
(73, 55, 26),
(74, 56, 31),
(75, 57, 31),
(76, 58, 28),
(77, 59, 33),
(78, 59, 13),
(79, 60, 31),
(80, 61, 11),
(81, 62, 31),
(82, 63, 24),
(83, 63, 5),
(84, 64, 24),
(85, 66, 26),
(86, 67, 26),
(87, 68, 26),
(88, 69, 28),
(89, 69, 26),
(90, 70, 28),
(91, 70, 26),
(92, 71, 36),
(93, 71, 28),
(94, 72, 5),
(95, 73, 14),
(96, 73, 12),
(97, 74, 5),
(98, 75, 4),
(99, 76, 32),
(100, 76, 5),
(101, 77, 20),
(102, 78, 32),
(103, 78, 5),
(104, 79, 5),
(105, 80, 5),
(106, 81, 5),
(107, 82, 5),
(108, 83, 28),
(109, 84, 5),
(110, 85, 5),
(111, 85, 32),
(112, 86, 21),
(113, 87, 5),
(114, 88, 5),
(115, 89, 32),
(116, 89, 5),
(117, 90, 33),
(118, 90, 5),
(119, 91, 11),
(120, 92, 5),
(121, 93, 5),
(122, 94, 33),
(123, 94, 5),
(124, 95, 4),
(125, 95, 5),
(126, 96, 26),
(127, 96, 36),
(128, 97, 36),
(129, 97, 26),
(130, 98, 32),
(131, 98, 5),
(132, 99, 32),
(133, 99, 5),
(134, 100, 32),
(135, 100, 12),
(136, 101, 4),
(137, 101, 5),
(138, 101, 24),
(139, 102, 24),
(140, 103, 37),
(141, 103, 13),
(142, 104, 1),
(143, 104, 37),
(144, 104, 13),
(145, 105, 14),
(146, 106, 37),
(147, 106, 5),
(148, 107, 37),
(149, 107, 5),
(150, 107, 24),
(151, 108, 28),
(152, 109, 12),
(153, 110, 26),
(154, 111, 32),
(155, 111, 5),
(156, 112, 24),
(157, 112, 5),
(158, 113, 17),
(159, 114, 37),
(160, 114, 5),
(161, 115, 21);

-- --------------------------------------------------------

--
-- Table structure for table `book_notification`
--

CREATE TABLE `book_notification` (
  `id` int(11) NOT NULL,
  `book_id` int(11) NOT NULL,
  `user_id` int(11) NOT NULL,
  `status` int(11) NOT NULL DEFAULT 0 COMMENT '0-not notified 1-notified'
) ENGINE=InnoDB DEFAULT CHARSET=utf8mb4;

--
-- Dumping data for table `book_notification`
--

INSERT INTO `book_notification` (`id`, `book_id`, `user_id`, `status`) VALUES
(1, 2, 2, 0),
(2, 2, 3, 0),
(3, 6, 10, 1);

-- --------------------------------------------------------

--
-- Table structure for table `borrow`
--

CREATE TABLE `borrow` (
  `id` int(11) NOT NULL,
  `subscription_id` int(11) NOT NULL,
  `product_id` int(11) NOT NULL,
  `request_date` date NOT NULL,
  `delivery_date` date NOT NULL,
  `status` int(11) NOT NULL COMMENT '0=to deliver, 1=delivered'
) ENGINE=InnoDB DEFAULT CHARSET=utf8mb4;

--
-- Dumping data for table `borrow`
--

INSERT INTO `borrow` (`id`, `subscription_id`, `product_id`, `request_date`, `delivery_date`, `status`) VALUES
(5, 1, 42, '2021-04-06', '2021-04-03', 1),
(7, 3, 65, '2021-04-06', '2021-04-03', 1),
(8, 4, 53, '2021-04-06', '2021-04-03', 1),
(9, 5, 18, '2021-04-06', '2021-04-03', 1),
(10, 6, 107, '2021-04-06', '2021-04-03', 1),
(11, 7, 79, '2021-04-06', '2021-04-03', 1),
(12, 8, 61, '2021-04-06', '2021-04-03', 1),
(13, 9, 59, '2021-04-06', '2021-04-03', 1),
(14, 10, 69, '2021-04-06', '2021-04-03', 1),
(15, 11, 6, '2021-04-06', '2021-04-03', 1),
(16, 12, 102, '2021-04-06', '2021-04-03', 1),
(17, 13, 26, '2021-04-06', '2021-04-03', 1),
(18, 14, 70, '2021-04-06', '2021-04-03', 1),
(19, 15, 44, '2021-04-06', '2021-04-03', 1),
(20, 16, 38, '2021-04-06', '2021-04-03', 1),
(21, 17, 32, '2021-04-06', '2021-04-03', 1),
(22, 18, 87, '2021-04-06', '2021-04-03', 1),
(23, 19, 40, '2021-04-06', '2021-04-03', 1),
(24, 20, 79, '2021-04-07', '2021-04-04', 1),
(25, 21, 16, '2021-04-07', '2021-04-04', 1),
(26, 22, 13, '2021-04-07', '2021-04-04', 1),
(27, 23, 27, '2021-04-07', '2021-04-04', 1),
(28, 24, 40, '2021-04-07', '2021-04-04', 1),
(29, 25, 65, '2021-04-07', '2021-04-04', 1),
(30, 26, 71, '2021-04-07', '2021-04-04', 1),
(31, 27, 94, '2021-04-07', '2021-04-04', 1),
(32, 28, 21, '2021-04-07', '2021-04-04', 1),
(33, 29, 111, '2021-04-07', '2021-04-04', 1),
(34, 30, 60, '2021-04-07', '2021-04-04', 1),
(35, 31, 90, '2021-04-07', '2021-04-04', 1),
(36, 32, 67, '2021-04-07', '2021-04-04', 1),
(37, 33, 66, '2021-04-07', '2021-04-04', 1),
(38, 34, 25, '2021-04-07', '2021-04-04', 1),
(39, 35, 46, '2021-04-07', '2021-04-04', 1),
(40, 36, 77, '2021-04-07', '2021-04-04', 1),
(41, 37, 18, '2021-04-07', '2021-04-04', 1),
(42, 38, 80, '2021-04-07', '2021-04-04', 1),
(43, 39, 50, '2021-04-07', '2021-04-04', 1),
(44, 40, 91, '2021-04-08', '2021-04-05', 1),
(45, 41, 90, '2021-04-08', '2021-04-05', 1),
(46, 42, 100, '2021-04-08', '2021-04-05', 1),
(47, 43, 87, '2021-04-08', '2021-04-05', 1),
(48, 44, 10, '2021-04-08', '2021-04-05', 1),
(49, 45, 4, '2021-04-08', '2021-04-05', 1),
(50, 46, 105, '2021-04-08', '2021-04-05', 1),
(51, 47, 94, '2021-04-08', '2021-04-05', 1),
(52, 48, 74, '2021-04-08', '2021-04-05', 1),
(53, 49, 96, '2021-04-08', '2021-04-05', 1),
(54, 50, 29, '2021-04-08', '2021-04-05', 1),
(55, 51, 12, '2021-04-08', '2021-04-05', 1),
(56, 52, 57, '2021-04-08', '2021-04-05', 1),
(57, 53, 59, '2021-04-08', '2021-04-05', 1),
(58, 54, 40, '2021-04-08', '2021-04-05', 1),
(59, 55, 88, '2021-04-08', '2021-04-05', 1),
(60, 56, 92, '2021-04-08', '2021-04-05', 1),
(61, 57, 60, '2021-04-08', '2021-04-05', 1),
(62, 58, 52, '2021-04-08', '2021-04-05', 1),
(63, 59, 56, '2021-04-08', '2021-04-05', 1),
(64, 60, 95, '2021-04-08', '2021-04-05', 1),
(65, 1, 5, '2021-04-13', '2021-04-10', 1),
(66, 2, 72, '2021-04-13', '2021-04-10', 1),
(67, 3, 77, '2021-04-13', '2021-04-10', 1),
(68, 4, 19, '2021-04-13', '2021-04-10', 1),
(69, 5, 61, '2021-04-13', '2021-04-10', 1),
(70, 6, 11, '2021-04-13', '2021-04-10', 1),
(71, 7, 35, '2021-04-13', '2021-04-10', 1),
(72, 8, 51, '2021-04-13', '2021-04-10', 1),
(74, 10, 77, '2021-04-13', '2021-04-10', 1),
(75, 11, 87, '2021-04-13', '2021-04-10', 1),
(76, 12, 94, '2021-04-13', '2021-04-10', 1),
(77, 13, 45, '2021-04-13', '2021-04-10', 1),
(78, 14, 4, '2021-04-13', '2021-04-10', 1),
(79, 15, 89, '2021-04-13', '2021-04-10', 1),
(80, 16, 75, '2021-04-13', '2021-04-10', 1),
(81, 17, 73, '2021-04-13', '2021-04-10', 1),
(82, 18, 94, '2021-04-13', '2021-04-10', 1),
(84, 20, 15, '2021-04-14', '2021-04-11', 1),
(85, 21, 22, '2021-04-14', '2021-04-11', 1),
(86, 22, 84, '2021-04-14', '2021-04-11', 1),
(87, 23, 31, '2021-04-14', '2021-04-11', 1),
(88, 24, 5, '2021-04-14', '2021-04-11', 1),
(89, 25, 61, '2021-04-14', '2021-04-11', 1),
(90, 26, 99, '2021-04-14', '2021-04-11', 1),
(91, 27, 65, '2021-04-14', '2021-04-11', 1),
(92, 28, 81, '2021-04-14', '2021-04-11', 1),
(93, 29, 24, '2021-04-14', '2021-04-11', 1),
(94, 30, 89, '2021-04-14', '2021-04-11', 1),
(95, 31, 73, '2021-04-14', '2021-04-11', 1),
(96, 32, 64, '2021-04-14', '2021-04-11', 1),
(97, 33, 3, '2021-04-14', '2021-04-11', 1),
(98, 34, 38, '2021-04-14', '2021-04-11', 1),
(99, 35, 66, '2021-04-14', '2021-04-11', 1),
(100, 36, 107, '2021-04-14', '2021-04-11', 1),
(101, 37, 45, '2021-04-14', '2021-04-11', 1),
(102, 38, 31, '2021-04-14', '2021-04-11', 1),
(103, 39, 16, '2021-04-14', '2021-04-11', 1),
(104, 40, 12, '2021-04-15', '2021-04-12', 1),
(105, 41, 46, '2021-04-15', '2021-04-12', 1),
(106, 42, 108, '2021-04-15', '2021-04-12', 1),
(107, 43, 80, '2021-04-15', '2021-04-12', 1),
(108, 44, 19, '2021-04-15', '2021-04-12', 1),
(109, 45, 19, '2021-04-15', '2021-04-12', 1),
(110, 46, 13, '2021-04-15', '2021-04-12', 1),
(111, 47, 70, '2021-04-15', '2021-04-12', 1),
(112, 48, 27, '2021-04-15', '2021-04-12', 1),
(113, 49, 96, '2021-04-15', '2021-04-12', 1),
(114, 50, 43, '2021-04-15', '2021-04-12', 1),
(115, 51, 6, '2021-04-15', '2021-04-12', 1),
(116, 52, 18, '2021-04-15', '2021-04-12', 1),
(117, 53, 21, '2021-04-15', '2021-04-12', 1),
(118, 54, 35, '2021-04-15', '2021-04-12', 1),
(119, 55, 1, '2021-04-15', '2021-04-12', 1),
(120, 56, 16, '2021-04-15', '2021-04-12', 1),
(121, 57, 102, '2021-04-15', '2021-04-12', 1),
(122, 58, 70, '2021-04-15', '2021-04-12', 1),
(123, 59, 82, '2021-04-15', '2021-04-12', 1),
(124, 60, 97, '2021-04-15', '2021-04-12', 1),
(125, 1, 47, '2021-04-20', '2021-04-17', 1),
(126, 2, 67, '2021-04-20', '2021-04-17', 1),
(127, 3, 42, '2021-04-20', '2021-04-17', 1),
(128, 4, 55, '2021-04-20', '2021-04-17', 1),
(129, 5, 12, '2021-04-20', '2021-04-17', 1),
(130, 6, 30, '2021-04-20', '2021-04-17', 1),
(131, 7, 58, '2021-04-20', '2021-04-17', 1),
(132, 8, 71, '2021-04-20', '2021-04-17', 1),
(133, 9, 42, '2021-04-20', '2021-04-17', 1),
(134, 10, 83, '2021-04-20', '2021-04-17', 1),
(135, 11, 105, '2021-04-20', '2021-04-17', 1),
(136, 12, 11, '2021-04-20', '2021-04-17', 1),
(137, 13, 70, '2021-04-20', '2021-04-17', 1),
(138, 14, 65, '2021-04-20', '2021-04-17', 1),
(139, 15, 59, '2021-04-20', '2021-04-17', 1),
(140, 16, 11, '2021-04-20', '2021-04-17', 1),
(141, 17, 100, '2021-04-20', '2021-04-17', 1),
(142, 18, 96, '2021-04-20', '2021-04-17', 1),
(143, 19, 110, '2021-04-20', '2021-04-17', 1),
(144, 20, 52, '2021-04-21', '2021-04-18', 1),
(145, 21, 68, '2021-04-21', '2021-04-18', 1),
(146, 22, 90, '2021-04-21', '2021-04-18', 1),
(147, 23, 52, '2021-04-21', '2021-04-18', 1),
(148, 24, 10, '2021-04-21', '2021-04-18', 1),
(149, 25, 12, '2021-04-21', '2021-04-18', 1),
(150, 26, 18, '2021-04-21', '2021-04-18', 1),
(151, 27, 62, '2021-04-21', '2021-04-18', 1),
(152, 28, 69, '2021-04-21', '2021-04-18', 1),
(153, 29, 54, '2021-04-21', '2021-04-18', 1),
(154, 30, 7, '2021-04-21', '2021-04-18', 1),
(155, 31, 39, '2021-04-21', '2021-04-18', 1),
(156, 32, 95, '2021-04-21', '2021-04-18', 1),
(157, 33, 33, '2021-04-21', '2021-04-18', 1),
(158, 34, 35, '2021-04-21', '2021-04-18', 1),
(160, 36, 99, '2021-04-21', '2021-04-18', 1),
(161, 37, 103, '2021-04-21', '2021-04-18', 1),
(162, 38, 102, '2021-04-21', '2021-04-18', 1),
(163, 39, 67, '2021-04-21', '2021-04-18', 1),
(164, 40, 60, '2021-04-22', '2021-04-19', 1),
(165, 41, 83, '2021-04-22', '2021-04-19', 1),
(166, 42, 90, '2021-04-22', '2021-04-19', 1),
(167, 43, 37, '2021-04-22', '2021-04-19', 1),
(168, 44, 18, '2021-04-22', '2021-04-19', 1),
(169, 45, 3, '2021-04-22', '2021-04-19', 1),
(170, 46, 100, '2021-04-22', '2021-04-19', 1),
(171, 47, 8, '2021-04-22', '2021-04-19', 1),
(172, 48, 52, '2021-04-22', '2021-04-19', 1),
(173, 49, 69, '2021-04-22', '2021-04-19', 1),
(174, 50, 71, '2021-04-22', '2021-04-19', 1),
(175, 51, 32, '2021-04-22', '2021-04-19', 1),
(176, 52, 57, '2021-04-22', '2021-04-19', 1),
(177, 53, 27, '2021-04-22', '2021-04-19', 1),
(178, 54, 77, '2021-04-22', '2021-04-19', 1),
(179, 55, 37, '2021-04-22', '2021-04-19', 1),
(180, 56, 82, '2021-04-22', '2021-04-19', 1),
(181, 57, 103, '2021-04-22', '2021-04-19', 1),
(182, 58, 58, '2021-04-22', '2021-04-19', 1),
(183, 59, 61, '2021-04-22', '2021-04-19', 1),
(184, 60, 89, '2021-04-22', '2021-04-19', 1),
(185, 1, 74, '2021-04-27', '2021-04-24', 1),
(186, 2, 61, '2021-04-27', '2021-04-24', 1),
(187, 3, 54, '2021-04-27', '2021-04-24', 1),
(188, 4, 62, '2021-04-27', '2021-04-24', 1),
(189, 5, 87, '2021-04-27', '2021-04-24', 1),
(190, 6, 9, '2021-04-27', '2021-04-24', 1),
(191, 7, 61, '2021-04-27', '2021-04-24', 1),
(192, 8, 27, '2021-04-27', '2021-04-24', 1),
(193, 9, 2, '2021-04-27', '2021-04-24', 1),
(194, 10, 12, '2021-04-27', '2021-04-24', 1),
(195, 11, 81, '2021-04-27', '2021-04-24', 1),
(196, 12, 74, '2021-04-27', '2021-04-24', 1),
(197, 13, 25, '2021-04-27', '2021-04-24', 1),
(198, 14, 26, '2021-04-27', '2021-04-24', 1),
(199, 15, 24, '2021-04-27', '2021-04-24', 1),
(200, 16, 28, '2021-04-27', '2021-04-24', 1),
(201, 17, 61, '2021-04-27', '2021-04-24', 1),
(202, 18, 6, '2021-04-27', '2021-04-24', 1),
(203, 19, 14, '2021-04-27', '2021-04-24', 1),
(204, 20, 53, '2021-04-28', '2021-04-25', 1),
(205, 21, 60, '2021-04-28', '2021-04-25', 1),
(206, 22, 93, '2021-04-28', '2021-04-25', 1),
(207, 23, 12, '2021-04-28', '2021-04-25', 1),
(208, 24, 10, '2021-04-28', '2021-04-25', 1),
(209, 25, 81, '2021-04-28', '2021-04-25', 1),
(210, 26, 6, '2021-04-28', '2021-04-25', 1),
(211, 27, 104, '2021-04-28', '2021-04-25', 1),
(212, 28, 93, '2021-04-28', '2021-04-25', 1),
(214, 30, 94, '2021-04-28', '2021-04-25', 1),
(215, 31, 69, '2021-04-28', '2021-04-25', 1),
(216, 32, 65, '2021-04-28', '2021-04-25', 1),
(217, 33, 31, '2021-04-28', '2021-04-25', 1),
(218, 34, 6, '2021-04-28', '2021-04-25', 1),
(219, 35, 56, '2021-04-28', '2021-04-25', 1),
(220, 36, 99, '2021-04-28', '2021-04-25', 1),
(221, 37, 4, '2021-04-28', '2021-04-25', 1),
(222, 38, 80, '2021-04-28', '2021-04-25', 1),
(223, 39, 16, '2021-04-28', '2021-04-25', 1),
(224, 40, 94, '2021-04-29', '2021-04-26', 1),
(225, 41, 86, '2021-04-29', '2021-04-26', 1),
(226, 42, 106, '2021-04-29', '2021-04-26', 1),
(227, 43, 17, '2021-04-29', '2021-04-26', 1),
(228, 44, 42, '2021-04-29', '2021-04-26', 1),
(229, 45, 39, '2021-04-29', '2021-04-26', 1),
(230, 46, 7, '2021-04-29', '2021-04-26', 1),
(231, 47, 7, '2021-04-29', '2021-04-26', 1),
(232, 48, 7, '2021-04-29', '2021-04-26', 1),
(233, 49, 61, '2021-04-29', '2021-04-26', 1),
(234, 50, 75, '2021-04-29', '2021-04-26', 1),
(235, 51, 93, '2021-04-29', '2021-04-26', 1),
(236, 52, 6, '2021-04-29', '2021-04-26', 1),
(237, 53, 96, '2021-04-29', '2021-04-26', 1),
(238, 54, 51, '2021-04-29', '2021-04-26', 1),
(239, 55, 80, '2021-04-29', '2021-04-26', 1),
(240, 56, 26, '2021-04-29', '2021-04-26', 1),
(241, 57, 67, '2021-04-29', '2021-04-26', 1),
(242, 58, 25, '2021-04-29', '2021-04-26', 1),
(243, 59, 71, '2021-04-29', '2021-04-26', 1),
(244, 60, 95, '2021-04-29', '2021-04-26', 1),
(245, 1, 111, '2021-05-04', '2021-05-01', 1),
(246, 4, 12, '2021-05-04', '2021-05-01', 1),
(247, 5, 65, '2021-05-04', '2021-05-01', 1),
(248, 6, 18, '2021-05-04', '2021-05-01', 1),
(249, 7, 93, '2021-05-04', '2021-05-01', 1),
(250, 8, 36, '2021-05-04', '2021-05-01', 1),
(251, 9, 94, '2021-05-04', '2021-05-01', 1),
(252, 10, 89, '2021-05-04', '2021-05-01', 1),
(253, 11, 5, '2021-05-04', '2021-05-01', 1),
(255, 15, 15, '2021-05-04', '2021-05-01', 1),
(256, 16, 13, '2021-05-04', '2021-05-01', 1),
(257, 17, 105, '2021-05-04', '2021-05-01', 1),
(258, 18, 106, '2021-05-04', '2021-05-01', 1),
(259, 19, 37, '2021-05-04', '2021-05-01', 1),
(260, 21, 75, '2021-05-05', '2021-05-02', 1),
(261, 22, 29, '2021-05-05', '2021-05-02', 1),
(262, 23, 99, '2021-05-05', '2021-05-02', 1),
(263, 24, 66, '2021-05-05', '2021-05-02', 1),
(264, 29, 48, '2021-05-05', '2021-05-02', 1),
(265, 31, 2, '2021-05-05', '2021-05-02', 1),
(266, 32, 79, '2021-05-05', '2021-05-02', 1),
(267, 34, 19, '2021-05-05', '2021-05-02', 1),
(268, 35, 49, '2021-05-05', '2021-05-02', 1),
(269, 36, 108, '2021-05-05', '2021-05-02', 1),
(270, 37, 79, '2021-05-05', '2021-05-02', 1),
(271, 39, 63, '2021-05-05', '2021-05-02', 1),
(272, 42, 70, '2021-05-06', '2021-05-03', 1),
(273, 43, 104, '2021-05-06', '2021-05-03', 1),
(275, 45, 24, '2021-05-06', '2021-05-03', 1),
(276, 47, 91, '2021-05-06', '2021-05-03', 1),
(277, 49, 77, '2021-05-06', '2021-05-03', 1),
(278, 52, 108, '2021-05-06', '2021-05-03', 1),
(279, 54, 60, '2021-05-06', '2021-05-03', 1),
(280, 55, 111, '2021-05-06', '2021-05-03', 1),
(281, 56, 93, '2021-05-06', '2021-05-03', 1),
(282, 57, 3, '2021-05-06', '2021-05-03', 1),
(283, 58, 28, '2021-05-06', '2021-05-03', 1),
(284, 59, 80, '2021-05-06', '2021-05-03', 1),
(285, 1, 78, '2021-05-11', '2021-05-08', 1),
(286, 4, 97, '2021-05-11', '2021-05-08', 1),
(287, 5, 64, '2021-05-11', '2021-05-08', 1),
(288, 6, 100, '2021-05-11', '2021-05-08', 1),
(289, 7, 96, '2021-05-11', '2021-05-08', 1),
(290, 8, 8, '2021-05-11', '2021-05-08', 1),
(291, 9, 101, '2021-05-11', '2021-05-08', 1),
(292, 10, 98, '2021-05-11', '2021-05-08', 1),
(293, 11, 15, '2021-05-11', '2021-05-08', 1),
(294, 12, 26, '2021-05-11', '2021-05-08', 1),
(295, 15, 71, '2021-05-11', '2021-05-08', 1),
(296, 16, 77, '2021-05-11', '2021-05-08', 1),
(297, 17, 4, '2021-05-11', '2021-05-08', 1),
(298, 18, 46, '2021-05-11', '2021-05-08', 1),
(299, 19, 29, '2021-05-11', '2021-05-08', 1),
(300, 21, 39, '2021-05-12', '2021-05-09', 1),
(301, 22, 66, '2021-05-12', '2021-05-09', 1),
(302, 23, 103, '2021-05-12', '2021-05-09', 1),
(303, 24, 72, '2021-05-12', '2021-05-09', 1),
(304, 29, 90, '2021-05-12', '2021-05-09', 1),
(305, 31, 27, '2021-05-12', '2021-05-09', 1),
(306, 32, 94, '2021-05-12', '2021-05-09', 1),
(307, 34, 89, '2021-05-12', '2021-05-09', 1),
(308, 35, 79, '2021-05-12', '2021-05-09', 1),
(309, 36, 108, '2021-05-12', '2021-05-09', 1),
(310, 37, 68, '2021-05-12', '2021-05-09', 1),
(311, 39, 15, '2021-05-12', '2021-05-09', 1),
(312, 42, 20, '2021-05-13', '2021-05-10', 1),
(313, 43, 32, '2021-05-13', '2021-05-10', 1),
(314, 44, 51, '2021-05-13', '2021-05-10', 1),
(315, 45, 50, '2021-05-13', '2021-05-10', 1),
(316, 47, 49, '2021-05-13', '2021-05-10', 1),
(317, 49, 59, '2021-05-13', '2021-05-10', 1),
(318, 52, 106, '2021-05-13', '2021-05-10', 1),
(319, 54, 66, '2021-05-13', '2021-05-10', 1),
(321, 56, 92, '2021-05-13', '2021-05-10', 1),
(322, 57, 5, '2021-05-13', '2021-05-10', 1),
(323, 58, 44, '2021-05-13', '2021-05-10', 1),
(324, 59, 104, '2021-05-13', '2021-05-10', 1),
(325, 1, 92, '2021-05-18', '2021-05-15', 1),
(326, 4, 110, '2021-05-18', '2021-05-15', 1),
(327, 5, 31, '2021-05-18', '2021-05-15', 1),
(328, 6, 68, '2021-05-18', '2021-05-15', 1),
(329, 7, 80, '2021-05-18', '2021-05-15', 1),
(330, 8, 54, '2021-05-18', '2021-05-15', 1),
(331, 9, 106, '2021-05-18', '2021-05-15', 1),
(332, 10, 11, '2021-05-18', '2021-05-15', 1),
(333, 11, 15, '2021-05-18', '2021-05-15', 1),
(334, 12, 32, '2021-05-18', '2021-05-15', 1),
(335, 15, 93, '2021-05-18', '2021-05-15', 1),
(336, 16, 95, '2021-05-18', '2021-05-15', 1),
(337, 17, 30, '2021-05-18', '2021-05-15', 1),
(338, 18, 85, '2021-05-18', '2021-05-15', 1),
(339, 19, 103, '2021-05-18', '2021-05-15', 1),
(340, 21, 74, '2021-05-19', '2021-05-16', 1),
(341, 22, 81, '2021-05-19', '2021-05-16', 1),
(342, 23, 38, '2021-05-19', '2021-05-16', 1),
(343, 24, 87, '2021-05-19', '2021-05-16', 1),
(344, 29, 66, '2021-05-19', '2021-05-16', 1),
(345, 31, 96, '2021-05-19', '2021-05-16', 1),
(346, 32, 74, '2021-05-19', '2021-05-16', 1),
(347, 34, 64, '2021-05-19', '2021-05-16', 1),
(348, 35, 104, '2021-05-19', '2021-05-16', 1),
(349, 36, 1, '2021-05-19', '2021-05-16', 1),
(350, 37, 93, '2021-05-19', '2021-05-16', 1),
(351, 39, 9, '2021-05-19', '2021-05-16', 1),
(352, 42, 84, '2021-05-20', '2021-05-17', 1),
(353, 43, 96, '2021-05-20', '2021-05-17', 1),
(354, 44, 55, '2021-05-20', '2021-05-17', 1),
(355, 45, 50, '2021-05-20', '2021-05-17', 1),
(356, 47, 65, '2021-05-20', '2021-05-17', 1),
(357, 49, 49, '2021-05-20', '2021-05-17', 1),
(358, 52, 53, '2021-05-20', '2021-05-17', 1),
(359, 54, 26, '2021-05-20', '2021-05-17', 1),
(360, 55, 41, '2021-05-20', '2021-05-17', 1),
(361, 56, 55, '2021-05-20', '2021-05-17', 1),
(362, 57, 45, '2021-05-20', '2021-05-17', 1),
(363, 58, 62, '2021-05-20', '2021-05-17', 1),
(364, 59, 110, '2021-05-20', '2021-05-17', 1),
(365, 1, 64, '2021-05-25', '2021-05-22', 1),
(366, 4, 45, '2021-05-25', '2021-05-22', 1),
(367, 5, 2, '2021-05-25', '2021-05-22', 1),
(368, 6, 93, '2021-05-25', '2021-05-22', 1),
(369, 7, 75, '2021-05-25', '2021-05-22', 1),
(371, 9, 73, '2021-05-25', '2021-05-22', 1),
(372, 10, 106, '2021-05-25', '2021-05-22', 1),
(373, 11, 40, '2021-05-25', '2021-05-22', 1),
(374, 12, 75, '2021-05-25', '2021-05-22', 1),
(375, 15, 49, '2021-05-25', '2021-05-22', 1),
(376, 16, 99, '2021-05-25', '2021-05-22', 1),
(377, 17, 72, '2021-05-25', '2021-05-22', 1),
(378, 18, 16, '2021-05-25', '2021-05-22', 1),
(379, 19, 77, '2021-05-25', '2021-05-22', 1),
(380, 21, 106, '2021-05-26', '2021-05-23', 1),
(381, 22, 29, '2021-05-26', '2021-05-23', 1),
(382, 23, 93, '2021-05-26', '2021-05-23', 1),
(383, 24, 3, '2021-05-26', '2021-05-23', 1),
(384, 29, 111, '2021-05-26', '2021-05-23', 1),
(385, 31, 92, '2021-05-26', '2021-05-23', 1),
(386, 32, 102, '2021-05-26', '2021-05-23', 1),
(387, 34, 61, '2021-05-26', '2021-05-23', 1),
(388, 35, 96, '2021-05-26', '2021-05-23', 1),
(389, 36, 57, '2021-05-26', '2021-05-23', 1),
(390, 37, 92, '2021-05-26', '2021-05-23', 1),
(391, 39, 30, '2021-05-26', '2021-05-23', 1),
(392, 42, 83, '2021-05-26', '2021-05-24', 1),
(393, 43, 81, '2021-05-26', '2021-05-24', 1),
(394, 44, 61, '2021-05-26', '2021-05-24', 1),
(395, 45, 37, '2021-05-26', '2021-05-24', 1),
(396, 47, 111, '2021-05-26', '2021-05-24', 1),
(397, 49, 91, '2021-05-26', '2021-05-24', 1),
(398, 52, 96, '2021-05-26', '2021-05-24', 1),
(399, 54, 92, '2021-05-26', '2021-05-24', 1),
(400, 55, 27, '2021-05-26', '2021-05-24', 1),
(401, 56, 78, '2021-05-26', '2021-05-24', 1),
(402, 57, 26, '2021-05-26', '2021-05-24', 1),
(403, 58, 109, '2021-05-26', '2021-05-24', 1),
(404, 59, 84, '2021-05-26', '2021-05-24', 1),
(405, 1, 104, '2021-06-01', '2021-05-29', 1),
(406, 4, 9, '2021-06-01', '2021-05-29', 1),
(407, 5, 54, '2021-06-01', '2021-05-29', 1),
(408, 6, 47, '2021-06-01', '2021-05-29', 1),
(409, 7, 93, '2021-06-01', '2021-05-29', 1),
(410, 8, 78, '2021-06-01', '2021-05-29', 1),
(411, 9, 25, '2021-06-01', '2021-05-29', 1),
(412, 10, 45, '2021-06-01', '2021-05-29', 1),
(413, 11, 30, '2021-06-01', '2021-05-29', 1),
(414, 12, 104, '2021-06-01', '2021-05-29', 1),
(415, 15, 15, '2021-06-01', '2021-05-29', 1),
(416, 16, 110, '2021-06-01', '2021-05-29', 1),
(417, 17, 90, '2021-06-01', '2021-05-29', 1),
(418, 18, 4, '2021-06-01', '2021-05-29', 1),
(419, 19, 62, '2021-06-01', '2021-05-29', 1),
(420, 21, 101, '2021-06-02', '2021-05-30', 1),
(421, 22, 80, '2021-06-02', '2021-05-30', 1),
(422, 23, 105, '2021-06-02', '2021-05-30', 1),
(423, 24, 66, '2021-06-02', '2021-05-30', 1),
(424, 29, 46, '2021-06-02', '2021-05-30', 1),
(425, 31, 110, '2021-06-02', '2021-05-30', 1),
(426, 32, 73, '2021-06-02', '2021-05-30', 1),
(427, 34, 64, '2021-06-02', '2021-05-30', 1),
(428, 35, 6, '2021-06-02', '2021-05-30', 1),
(429, 36, 40, '2021-06-02', '2021-05-30', 1),
(430, 37, 36, '2021-06-02', '2021-05-30', 1),
(431, 39, 57, '2021-06-02', '2021-05-30', 1),
(432, 42, 29, '2021-06-03', '2021-05-31', 1),
(433, 43, 9, '2021-06-03', '2021-05-31', 1),
(434, 44, 51, '2021-06-03', '2021-05-31', 1),
(435, 45, 69, '2021-06-03', '2021-05-31', 1),
(436, 47, 35, '2021-06-03', '2021-05-31', 1),
(437, 49, 36, '2021-06-03', '2021-05-31', 1),
(438, 52, 39, '2021-06-03', '2021-05-31', 1),
(439, 54, 70, '2021-06-03', '2021-05-31', 1),
(440, 55, 81, '2021-06-03', '2021-05-31', 1),
(441, 56, 21, '2021-06-03', '2021-05-31', 1),
(442, 57, 101, '2021-06-03', '2021-05-31', 1),
(443, 58, 8, '2021-06-03', '2021-05-31', 1),
(444, 59, 54, '2021-06-03', '2021-05-31', 1),
(445, 1, 104, '2021-06-08', '2021-06-05', 1),
(446, 4, 111, '2021-06-08', '2021-06-05', 1),
(447, 5, 87, '2021-06-08', '2021-06-05', 1),
(448, 6, 108, '2021-06-08', '2021-06-05', 1),
(449, 7, 104, '2021-06-08', '2021-06-05', 1),
(450, 8, 11, '2021-06-08', '2021-06-05', 1),
(451, 9, 27, '2021-06-08', '2021-06-05', 1),
(452, 10, 15, '2021-06-08', '2021-06-05', 1),
(453, 11, 74, '2021-06-08', '2021-06-05', 1),
(454, 12, 79, '2021-06-08', '2021-06-05', 1),
(455, 15, 90, '2021-06-08', '2021-06-05', 1),
(456, 16, 74, '2021-06-08', '2021-06-05', 1),
(457, 17, 15, '2021-06-08', '2021-06-05', 1),
(458, 18, 35, '2021-06-08', '2021-06-05', 1),
(459, 19, 87, '2021-06-08', '2021-06-05', 1),
(460, 21, 83, '2021-06-09', '2021-06-06', 1),
(461, 22, 44, '2021-06-09', '2021-06-06', 1),
(462, 23, 9, '2021-06-09', '2021-06-06', 1),
(463, 24, 5, '2021-06-09', '2021-06-06', 1),
(464, 29, 22, '2021-06-09', '2021-06-06', 1),
(465, 31, 26, '2021-06-09', '2021-06-06', 1),
(466, 32, 63, '2021-06-09', '2021-06-06', 1),
(467, 34, 107, '2021-06-09', '2021-06-06', 1),
(468, 35, 79, '2021-06-09', '2021-06-06', 1),
(469, 36, 30, '2021-06-09', '2021-06-06', 1),
(470, 37, 11, '2021-06-09', '2021-06-06', 1),
(471, 39, 65, '2021-06-09', '2021-06-06', 1),
(472, 42, 76, '2021-06-10', '2021-06-07', 1),
(473, 43, 53, '2021-06-10', '2021-06-07', 1),
(474, 44, 103, '2021-06-10', '2021-06-07', 1),
(475, 45, 5, '2021-06-10', '2021-06-07', 1),
(476, 47, 84, '2021-06-10', '2021-06-07', 1),
(477, 49, 23, '2021-06-10', '2021-06-07', 1),
(478, 52, 24, '2021-06-10', '2021-06-07', 1),
(479, 54, 1, '2021-06-10', '2021-06-07', 1),
(480, 55, 18, '2021-06-10', '2021-06-07', 1),
(481, 56, 74, '2021-06-10', '2021-06-07', 1),
(482, 57, 73, '2021-06-10', '2021-06-07', 1),
(483, 58, 97, '2021-06-10', '2021-06-07', 1),
(484, 59, 94, '2021-06-10', '2021-06-07', 1),
(485, 1, 17, '2021-06-15', '2021-06-12', 1),
(486, 4, 101, '2021-06-15', '2021-06-12', 1),
(487, 5, 40, '2021-06-15', '2021-06-12', 1),
(488, 6, 68, '2021-06-15', '2021-06-12', 1),
(489, 7, 52, '2021-06-15', '2021-06-12', 1),
(490, 8, 111, '2021-06-15', '2021-06-12', 1),
(491, 9, 4, '2021-06-15', '2021-06-12', 1),
(492, 10, 92, '2021-06-15', '2021-06-12', 1),
(493, 11, 44, '2021-06-15', '2021-06-12', 1),
(494, 12, 9, '2021-06-15', '2021-06-12', 1),
(495, 15, 2, '2021-06-15', '2021-06-12', 1),
(496, 16, 21, '2021-06-15', '2021-06-12', 1),
(497, 17, 63, '2021-06-15', '2021-06-12', 1),
(498, 18, 29, '2021-06-15', '2021-06-12', 1),
(499, 19, 10, '2021-06-15', '2021-06-12', 1),
(500, 21, 87, '2021-06-16', '2021-06-13', 1),
(501, 22, 90, '2021-06-16', '2021-06-13', 1),
(502, 23, 38, '2021-06-16', '2021-06-13', 1),
(503, 24, 50, '2021-06-16', '2021-06-13', 1),
(504, 29, 36, '2021-06-16', '2021-06-13', 1),
(505, 31, 11, '2021-06-16', '2021-06-13', 1),
(506, 32, 53, '2021-06-16', '2021-06-13', 1),
(507, 34, 47, '2021-06-16', '2021-06-13', 1),
(508, 35, 23, '2021-06-16', '2021-06-13', 1),
(509, 36, 15, '2021-06-16', '2021-06-13', 1),
(510, 37, 35, '2021-06-16', '2021-06-13', 1),
(511, 39, 56, '2021-06-16', '2021-06-13', 1),
(512, 42, 106, '2021-06-17', '2021-06-14', 1),
(513, 43, 28, '2021-06-17', '2021-06-14', 1),
(514, 44, 12, '2021-06-17', '2021-06-14', 1),
(515, 45, 64, '2021-06-17', '2021-06-14', 1),
(516, 47, 89, '2021-06-17', '2021-06-14', 1),
(517, 49, 37, '2021-06-17', '2021-06-14', 1),
(518, 52, 105, '2021-06-17', '2021-06-14', 1),
(519, 54, 93, '2021-06-17', '2021-06-14', 1),
(520, 55, 104, '2021-06-17', '2021-06-14', 1),
(521, 56, 39, '2021-06-17', '2021-06-14', 1),
(522, 57, 104, '2021-06-17', '2021-06-14', 1),
(523, 58, 81, '2021-06-17', '2021-06-14', 1),
(524, 59, 36, '2021-06-17', '2021-06-14', 1),
(525, 1, 7, '2021-06-22', '2021-06-19', 1),
(526, 4, 44, '2021-06-22', '2021-06-19', 1),
(527, 5, 35, '2021-06-22', '2021-06-19', 1),
(528, 6, 23, '2021-06-22', '2021-06-19', 1),
(529, 7, 44, '2021-06-22', '2021-06-19', 1),
(530, 8, 12, '2021-06-22', '2021-06-19', 1),
(531, 9, 78, '2021-06-22', '2021-06-19', 1),
(532, 10, 61, '2021-06-22', '2021-06-19', 1),
(533, 11, 67, '2021-06-22', '2021-06-19', 1),
(534, 12, 56, '2021-06-22', '2021-06-19', 1),
(535, 15, 24, '2021-06-22', '2021-06-19', 1),
(536, 16, 107, '2021-06-22', '2021-06-19', 1),
(537, 17, 92, '2021-06-22', '2021-06-19', 1),
(538, 18, 45, '2021-06-22', '2021-06-19', 1),
(539, 19, 94, '2021-06-22', '2021-06-19', 1),
(540, 2, 85, '2021-04-06', '2021-04-03', 1),
(541, 44, 110, '2021-05-06', '2021-05-03', 1),
(542, 8, 34, '2021-05-25', '2021-05-22', 1),
(543, 2, 26, '2021-04-06', '2021-04-03', 1),
(544, 44, 48, '2021-05-06', '2021-05-03', 1),
(545, 8, 56, '2021-05-25', '2021-05-22', 1),
(547, 62, 10, '2021-06-23', '2021-06-30', 0);

-- --------------------------------------------------------

--
-- Table structure for table `collect`
--

CREATE TABLE `collect` (
  `id` int(11) NOT NULL,
  `borrow_id` int(11) NOT NULL,
  `date` date NOT NULL,
  `status` int(11) NOT NULL DEFAULT 0 COMMENT '0-to collect,1-collected'
) ENGINE=InnoDB DEFAULT CHARSET=utf8mb4;

--
-- Dumping data for table `collect`
--

INSERT INTO `collect` (`id`, `borrow_id`, `date`, `status`) VALUES
(4, 5, '2021-04-10', 1),
(5, 7, '2021-04-10', 1),
(6, 8, '2021-04-10', 1),
(7, 9, '2021-04-10', 1),
(8, 10, '2021-04-10', 1),
(9, 11, '2021-04-10', 1),
(10, 12, '2021-04-10', 1),
(11, 13, '2021-04-10', 1),
(12, 14, '2021-04-10', 1),
(13, 15, '2021-04-10', 1),
(14, 16, '2021-04-10', 1),
(15, 17, '2021-04-10', 1),
(16, 18, '2021-04-10', 1),
(17, 19, '2021-04-10', 1),
(18, 20, '2021-04-10', 1),
(19, 21, '2021-04-10', 1),
(20, 22, '2021-04-10', 1),
(21, 23, '2021-04-10', 1),
(22, 24, '2021-04-11', 1),
(23, 25, '2021-04-11', 1),
(24, 26, '2021-04-11', 1),
(25, 27, '2021-04-11', 1),
(26, 28, '2021-04-11', 1),
(27, 29, '2021-04-11', 1),
(28, 30, '2021-04-11', 1),
(29, 31, '2021-04-11', 1),
(30, 32, '2021-04-11', 1),
(31, 33, '2021-04-11', 1),
(32, 34, '2021-04-11', 1),
(33, 35, '2021-04-11', 1),
(34, 36, '2021-04-11', 1),
(35, 37, '2021-04-11', 1),
(36, 38, '2021-04-11', 1),
(37, 39, '2021-04-11', 1),
(38, 40, '2021-04-11', 1),
(39, 41, '2021-04-11', 1),
(40, 42, '2021-04-11', 1),
(41, 43, '2021-04-11', 1),
(42, 44, '2021-04-12', 1),
(43, 45, '2021-04-12', 1),
(44, 46, '2021-04-12', 1),
(45, 47, '2021-04-12', 1),
(46, 48, '2021-04-12', 1),
(47, 49, '2021-04-12', 1),
(48, 50, '2021-04-12', 1),
(49, 51, '2021-04-12', 1),
(50, 52, '2021-04-12', 1),
(51, 53, '2021-04-12', 1),
(52, 54, '2021-04-12', 1),
(53, 55, '2021-04-12', 1),
(54, 56, '2021-04-12', 1),
(55, 57, '2021-04-12', 1),
(56, 58, '2021-04-12', 1),
(57, 59, '2021-04-12', 1),
(58, 60, '2021-04-12', 1),
(59, 61, '2021-04-12', 1),
(60, 62, '2021-04-12', 1),
(61, 63, '2021-04-12', 1),
(62, 64, '2021-04-12', 1),
(63, 65, '2021-04-17', 1),
(64, 66, '2021-04-17', 1),
(65, 67, '2021-04-17', 1),
(66, 68, '2021-04-17', 1),
(67, 69, '2021-04-17', 1),
(68, 70, '2021-04-17', 1),
(69, 71, '2021-04-17', 1),
(70, 72, '2021-04-17', 1),
(71, 74, '2021-04-17', 1),
(72, 75, '2021-04-17', 1),
(73, 76, '2021-04-17', 1),
(74, 77, '2021-04-17', 1),
(75, 78, '2021-04-17', 1),
(76, 79, '2021-04-17', 1),
(77, 80, '2021-04-17', 1),
(78, 81, '2021-04-17', 1),
(79, 82, '2021-04-17', 1),
(80, 84, '2021-04-18', 1),
(81, 85, '2021-04-18', 1),
(82, 86, '2021-04-18', 1),
(83, 87, '2021-04-18', 1),
(84, 88, '2021-04-18', 1),
(85, 89, '2021-04-18', 1),
(86, 90, '2021-04-18', 1),
(87, 91, '2021-04-18', 1),
(88, 92, '2021-04-18', 1),
(89, 93, '2021-04-18', 1),
(90, 94, '2021-04-18', 1),
(91, 95, '2021-04-18', 1),
(92, 96, '2021-04-18', 1),
(93, 97, '2021-04-18', 1),
(94, 98, '2021-04-18', 1),
(95, 99, '2021-04-18', 1),
(96, 100, '2021-04-18', 1),
(97, 101, '2021-04-18', 1),
(98, 102, '2021-04-18', 1),
(99, 103, '2021-04-18', 1),
(100, 104, '2021-04-19', 1),
(101, 105, '2021-04-19', 1),
(102, 106, '2021-04-19', 1),
(103, 107, '2021-04-19', 1),
(104, 108, '2021-04-19', 1),
(105, 109, '2021-04-19', 1),
(106, 110, '2021-04-19', 1),
(107, 111, '2021-04-19', 1),
(108, 112, '2021-04-19', 1),
(109, 113, '2021-04-19', 1),
(110, 114, '2021-04-19', 1),
(111, 115, '2021-04-19', 1),
(112, 116, '2021-04-19', 1),
(113, 117, '2021-04-19', 1),
(114, 118, '2021-04-19', 1),
(115, 119, '2021-04-19', 1),
(116, 120, '2021-04-19', 1),
(117, 121, '2021-04-19', 1),
(118, 122, '2021-04-19', 1),
(119, 123, '2021-04-19', 1),
(120, 124, '2021-04-19', 1),
(121, 125, '2021-04-24', 1),
(122, 126, '2021-04-24', 1),
(123, 127, '2021-04-24', 1),
(124, 128, '2021-04-24', 1),
(125, 129, '2021-04-24', 1),
(126, 130, '2021-04-24', 1),
(127, 131, '2021-04-24', 1),
(128, 132, '2021-04-24', 1),
(129, 133, '2021-04-24', 1),
(130, 134, '2021-04-24', 1),
(131, 135, '2021-04-24', 1),
(132, 136, '2021-04-24', 1),
(133, 137, '2021-04-24', 1),
(134, 138, '2021-04-24', 1),
(135, 139, '2021-04-24', 1),
(136, 140, '2021-04-24', 1),
(137, 141, '2021-04-24', 1),
(138, 142, '2021-04-24', 1),
(139, 143, '2021-04-24', 1),
(140, 144, '2021-04-25', 1),
(141, 145, '2021-04-25', 1),
(142, 146, '2021-04-25', 1),
(143, 147, '2021-04-25', 1),
(144, 148, '2021-04-25', 1),
(145, 149, '2021-04-25', 1),
(146, 150, '2021-04-25', 1),
(147, 151, '2021-04-25', 1),
(148, 152, '2021-04-25', 1),
(149, 153, '2021-04-25', 1),
(150, 154, '2021-04-25', 1),
(151, 155, '2021-04-25', 1),
(152, 156, '2021-04-25', 1),
(153, 157, '2021-04-25', 1),
(154, 158, '2021-04-25', 1),
(155, 160, '2021-04-25', 1),
(156, 161, '2021-04-25', 1),
(157, 162, '2021-04-25', 1),
(158, 163, '2021-04-25', 1),
(159, 164, '2021-04-26', 1),
(160, 165, '2021-04-26', 1),
(161, 166, '2021-04-26', 1),
(162, 167, '2021-04-26', 1),
(163, 168, '2021-04-26', 1),
(164, 169, '2021-04-26', 1),
(165, 170, '2021-04-26', 1),
(166, 171, '2021-04-26', 1),
(167, 172, '2021-04-26', 1),
(168, 173, '2021-04-26', 1),
(169, 174, '2021-04-26', 1),
(170, 175, '2021-04-26', 1),
(171, 176, '2021-04-26', 1),
(172, 177, '2021-04-26', 1),
(173, 178, '2021-04-26', 1),
(174, 179, '2021-04-26', 1),
(175, 180, '2021-04-26', 1),
(176, 181, '2021-04-26', 1),
(177, 182, '2021-04-26', 1),
(178, 183, '2021-04-26', 1),
(179, 184, '2021-04-26', 1),
(180, 185, '2021-05-01', 1),
(181, 186, '2021-05-01', 1),
(182, 187, '2021-05-01', 1),
(183, 188, '2021-05-01', 1),
(184, 189, '2021-05-01', 1),
(185, 190, '2021-05-01', 1),
(186, 191, '2021-05-01', 1),
(187, 192, '2021-05-01', 1),
(188, 193, '2021-05-01', 1),
(189, 194, '2021-05-01', 1),
(190, 195, '2021-05-01', 1),
(191, 196, '2021-05-01', 1),
(192, 197, '2021-05-01', 1),
(193, 198, '2021-05-01', 1),
(194, 199, '2021-05-01', 1),
(195, 200, '2021-05-01', 1),
(196, 201, '2021-05-01', 1),
(197, 202, '2021-05-01', 1),
(198, 203, '2021-05-01', 1),
(199, 204, '2021-05-02', 1),
(200, 205, '2021-05-02', 1),
(201, 206, '2021-05-02', 1),
(202, 207, '2021-05-02', 1),
(203, 208, '2021-05-02', 1),
(204, 209, '2021-05-02', 1),
(205, 210, '2021-05-02', 1),
(206, 211, '2021-05-02', 1),
(207, 212, '2021-05-02', 1),
(208, 214, '2021-05-02', 1),
(209, 215, '2021-05-02', 1),
(210, 216, '2021-05-02', 1),
(211, 217, '2021-05-02', 1),
(212, 218, '2021-05-02', 1),
(213, 219, '2021-05-02', 1),
(214, 220, '2021-05-02', 1),
(215, 221, '2021-05-02', 1),
(216, 222, '2021-05-02', 1),
(217, 223, '2021-05-02', 1),
(218, 224, '2021-05-03', 1),
(219, 225, '2021-05-03', 1),
(220, 226, '2021-05-03', 1),
(221, 227, '2021-05-03', 1),
(222, 228, '2021-05-03', 1),
(223, 229, '2021-05-03', 1),
(224, 230, '2021-05-03', 1),
(225, 231, '2021-05-03', 1),
(226, 232, '2021-05-03', 1),
(227, 233, '2021-05-03', 1),
(228, 234, '2021-05-03', 1),
(229, 235, '2021-05-03', 1),
(230, 236, '2021-05-03', 1),
(231, 237, '2021-05-03', 1),
(232, 238, '2021-05-03', 1),
(233, 239, '2021-05-03', 1),
(234, 240, '2021-05-03', 1),
(235, 241, '2021-05-03', 1),
(236, 242, '2021-05-03', 1),
(237, 243, '2021-05-03', 1),
(238, 244, '2021-05-03', 1),
(239, 245, '2021-05-08', 1),
(240, 246, '2021-05-08', 1),
(241, 247, '2021-05-08', 1),
(242, 248, '2021-05-08', 1),
(243, 249, '2021-05-08', 1),
(244, 250, '2021-05-08', 1),
(245, 251, '2021-05-08', 1),
(246, 252, '2021-05-08', 1),
(247, 253, '2021-05-08', 1),
(248, 255, '2021-05-08', 1),
(249, 256, '2021-05-08', 1),
(250, 257, '2021-05-08', 1),
(251, 258, '2021-05-08', 1),
(252, 259, '2021-05-08', 1),
(253, 260, '2021-05-09', 1),
(254, 261, '2021-05-09', 1),
(255, 262, '2021-05-09', 1),
(256, 263, '2021-05-09', 1),
(257, 264, '2021-05-09', 1),
(258, 265, '2021-05-09', 1),
(259, 266, '2021-05-09', 1),
(260, 267, '2021-05-09', 1),
(261, 268, '2021-05-09', 1),
(262, 269, '2021-05-09', 1),
(263, 270, '2021-05-09', 1),
(264, 271, '2021-05-09', 1),
(265, 272, '2021-05-10', 1),
(266, 273, '2021-05-10', 1),
(267, 275, '2021-05-10', 1),
(268, 276, '2021-05-10', 1),
(269, 277, '2021-05-10', 1),
(270, 278, '2021-05-10', 1),
(271, 279, '2021-05-10', 1),
(272, 280, '2021-05-10', 1),
(273, 281, '2021-05-10', 1),
(274, 282, '2021-05-10', 1),
(275, 283, '2021-05-10', 1),
(276, 284, '2021-05-10', 1),
(277, 285, '2021-05-15', 1),
(278, 286, '2021-05-15', 1),
(279, 287, '2021-05-15', 1),
(280, 288, '2021-05-15', 1),
(281, 289, '2021-05-15', 1),
(282, 290, '2021-05-15', 1),
(283, 291, '2021-05-15', 1),
(284, 292, '2021-05-15', 1),
(285, 293, '2021-05-15', 1),
(286, 294, '2021-05-15', 1),
(287, 295, '2021-05-15', 1),
(288, 296, '2021-05-15', 1),
(289, 297, '2021-05-15', 1),
(290, 298, '2021-05-15', 1),
(291, 299, '2021-05-15', 1),
(292, 300, '2021-05-16', 1),
(293, 301, '2021-05-16', 1),
(294, 302, '2021-05-16', 1),
(295, 303, '2021-05-16', 1),
(296, 304, '2021-05-16', 1),
(297, 305, '2021-05-16', 1),
(298, 306, '2021-05-16', 1),
(299, 307, '2021-05-16', 1),
(300, 308, '2021-05-16', 1),
(301, 309, '2021-05-16', 1),
(302, 310, '2021-05-16', 1),
(303, 311, '2021-05-16', 1),
(304, 312, '2021-05-17', 1),
(305, 313, '2021-05-17', 1),
(306, 314, '2021-05-17', 1),
(307, 315, '2021-05-17', 1),
(308, 316, '2021-05-17', 1),
(309, 317, '2021-05-17', 1),
(310, 318, '2021-05-17', 1),
(311, 319, '2021-05-17', 1),
(312, 321, '2021-05-17', 1),
(313, 322, '2021-05-17', 1),
(314, 323, '2021-05-17', 1),
(315, 324, '2021-05-17', 1),
(316, 325, '2021-05-22', 1),
(317, 326, '2021-05-22', 1),
(318, 327, '2021-05-22', 1),
(319, 328, '2021-05-22', 1),
(320, 329, '2021-05-22', 1),
(321, 330, '2021-05-22', 1),
(322, 331, '2021-05-22', 1),
(323, 332, '2021-05-22', 1),
(324, 333, '2021-05-22', 1),
(325, 334, '2021-05-22', 1),
(326, 335, '2021-05-22', 1),
(327, 336, '2021-05-22', 1),
(328, 337, '2021-05-22', 1),
(329, 338, '2021-05-22', 1),
(330, 339, '2021-05-22', 1),
(331, 340, '2021-05-23', 1),
(332, 341, '2021-05-23', 1),
(333, 342, '2021-05-23', 1),
(334, 343, '2021-05-23', 1),
(335, 344, '2021-05-23', 1),
(336, 345, '2021-05-23', 1),
(337, 346, '2021-05-23', 1),
(338, 347, '2021-05-23', 1),
(339, 348, '2021-05-23', 1),
(340, 349, '2021-05-23', 1),
(341, 350, '2021-05-23', 1),
(342, 351, '2021-05-23', 1),
(343, 352, '2021-05-24', 1),
(344, 353, '2021-05-24', 1),
(345, 354, '2021-05-24', 1),
(346, 355, '2021-05-24', 1),
(347, 356, '2021-05-24', 1),
(348, 357, '2021-05-24', 1),
(349, 358, '2021-05-24', 1),
(350, 359, '2021-05-24', 1),
(351, 360, '2021-05-24', 1),
(352, 361, '2021-05-24', 1),
(353, 362, '2021-05-24', 1),
(354, 363, '2021-05-24', 1),
(355, 364, '2021-05-24', 1),
(356, 365, '2021-05-29', 1),
(357, 366, '2021-05-29', 1),
(358, 367, '2021-05-29', 1),
(359, 368, '2021-05-29', 1),
(360, 369, '2021-05-29', 1),
(361, 371, '2021-05-29', 1),
(362, 372, '2021-05-29', 1),
(363, 373, '2021-05-29', 1),
(364, 374, '2021-05-29', 1),
(365, 375, '2021-05-29', 1),
(366, 376, '2021-05-29', 1),
(367, 377, '2021-05-29', 1),
(368, 378, '2021-05-29', 1),
(369, 379, '2021-05-29', 1),
(370, 380, '2021-05-30', 1),
(371, 381, '2021-05-30', 1),
(372, 382, '2021-05-30', 1),
(373, 383, '2021-05-30', 1),
(374, 384, '2021-05-30', 1),
(375, 385, '2021-05-30', 1),
(376, 386, '2021-05-30', 1),
(377, 387, '2021-05-30', 1),
(378, 388, '2021-05-30', 1),
(379, 389, '2021-05-30', 1),
(380, 390, '2021-05-30', 1),
(381, 391, '2021-05-30', 1),
(382, 392, '2021-05-31', 1),
(383, 393, '2021-05-31', 1),
(384, 394, '2021-05-31', 1),
(385, 395, '2021-05-31', 1),
(386, 396, '2021-05-31', 1),
(387, 397, '2021-05-31', 1),
(388, 398, '2021-05-31', 1),
(389, 399, '2021-05-31', 1),
(390, 400, '2021-05-31', 1),
(391, 401, '2021-05-31', 1),
(392, 402, '2021-05-31', 1),
(393, 403, '2021-05-31', 1),
(394, 404, '2021-05-31', 1),
(395, 405, '2021-06-05', 1),
(396, 406, '2021-06-05', 1),
(397, 407, '2021-06-05', 1),
(398, 408, '2021-06-05', 1),
(399, 409, '2021-06-05', 1),
(400, 410, '2021-06-05', 1),
(401, 411, '2021-06-05', 1),
(402, 412, '2021-06-05', 1),
(403, 413, '2021-06-05', 1),
(404, 414, '2021-06-05', 1),
(405, 415, '2021-06-05', 1),
(406, 416, '2021-06-05', 1),
(407, 417, '2021-06-05', 1),
(408, 418, '2021-06-05', 1),
(409, 419, '2021-06-05', 1),
(410, 420, '2021-06-06', 1),
(411, 421, '2021-06-06', 1),
(412, 422, '2021-06-06', 1),
(413, 423, '2021-06-06', 1),
(414, 424, '2021-06-06', 1),
(415, 425, '2021-06-06', 1),
(416, 426, '2021-06-06', 1),
(417, 427, '2021-06-06', 1),
(418, 428, '2021-06-06', 1),
(419, 429, '2021-06-06', 1),
(420, 430, '2021-06-06', 1),
(421, 431, '2021-06-06', 1),
(422, 432, '2021-06-07', 1),
(423, 433, '2021-06-07', 1),
(424, 434, '2021-06-07', 1),
(425, 435, '2021-06-07', 1),
(426, 436, '2021-06-07', 1),
(427, 437, '2021-06-07', 1),
(428, 438, '2021-06-07', 1),
(429, 439, '2021-06-07', 1),
(430, 440, '2021-06-07', 1),
(431, 441, '2021-06-07', 1),
(432, 442, '2021-06-07', 1),
(433, 443, '2021-06-07', 1),
(434, 444, '2021-06-07', 1),
(435, 445, '2021-06-12', 1),
(436, 446, '2021-06-12', 1),
(437, 447, '2021-06-12', 1),
(438, 448, '2021-06-12', 1),
(439, 449, '2021-06-12', 1),
(440, 450, '2021-06-12', 1),
(441, 451, '2021-06-12', 1),
(442, 452, '2021-06-12', 1),
(443, 453, '2021-06-12', 1),
(444, 454, '2021-06-12', 1),
(445, 455, '2021-06-12', 1),
(446, 456, '2021-06-12', 1),
(447, 457, '2021-06-12', 1),
(448, 458, '2021-06-12', 1),
(449, 459, '2021-06-12', 1),
(450, 460, '2021-06-13', 1),
(451, 461, '2021-06-13', 1),
(452, 462, '2021-06-13', 1),
(453, 463, '2021-06-13', 1),
(454, 464, '2021-06-13', 1),
(455, 465, '2021-06-13', 1),
(456, 466, '2021-06-13', 1),
(457, 467, '2021-06-13', 1),
(458, 468, '2021-06-13', 1),
(459, 469, '2021-06-13', 1),
(460, 470, '2021-06-13', 1),
(461, 471, '2021-06-13', 1),
(462, 472, '2021-06-14', 1),
(463, 473, '2021-06-14', 1),
(464, 474, '2021-06-14', 1),
(465, 475, '2021-06-14', 1),
(466, 476, '2021-06-14', 1),
(467, 477, '2021-06-14', 1),
(468, 478, '2021-06-14', 1),
(469, 479, '2021-06-14', 1),
(470, 480, '2021-06-14', 1),
(471, 481, '2021-06-14', 1),
(472, 482, '2021-06-14', 1),
(473, 483, '2021-06-14', 1),
(474, 484, '2021-06-14', 1),
(475, 485, '2021-06-19', 1),
(476, 486, '2021-06-19', 1),
(477, 487, '2021-06-19', 1),
(478, 488, '2021-06-19', 1),
(479, 489, '2021-06-19', 1),
(480, 490, '2021-06-19', 1),
(481, 491, '2021-06-19', 1),
(482, 492, '2021-06-19', 1),
(483, 493, '2021-06-19', 1),
(484, 494, '2021-06-19', 1),
(485, 495, '2021-06-19', 1),
(486, 496, '2021-06-19', 1),
(487, 497, '2021-06-19', 1),
(488, 498, '2021-06-19', 1),
(489, 499, '2021-06-19', 1),
(490, 500, '2021-06-20', 1),
(491, 501, '2021-06-20', 1),
(492, 502, '2021-06-20', 1),
(493, 503, '2021-06-20', 1),
(494, 504, '2021-06-20', 1),
(495, 505, '2021-06-20', 1),
(496, 506, '2021-06-20', 1),
(497, 507, '2021-06-20', 1),
(498, 508, '2021-06-20', 1),
(499, 509, '2021-06-20', 1),
(500, 510, '2021-06-20', 1),
(501, 511, '2021-06-20', 1),
(502, 512, '2021-06-21', 1),
(503, 513, '2021-06-21', 1),
(504, 514, '2021-06-21', 1),
(505, 515, '2021-06-21', 1),
(506, 516, '2021-06-21', 1),
(507, 517, '2021-06-21', 1),
(508, 518, '2021-06-21', 1),
(509, 519, '2021-06-21', 1),
(510, 520, '2021-06-21', 1),
(511, 521, '2021-06-21', 1),
(512, 522, '2021-06-21', 1),
(513, 523, '2021-06-21', 1),
(514, 524, '2021-06-21', 1),
(515, 525, '2021-06-26', 1),
(516, 526, '2021-06-26', 1),
(517, 527, '2021-06-26', 1),
(518, 528, '2021-06-26', 1),
(519, 529, '2021-06-26', 1),
(520, 530, '2021-06-26', 1),
(521, 531, '2021-06-26', 1),
(522, 532, '2021-06-26', 1),
(523, 533, '2021-06-26', 1),
(524, 534, '2021-06-26', 1),
(525, 535, '2021-06-26', 1),
(526, 536, '2021-06-26', 1),
(527, 537, '2021-06-26', 1),
(528, 538, '2021-06-26', 1),
(529, 539, '2021-06-26', 1),
(530, 540, '2021-04-10', 1),
(531, 541, '2021-05-10', 1),
(532, 542, '2021-05-29', 1),
(533, 543, '2021-04-10', 1),
(534, 544, '2021-05-10', 1),
(535, 545, '2021-05-29', 1);

-- --------------------------------------------------------

--
-- Table structure for table `district`
--

CREATE TABLE `district` (
  `id` int(2) NOT NULL,
  `division_id` int(1) NOT NULL,
  `name` varchar(25) NOT NULL,
  `bn_name` varchar(25) NOT NULL,
  `lat` varchar(15) DEFAULT NULL,
  `lon` varchar(15) DEFAULT NULL,
  `url` varchar(50) NOT NULL
) ENGINE=InnoDB DEFAULT CHARSET=utf8mb4;

--
-- Dumping data for table `district`
--

INSERT INTO `district` (`id`, `division_id`, `name`, `bn_name`, `lat`, `lon`, `url`) VALUES
(1, 1, 'Comilla', 'কুমিল্লা', '23.4682747', '91.1788135', 'www.comilla.gov.bd'),
(2, 1, 'Feni', 'ফেনী', '23.023231', '91.3840844', 'www.feni.gov.bd'),
(3, 1, 'Brahmanbaria', 'ব্রাহ্মণবাড়িয়া', '23.9570904', '91.1119286', 'www.brahmanbaria.gov.bd'),
(4, 1, 'Rangamati', 'রাঙ্গামাটি', NULL, NULL, 'www.rangamati.gov.bd'),
(5, 1, 'Noakhali', 'নোয়াখালী', '22.869563', '91.099398', 'www.noakhali.gov.bd'),
(6, 1, 'Chandpur', 'চাঁদপুর', '23.2332585', '90.6712912', 'www.chandpur.gov.bd'),
(7, 1, 'Lakshmipur', 'লক্ষ্মীপুর', '22.942477', '90.841184', 'www.lakshmipur.gov.bd'),
(8, 1, 'Chattogram', 'চট্টগ্রাম', '22.335109', '91.834073', 'www.chittagong.gov.bd'),
(9, 1, 'Coxsbazar', 'কক্সবাজার', NULL, NULL, 'www.coxsbazar.gov.bd'),
(10, 1, 'Khagrachhari', 'খাগড়াছড়ি', '23.119285', '91.984663', 'www.khagrachhari.gov.bd'),
(11, 1, 'Bandarban', 'বান্দরবান', '22.1953275', '92.2183773', 'www.bandarban.gov.bd'),
(12, 2, 'Sirajganj', 'সিরাজগঞ্জ', '24.4533978', '89.7006815', 'www.sirajganj.gov.bd'),
(13, 2, 'Pabna', 'পাবনা', '23.998524', '89.233645', 'www.pabna.gov.bd'),
(14, 2, 'Bogura', 'বগুড়া', '24.8465228', '89.377755', 'www.bogra.gov.bd'),
(15, 2, 'Rajshahi', 'রাজশাহী', NULL, NULL, 'www.rajshahi.gov.bd'),
(16, 2, 'Natore', 'নাটোর', '24.420556', '89.000282', 'www.natore.gov.bd'),
(17, 2, 'Joypurhat', 'জয়পুরহাট', NULL, NULL, 'www.joypurhat.gov.bd'),
(18, 2, 'Chapainawabganj', 'চাঁপাইনবাবগঞ্জ', '24.5965034', '88.2775122', 'www.chapainawabganj.gov.bd'),
(19, 2, 'Naogaon', 'নওগাঁ', NULL, NULL, 'www.naogaon.gov.bd'),
(20, 3, 'Jashore', 'যশোর', '23.16643', '89.2081126', 'www.jessore.gov.bd'),
(21, 3, 'Satkhira', 'সাতক্ষীরা', NULL, NULL, 'www.satkhira.gov.bd'),
(22, 3, 'Meherpur', 'মেহেরপুর', '23.762213', '88.631821', 'www.meherpur.gov.bd'),
(23, 3, 'Narail', 'নড়াইল', '23.172534', '89.512672', 'www.narail.gov.bd'),
(24, 3, 'Chuadanga', 'চুয়াডাঙ্গা', '23.6401961', '88.841841', 'www.chuadanga.gov.bd'),
(25, 3, 'Kushtia', 'কুষ্টিয়া', '23.901258', '89.120482', 'www.kushtia.gov.bd'),
(26, 3, 'Magura', 'মাগুরা', '23.487337', '89.419956', 'www.magura.gov.bd'),
(27, 3, 'Khulna', 'খুলনা', '22.815774', '89.568679', 'www.khulna.gov.bd'),
(28, 3, 'Bagerhat', 'বাগেরহাট', '22.651568', '89.785938', 'www.bagerhat.gov.bd'),
(29, 3, 'Jhenaidah', 'ঝিনাইদহ', '23.5448176', '89.1539213', 'www.jhenaidah.gov.bd'),
(30, 4, 'Jhalakathi', 'ঝালকাঠি', NULL, NULL, 'www.jhalakathi.gov.bd'),
(31, 4, 'Patuakhali', 'পটুয়াখালী', '22.3596316', '90.3298712', 'www.patuakhali.gov.bd'),
(32, 4, 'Pirojpur', 'পিরোজপুর', NULL, NULL, 'www.pirojpur.gov.bd'),
(33, 4, 'Barisal', 'বরিশাল', NULL, NULL, 'www.barisal.gov.bd'),
(34, 4, 'Bhola', 'ভোলা', '22.685923', '90.648179', 'www.bhola.gov.bd'),
(35, 4, 'Barguna', 'বরগুনা', NULL, NULL, 'www.barguna.gov.bd'),
(36, 5, 'Sylhet', 'সিলেট', '24.8897956', '91.8697894', 'www.sylhet.gov.bd'),
(37, 5, 'Moulvibazar', 'মৌলভীবাজার', '24.482934', '91.777417', 'www.moulvibazar.gov.bd'),
(38, 5, 'Habiganj', 'হবিগঞ্জ', '24.374945', '91.41553', 'www.habiganj.gov.bd'),
(39, 5, 'Sunamganj', 'সুনামগঞ্জ', '25.0658042', '91.3950115', 'www.sunamganj.gov.bd'),
(40, 6, 'Narsingdi', 'নরসিংদী', '23.932233', '90.71541', 'www.narsingdi.gov.bd'),
(41, 6, 'Gazipur', 'গাজীপুর', '24.0022858', '90.4264283', 'www.gazipur.gov.bd'),
(42, 6, 'Shariatpur', 'শরীয়তপুর', NULL, NULL, 'www.shariatpur.gov.bd'),
(43, 6, 'Narayanganj', 'নারায়ণগঞ্জ', '23.63366', '90.496482', 'www.narayanganj.gov.bd'),
(44, 6, 'Tangail', 'টাঙ্গাইল', NULL, NULL, 'www.tangail.gov.bd'),
(45, 6, 'Kishoreganj', 'কিশোরগঞ্জ', '24.444937', '90.776575', 'www.kishoreganj.gov.bd'),
(46, 6, 'Manikganj', 'মানিকগঞ্জ', NULL, NULL, 'www.manikganj.gov.bd'),
(47, 6, 'Dhaka', 'ঢাকা', '23.7115253', '90.4111451', 'www.dhaka.gov.bd'),
(48, 6, 'Munshiganj', 'মুন্সিগঞ্জ', NULL, NULL, 'www.munshiganj.gov.bd'),
(49, 6, 'Rajbari', 'রাজবাড়ী', '23.7574305', '89.6444665', 'www.rajbari.gov.bd'),
(50, 6, 'Madaripur', 'মাদারীপুর', '23.164102', '90.1896805', 'www.madaripur.gov.bd'),
(51, 6, 'Gopalganj', 'গোপালগঞ্জ', '23.0050857', '89.8266059', 'www.gopalganj.gov.bd'),
(52, 6, 'Faridpur', 'ফরিদপুর', '23.6070822', '89.8429406', 'www.faridpur.gov.bd'),
(53, 7, 'Panchagarh', 'পঞ্চগড়', '26.3411', '88.5541606', 'www.panchagarh.gov.bd'),
(54, 7, 'Dinajpur', 'দিনাজপুর', '25.6217061', '88.6354504', 'www.dinajpur.gov.bd'),
(55, 7, 'Lalmonirhat', 'লালমনিরহাট', NULL, NULL, 'www.lalmonirhat.gov.bd'),
(56, 7, 'Nilphamari', 'নীলফামারী', '25.931794', '88.856006', 'www.nilphamari.gov.bd'),
(57, 7, 'Gaibandha', 'গাইবান্ধা', '25.328751', '89.528088', 'www.gaibandha.gov.bd'),
(58, 7, 'Thakurgaon', 'ঠাকুরগাঁও', '26.0336945', '88.4616834', 'www.thakurgaon.gov.bd'),
(59, 7, 'Rangpur', 'রংপুর', '25.7558096', '89.244462', 'www.rangpur.gov.bd'),
(60, 7, 'Kurigram', 'কুড়িগ্রাম', '25.805445', '89.636174', 'www.kurigram.gov.bd'),
(61, 8, 'Sherpur', 'শেরপুর', '25.0204933', '90.0152966', 'www.sherpur.gov.bd'),
(62, 8, 'Mymensingh', 'ময়মনসিংহ', '24.7465670', '90.4072093', 'www.mymensingh.gov.bd'),
(63, 8, 'Jamalpur', 'জামালপুর', '24.937533', '89.937775', 'www.jamalpur.gov.bd'),
(64, 8, 'Netrokona', 'নেত্রকোণা', '24.870955', '90.727887', 'www.netrokona.gov.bd');

-- --------------------------------------------------------

--
-- Table structure for table `division`
--

CREATE TABLE `division` (
  `id` int(1) NOT NULL,
  `name` varchar(25) NOT NULL,
  `bn_name` varchar(25) NOT NULL,
  `url` varchar(50) NOT NULL
) ENGINE=InnoDB DEFAULT CHARSET=utf8;

--
-- Dumping data for table `division`
--

INSERT INTO `division` (`id`, `name`, `bn_name`, `url`) VALUES
(1, 'Chattagram', 'চট্টগ্রাম', 'www.chittagongdiv.gov.bd'),
(2, 'Rajshahi', 'রাজশাহী', 'www.rajshahidiv.gov.bd'),
(3, 'Khulna', 'খুলনা', 'www.khulnadiv.gov.bd'),
(4, 'Barisal', 'বরিশাল', 'www.barisaldiv.gov.bd'),
(5, 'Sylhet', 'সিলেট', 'www.sylhetdiv.gov.bd'),
(6, 'Dhaka', 'ঢাকা', 'www.dhakadiv.gov.bd'),
(7, 'Rangpur', 'রংপুর', 'www.rangpurdiv.gov.bd'),
(8, 'Mymensingh', 'ময়মনসিংহ', 'www.mymensinghdiv.gov.bd');

-- --------------------------------------------------------

--
-- Table structure for table `donation`
--

CREATE TABLE `donation` (
  `id` int(11) NOT NULL,
  `user_id` int(11) NOT NULL,
  `book_name` text NOT NULL,
  `authors_name` text NOT NULL,
  `book_image` text NOT NULL,
  `donation_date` date NOT NULL DEFAULT current_timestamp(),
  `status` int(11) NOT NULL COMMENT '1-accept,0-pending,-1-reject'
) ENGINE=InnoDB DEFAULT CHARSET=utf8mb4;

--
-- Dumping data for table `donation`
--

INSERT INTO `donation` (`id`, `user_id`, `book_name`, `authors_name`, `book_image`, `donation_date`, `status`) VALUES
(1, 2, 'And Then There Were None', 'Agatha Christie', '1.webp', '2021-01-01', 1),
(2, 16, 'রাখালী', 'জসীম উদদীন', '2.jpg', '2021-06-15', 1),
(3, 16, 'বোবা কাহিনী', 'জসীম উদদীন', '3.jpg', '2021-06-15', 1),
(4, 16, 'বাঙ্গালীর হাসির গল্প ২', 'জসীম উদদীন', '4.jpg', '2021-06-15', 1),
(5, 16, 'বাঙ্গালীর হাসির গল্প ১', 'জসীম উদদীন', '5.jpg', '2021-06-15', 1),
(6, 16, 'চলে মুসাফির', 'জসীম উদদীন', '6.jpg', '2021-06-15', 1),
(7, 13, 'Half Girlfriend', 'Chetan Bhagat', '7.jpg', '2021-06-15', 1),
(8, 13, 'One Arranged Murder', 'Chetan Bhagat', '8.jpg', '2021-06-15', 1),
(9, 13, 'The 3 Mistakes of My Life', 'Chetan Bhagat', '9.jpg', '2021-06-15', 1),
(10, 2, 'চাচা কাহিনী', 'সৈয়দ মুজতবা আলী', '10.jpg', '2021-06-15', 1),
(11, 2, 'দ্য মিস্ট্রিয়াস মিঃ কুইন', 'Agatha Christie', '11.jpg', '2021-06-15', 1),
(12, 42, '--', '--', '12.jpg', '0000-00-00', 1),
(13, 35, '--', '--', '13.jpg', '0000-00-00', 1),
(14, 30, '--', '--', '14.jpg', '0000-00-00', 1),
(15, 19, '--', '--', '15.jpg', '0000-00-00', 1),
(16, 23, '--', '--', '16.jpg', '0000-00-00', 1),
(17, 6, '--', '--', '17.jpg', '0000-00-00', 1),
(18, 2, '--', '--', '18.jpg', '0000-00-00', 1),
(19, 2, '--', '--', '19.jpg', '0000-00-00', 1),
(20, 56, '--', '--', '20.jpg', '0000-00-00', 1),
(21, 28, '--', '--', '21.jpg', '0000-00-00', 1),
(22, 52, '--', '--', '22.jpg', '0000-00-00', 1),
(23, 3, '--', '--', '23.jpg', '0000-00-00', 1),
(24, 53, '--', '--', '24.jpg', '0000-00-00', 1),
(25, 22, '--', '--', '25.jpg', '0000-00-00', 1),
(26, 39, '--', '--', '26.jpg', '0000-00-00', 1),
(27, 48, '--', '--', '27.jpg', '0000-00-00', 1),
(28, 12, '--', '--', '28.jpg', '0000-00-00', 1),
(29, 10, '--', '--', '29.jpg', '0000-00-00', 1),
(30, 48, '--', '--', '30.jpg', '0000-00-00', 1),
(31, 56, '--', '--', '31.jpg', '0000-00-00', 1),
(32, 24, '--', '--', '32.jpg', '0000-00-00', 1),
(33, 3, '--', '--', '33.jpg', '0000-00-00', 1),
(34, 34, '--', '--', '34.jpg', '0000-00-00', 1),
(35, 22, '--', '--', '35.jpg', '0000-00-00', 1),
(36, 54, '--', '--', '36.jpg', '0000-00-00', 1),
(37, 48, '--', '--', '37.jpg', '0000-00-00', 1),
(38, 23, '--', '--', '38.jpg', '0000-00-00', 1),
(39, 58, '--', '--', '39.jpg', '0000-00-00', 1),
(40, 24, '--', '--', '40.jpg', '0000-00-00', 1),
(41, 50, '--', '--', '41.jpg', '0000-00-00', 1),
(42, 17, '--', '--', '42.jpg', '0000-00-00', 1),
(43, 51, '--', '--', '43.jpg', '0000-00-00', 1),
(44, 49, '--', '--', '44.jpg', '0000-00-00', 1),
(45, 41, '--', '--', '45.jpg', '0000-00-00', 1),
(46, 5, '--', '--', '46.jpg', '0000-00-00', 1),
(47, 27, '--', '--', '47.jpg', '0000-00-00', 1),
(48, 51, '--', '--', '48.jpg', '0000-00-00', 1),
(49, 11, '--', '--', '49.jpg', '0000-00-00', 1),
(50, 7, '--', '--', '50.jpg', '0000-00-00', 1),
(51, 34, '--', '--', '51.jpg', '0000-00-00', 1),
(52, 10, '--', '--', '52.jpg', '0000-00-00', 1),
(53, 25, '--', '--', '53.jpg', '0000-00-00', 1),
(54, 37, '--', '--', '54.jpg', '0000-00-00', 1),
(55, 47, '--', '--', '55.jpg', '0000-00-00', 1),
(56, 12, '--', '--', '56.jpg', '0000-00-00', 1),
(57, 25, '--', '--', '57.jpg', '0000-00-00', 1),
(58, 27, '--', '--', '58.jpg', '0000-00-00', 1),
(59, 18, '--', '--', '59.jpg', '0000-00-00', 1),
(60, 42, '--', '--', '61.jpg', '0000-00-00', 1),
(61, 35, '--', '--', '62.jpg', '0000-00-00', 1),
(62, 90, '--', '--', '63.jpg', '0000-00-00', 1),
(63, 139, '--', '--', '64.jpg', '0000-00-00', 1),
(64, 143, '--', '--', '65.jpg', '0000-00-00', 1),
(65, 126, '--', '--', '66.jpg', '0000-00-00', 1),
(66, 62, '--', '--', '67.jpg', '0000-00-00', 1),
(67, 62, '--', '--', '68.jpg', '0000-00-00', 1),
(68, 116, '--', '--', '69.jpg', '0000-00-00', 1),
(69, 148, '--', '--', '70.jpg', '0000-00-00', 1),
(70, 172, '--', '--', '71.jpg', '0000-00-00', 1),
(71, 123, '--', '--', '72.jpg', '0000-00-00', 1),
(72, 113, '--', '--', '73.jpg', '0000-00-00', 1),
(73, 142, '--', '--', '74.jpg', '0000-00-00', 1),
(74, 99, '--', '--', '75.jpg', '0000-00-00', 1),
(75, 48, '--', '--', '76.jpg', '0000-00-00', 1),
(76, 12, '--', '--', '77.jpg', '0000-00-00', 1),
(77, 70, '--', '--', '78.jpg', '0000-00-00', 1),
(78, 108, '--', '--', '79.jpg', '0000-00-00', 1),
(79, 116, '--', '--', '80.jpg', '0000-00-00', 1),
(80, 84, '--', '--', '81.jpg', '0000-00-00', 1),
(81, 3, '--', '--', '82.jpg', '0000-00-00', 1),
(82, 34, '--', '--', '83.jpg', '0000-00-00', 1),
(83, 22, '--', '--', '84.jpg', '0000-00-00', 1),
(84, 174, '--', '--', '85.jpg', '0000-00-00', 1),
(85, 168, '--', '--', '86.jpg', '0000-00-00', 1),
(86, 83, '--', '--', '87.jpg', '0000-00-00', 1),
(87, 58, '--', '--', '88.jpg', '0000-00-00', 1),
(88, 84, '--', '--', '89.jpg', '0000-00-00', 1),
(89, 170, '--', '--', '90.jpg', '0000-00-00', 1),
(90, 77, '--', '--', '91.jpg', '0000-00-00', 1),
(91, 51, '--', '--', '92.jpg', '0000-00-00', 1),
(92, 109, '--', '--', '93.jpg', '0000-00-00', 1),
(93, 41, '--', '--', '94.jpg', '0000-00-00', 1),
(94, 5, '--', '--', '95.jpg', '0000-00-00', 1),
(95, 87, '--', '--', '96.jpg', '0000-00-00', 1),
(96, 51, '--', '--', '97.jpg', '0000-00-00', 1),
(97, 71, '--', '--', '98.jpg', '0000-00-00', 1),
(98, 67, '--', '--', '99.jpg', '0000-00-00', 1),
(99, 94, '--', '--', '100.jpg', '0000-00-00', 1),
(100, 10, '--', '--', '101.jpg', '0000-00-00', 1),
(101, 145, '--', '--', '102.jpg', '0000-00-00', 1),
(102, 37, '--', '--', '103.jpg', '0000-00-00', 1),
(103, 107, '--', '--', '104.jpg', '0000-00-00', 1),
(104, 72, '--', '--', '105.jpg', '0000-00-00', 1),
(105, 25, '--', '--', '106.jpg', '0000-00-00', 1),
(106, 147, '--', '--', '107.jpg', '0000-00-00', 1),
(107, 138, '--', '--', '108.jpg', '0000-00-00', 1),
(108, 99, '--', '--', '109.jpg', '0000-00-00', 1),
(109, 42, '--', '--', '109.jpg', '0000-00-00', 1),
(110, 35, '--', '--', '110.jpg', '0000-00-00', 1),
(111, 90, '--', '--', '111.jpg', '0000-00-00', 1),
(112, 233, 'বোবা কাহিনী', 'জসীম উদদীন', '112.jpg', '2021-06-23', 0);

-- --------------------------------------------------------

--
-- Table structure for table `expenditure`
--

CREATE TABLE `expenditure` (
  `id` int(11) NOT NULL,
  `account` text NOT NULL,
  `amount` int(11) NOT NULL,
  `date` date NOT NULL
) ENGINE=InnoDB DEFAULT CHARSET=utf8mb4;

--
-- Dumping data for table `expenditure`
--

INSERT INTO `expenditure` (`id`, `account`, `amount`, `date`) VALUES
(1, 'Internet Bill', 500, '2021-06-02'),
(2, 'Salary', 1000, '2021-06-23');

-- --------------------------------------------------------

--
-- Table structure for table `genre`
--

CREATE TABLE `genre` (
  `id` int(11) NOT NULL,
  `name` text NOT NULL,
  `name_eng` text NOT NULL
) ENGINE=InnoDB DEFAULT CHARSET=utf8mb4;

--
-- Dumping data for table `genre`
--

INSERT INTO `genre` (`id`, `name`, `name_eng`) VALUES
(1, 'অনুবাদ', 'onubad/translation'),
(2, 'আইন ও বিচার', 'law/ain/bichar'),
(3, 'আত্ম-উন্নয়ন, মোটিভেশনাল ও মেডিটেশন', 'motivational'),
(4, 'ইতিহাস ও ঐতিহ্য ', 'history/culture/itihas'),
(5, 'উপন্যাস', 'uponnash/novel'),
(6, 'কমিক্স, নকশা ও ছবির গল্প', ''),
(7, 'কম্পিউটার, ইন্টারনেট, ফ্রিল্যান্সিং ও আউটসোর্সিং', 'freelancing'),
(8, 'কৃষি ও কৃষক', ''),
(9, 'খেলাধুলা', 'sports/kheladhula'),
(10, 'গণমাধ্যম ও সাংবাদিকতা', ''),
(11, 'গণিত, বিজ্ঞান ও প্রযুক্তি', ''),
(12, 'গল্প ', 'golpo/story'),
(13, 'ছড়া, কবিতা ও আবৃত্তি ', 'Poem/kobita/kabbo'),
(14, 'জীবনী, স্মৃতিচারণ ও সাক্ষাৎকার', ''),
(15, 'দর্শন  ', ''),
(16, 'ধর্মীয় বই', ''),
(17, 'নাটকের বই', ''),
(18, 'পরিবার ও শিশু বিষয়ক(প্যারেন্টিং) ', ''),
(19, 'পরিবেশ ও প্রকৃতি', ''),
(20, 'প্রবন্ধ', ''),
(21, 'ব্যঙ্গ ও রম্যরচনা', ''),
(22, 'ব্যবসা, বিনিয়োগ ও অর্থনীতি', ''),
(23, 'ভ্রমণ ও প্রবাস', ''),
(24, 'মুক্তিযুদ্ধ', ''),
(25, 'রচনাসমগ্র/সংকলন ', ''),
(26, 'রহস্য, গোয়েন্দা, ভৌতিক, থ্রিলার ও অ্যাডভেঞ্চার ', 'thriller/mistry'),
(27, 'রাজনীতি', ''),
(28, 'শিশু-কিশোর বই', 'teenage'),
(29, 'সংগীত, চলচ্চিত্র ও বিনোদন', 'Music/film/Entertainment/songit'),
(30, 'সমাজ, সভ্যতা ও সংস্কৃতি', ''),
(31, 'সায়েন্স ফিকশন', 'science fiction'),
(32, 'সমকালীন', 'somokalin'),
(33, 'রোমান্টিক', 'romantic'),
(36, 'অতিপ্রাকৃত ও ভৌতিক', 'Horror / Supernatural'),
(37, 'চিরায়ত ', 'chirayoto/ classical');

-- --------------------------------------------------------

--
-- Table structure for table `income`
--

CREATE TABLE `income` (
  `id` int(11) NOT NULL,
  `account` text NOT NULL,
  `amount` int(11) NOT NULL,
  `date` date NOT NULL DEFAULT current_timestamp()
) ENGINE=InnoDB DEFAULT CHARSET=utf8mb4;

--
-- Dumping data for table `income`
--

INSERT INTO `income` (`id`, `account`, `amount`, `date`) VALUES
(1, 'subscription', 550, '2021-06-12'),
(2, 'subscription', 100, '2021-06-12'),
(3, 'subscription', 100, '2021-06-15'),
(4, 'subscription', 550, '2021-06-15'),
(5, 'subscription', 550, '2021-06-19'),
(6, 'subscription', 1100, '2021-06-21'),
(7, 'subscription', 100, '2021-06-23');

-- --------------------------------------------------------

--
-- Table structure for table `product`
--

CREATE TABLE `product` (
  `id` int(11) NOT NULL,
  `donation_id` int(11) NOT NULL,
  `book_id` int(11) NOT NULL,
  `receive_date` date NOT NULL DEFAULT current_timestamp(),
  `status` int(11) NOT NULL DEFAULT 1 COMMENT '0=borrowed,1=in stock'
) ENGINE=InnoDB DEFAULT CHARSET=utf8mb4;

--
-- Dumping data for table `product`
--

INSERT INTO `product` (`id`, `donation_id`, `book_id`, `receive_date`, `status`) VALUES
(1, 1, 1, '2021-06-12', 1),
(2, 2, 14, '2021-06-15', 1),
(3, 6, 15, '2021-06-15', 1),
(4, 5, 16, '2021-06-15', 1),
(5, 4, 17, '2021-06-15', 1),
(6, 3, 18, '2021-06-15', 1),
(7, 7, 19, '2021-06-15', 1),
(8, 8, 20, '2021-06-15', 1),
(9, 9, 21, '2021-06-15', 1),
(10, 10, 10, '2021-06-15', 0),
(11, 11, 6, '2021-06-15', 1),
(12, 12, 42, '0000-00-00', 1),
(13, 13, 114, '0000-00-00', 1),
(14, 14, 65, '0000-00-00', 1),
(15, 15, 53, '0000-00-00', 1),
(16, 16, 18, '0000-00-00', 1),
(17, 17, 107, '0000-00-00', 1),
(18, 18, 79, '0000-00-00', 1),
(19, 19, 61, '0000-00-00', 1),
(20, 20, 59, '0000-00-00', 1),
(21, 21, 69, '0000-00-00', 1),
(22, 22, 6, '0000-00-00', 1),
(23, 23, 102, '0000-00-00', 1),
(24, 24, 26, '0000-00-00', 1),
(25, 25, 70, '0000-00-00', 1),
(26, 26, 44, '0000-00-00', 1),
(27, 27, 36, '0000-00-00', 1),
(28, 28, 32, '0000-00-00', 1),
(29, 29, 87, '0000-00-00', 1),
(30, 30, 40, '0000-00-00', 1),
(31, 31, 79, '0000-00-00', 1),
(32, 32, 16, '0000-00-00', 1),
(33, 33, 13, '0000-00-00', 1),
(34, 34, 27, '0000-00-00', 1),
(35, 35, 40, '0000-00-00', 1),
(36, 36, 65, '0000-00-00', 1),
(37, 37, 71, '0000-00-00', 1),
(38, 38, 94, '0000-00-00', 1),
(39, 39, 21, '0000-00-00', 1),
(40, 40, 111, '0000-00-00', 1),
(41, 41, 60, '0000-00-00', 1),
(42, 42, 90, '0000-00-00', 1),
(43, 43, 67, '0000-00-00', 1),
(44, 44, 66, '0000-00-00', 1),
(45, 45, 25, '0000-00-00', 1),
(46, 46, 46, '0000-00-00', 1),
(47, 47, 77, '0000-00-00', 1),
(48, 48, 18, '0000-00-00', 1),
(49, 49, 80, '0000-00-00', 1),
(50, 50, 50, '0000-00-00', 1),
(51, 51, 91, '0000-00-00', 1),
(52, 52, 90, '0000-00-00', 1),
(53, 53, 100, '0000-00-00', 1),
(54, 54, 87, '0000-00-00', 1),
(55, 55, 10, '0000-00-00', 1),
(56, 56, 4, '0000-00-00', 1),
(57, 57, 105, '0000-00-00', 1),
(58, 58, 94, '0000-00-00', 1),
(59, 59, 74, '0000-00-00', 1),
(60, 60, 96, '0000-00-00', 1),
(61, 61, 29, '0000-00-00', 1),
(62, 62, 12, '0000-00-00', 1),
(63, 63, 57, '0000-00-00', 1),
(64, 64, 59, '0000-00-00', 1),
(65, 65, 40, '0000-00-00', 1),
(66, 66, 88, '0000-00-00', 1),
(67, 67, 92, '0000-00-00', 1),
(68, 68, 60, '0000-00-00', 1),
(69, 69, 52, '0000-00-00', 1),
(70, 70, 56, '0000-00-00', 1),
(71, 71, 95, '0000-00-00', 1),
(72, 72, 5, '0000-00-00', 1),
(73, 73, 72, '0000-00-00', 1),
(74, 74, 75, '0000-00-00', 1),
(75, 75, 19, '0000-00-00', 1),
(76, 76, 61, '0000-00-00', 1),
(77, 77, 11, '0000-00-00', 1),
(78, 78, 35, '0000-00-00', 1),
(79, 79, 51, '0000-00-00', 1),
(80, 80, 113, '0000-00-00', 1),
(81, 81, 77, '0000-00-00', 1),
(82, 82, 87, '0000-00-00', 1),
(83, 83, 94, '0000-00-00', 1),
(84, 84, 45, '0000-00-00', 1),
(85, 85, 4, '0000-00-00', 1),
(86, 86, 89, '0000-00-00', 1),
(87, 87, 75, '0000-00-00', 1),
(88, 88, 73, '0000-00-00', 1),
(89, 89, 94, '0000-00-00', 1),
(90, 90, 112, '0000-00-00', 1),
(91, 91, 15, '0000-00-00', 1),
(92, 92, 22, '0000-00-00', 1),
(93, 93, 84, '0000-00-00', 1),
(94, 94, 31, '0000-00-00', 1),
(95, 95, 5, '0000-00-00', 1),
(96, 96, 61, '0000-00-00', 1),
(97, 97, 99, '0000-00-00', 1),
(98, 98, 65, '0000-00-00', 1),
(99, 99, 81, '0000-00-00', 1),
(100, 100, 24, '0000-00-00', 1),
(101, 101, 89, '0000-00-00', 1),
(102, 102, 73, '0000-00-00', 1),
(103, 103, 64, '0000-00-00', 1),
(104, 104, 3, '0000-00-00', 1),
(105, 105, 38, '0000-00-00', 1),
(106, 106, 66, '0000-00-00', 1),
(107, 107, 107, '0000-00-00', 1),
(108, 108, 45, '0000-00-00', 1),
(109, 109, 31, '0000-00-00', 1),
(110, 110, 16, '0000-00-00', 1),
(111, 111, 12, '0000-00-00', 1);

-- --------------------------------------------------------

--
-- Table structure for table `review`
--

CREATE TABLE `review` (
  `id` int(11) NOT NULL,
  `book_id` int(11) NOT NULL,
  `user_id` int(11) NOT NULL,
  `rating` int(11) NOT NULL,
  `review` text NOT NULL,
  `date` date NOT NULL DEFAULT current_timestamp(),
  `status` int(11) NOT NULL DEFAULT 0 COMMENT '0=pending,1=accept,-1=reject'
) ENGINE=InnoDB DEFAULT CHARSET=utf8mb4;

--
-- Dumping data for table `review`
--

INSERT INTO `review` (`id`, `book_id`, `user_id`, `rating`, `review`, `date`, `status`) VALUES
(1, 1, 2, 5, 'I\'m a big lover of Agatha Christie, she has written some fantastic murder mysteries and her stories never get tiring. But this is the one that just comes out on top every time.\n\nIt partly, and quite amusingly, reminds me of that old American murder mystery in Sunset Beach. Basically, they\'re the only ones on this island and someone is killing them off one by one in accordance with the Ten Little Indians rhyme. And I swear I never saw it coming, and I\'m usually very good at it. It\'s just a very clever novel, full of mystery and suspense and easily quite frightening at times.\n\nI like how Agatha Christie doesn\'t have to write a 500-page novel with a massive back story, her mysteries are very simply put together but always clever and hard to decipher. I would recommend this book to everyone.', '2021-01-01', 1),
(2, 18, 10, 5, 'গল্পটা গাঁয়ের চাষা আজেহারের, সাতকুলে যার কেউ নেই। একটা আপন গৃহ হবে, টুকটুকে বউ হবে, মাঠ থেকে ফিরে বসতে পারবে সুন্দর লেপাপোছা উঠোনে, বউকে কিনে দিবে টুকটুকে শাড়ী... এসব ভীষন শখের স্বপ্ন তার। সেই উদ্দেশ্যে তিনকুড়ি টাকা জমিয়ে গাঁয়ের মাতব্বরের কাছে যেয়ে মনের ইচ্ছাটা জানায় সে লজ্জায় রাঙা হয়ে। গাঁয়ের সব লোক যেনো স্নেহ-ভালবাসার আকর। তারা একে অন্যের সুখে সুখী হয় আর দুঃখের সময়ে এমনিভাবে পাশে থকে যেনো বিপদটা নিজের! তারা সবাই মিলে বরযাত্রী চললো ভিনগাঁয়ে, আজেহারের কনে নিয়ে আসতে।\n\nমোড়ল বাব়বার আজেহারকে শিখিয়ে দিয়েছিলো যেনো সে কম কম হাসে আর একটু লজ্জা পায়। কিসের কি! টুকটুকে বউকে দেখে আজেহার ফিক করে হেসে দিয়েছিলো সব ভুলে। লেখক আজেহারের অনুভূতি বোঝাতে লিখেছেন, মাঠভরা সর্ষে ক্ষেতে বাতাস বয়ে গেলে যেমন ঢেউ উঠে, ঠিক তেমনই ঢেউ বয়ে গেলো আজেহারের বুক জুড়ে। গল্পটা এমনিভাবে ভীষন ভালোলাগা নিয়েই এগুতে থাকে। কিন্তু ঘটনার ধারাবাহিকতায়, দারিদ্রের তাড়নায় ভিনগাঁয়ে পাড়ি জ‌মায় আজেহারের পরিবার! ক্রমেই গল্পটা হয়ে ওঠে বছিরের। আজেহারের ছোট্ট ছেলে বছির।\n\nএই গল্পের সাথে হেসেছি, বিভিন্ন জাগায় কেঁদেছি। পল্লীকবি জসিম উদ্দীনের যথার্থ উপাধী, কি মারাত্নক সুন্দর ছবি এঁকেছেন গ্রাম বাংলার। কি সুন্দর সৃষ্টি এই উপন্যাস। অদ্ভুত সুন্দর।', '2021-06-19', 1),
(3, 15, 12, 5, 'বইটি আরো ২০ বছর আগে পড়া উচিত ছিল!\n\nপল্লীকবি জসীম উদদীনকে আমরা মূলত কবি হিসেবে জানি। কিন্তু কবিতা লেখার পাশাপাশি তিনি বাংলা সাহিত্যকে উপহার দিয়েছেন উল্লেখযোগ্য পরিমাণ প্রবন্ধ ও গল্প সংকলন। তাঁর রচিত \'বাঙ্গালীর হাসির গল্প\' প্রথম খণ্ড পড়া শেষ করলাম। ২৭টি গল্প আছে সংকলনটিতে৷ বাংলা লোকসাহিত্যের অমূল্য রত্ন এই গল্পগুলো। লেখক নানা জায়গা ঘুরে গল্পগুলো সংকল করেছেন। কিছু গল্প শিক্ষণীয়, আবার কিছু গল্প নিছক বিনোদনের। গল্পগুলো বাচ্চাদের জন্য রচিত হলেও বড়রাও সমান উপভোগ করতে পারবেন।', '2021-06-19', 1),
(4, 10, 6, 5, '১১টা দুর্দান্ত গল্প নিয়ে সৈয়দ মুজতবা আলীর চাচা কাহিনী। সৈয়দ মুজতবা আলী এত রস পান কোত্থেকে—কে জানে!\nটইটম্বুর হয়ে আছে একেকটা লেখা। মুজতবা আলীর রস কেবল নিরবিচ্ছিন্ন আনন্দের না,আদ্ধেকটা বই কাঁদাবে।\nচাচা কাহিনী পড়তে পড়তে যদি কেউ এক পশলা কেঁদে নেয়—তাহলে বলা মুশকিল ও কান্না কীসের।\nপ্রতিটা গল্প এক কথায় অসাধারণ। রম্যসাহিত্যকে এক অন্য মাত্রায় নিয়ে গেছেন মুজতবা আলী', '2021-06-21', 0),
(5, 3, 2, 4, '', '2021-06-21', 0),
(6, 26, 15, 4, 'পদ্মবিলের পাড়ে একখানা খড়ের ঘর ছাওয়ার বড় শখ বামুনের বৌ অনঙ্গের। ভোরবেলা নাইতে নাইতে সেই পদ্মবিলের স্মৃতি ঝিলিক দিয়ে উঠে তার চোখে।\r\nকত গাঁ ঘুরল তার স্বামী গঙ্গাচরণের সাথে! কে আর ঘুরেছে তার মতো করে? স্বামী-সন্তান নিয়ে ঘুরে ঘুরে থিতু হতে পারল সে।\r\nব্রাহ্মণ গঙ্গাচরণের বেশ সম্মান এই গাঁয়ে। পাঠশালার পাশাপাশি এ বাড়ি সে বাড়ি থেকে ভেট মন্দ আসেনা। আর চাইলেও বেশ পাওয়া যায়। কদ্দিন পর বিকেলের একটু জলখাবার ও করে দিল অনঙ্গ-বৌ।\r\nঅদূর ভবিষ্যৎ এর সুখ-শান্তি-সমৃদ্ধির ছবি দেখতে পায় দুজনেই, সেই সুখের স্বপ্নে মুখে ফুটে উঠে এক উজ্জ্বল আভা।\r\nকিন্তু যুদ্ধ এসে তাদের সব মাটি করে দিল। চালের দাম বাড়তে থাকল হু হু করে। রোজই চড়তে থাকছে দাম। না খেয়ে কেউ মরে? এই প্রশ্ন মনে উঠতে উঠতে চোখের সামনে কঙ্কালসার মানুষ আর মৃত্যু দেখে ফেলে গাঁয়ের সবাই।\r\nনিজেরাও কবে এর শিকার হবে কেউ জানে না। শাক-পাতা সেদ্ধ করে আর কদ্দিন?\r\nঅনঙ্গ-বৌ স্বভাবতই স্নেহপ্রবণ, যতক্ষণ পর্যন্ত তার ক্ষমতা অন্যকে সাহায্যই করে সে। নিজেকে বিপদে ফেলেও। কিন্তু দুর্ভিক্ষের এই মর্মান্তিক আঘাতে সে কি তার স্বাভাবিক মাধুর্য ধরে রাখতে পারে? নাকি সেও হয়ে উঠে বিশ্বাস কিংবা কুণ্ডদের মতো স্বার্থপর?\r\n\r\nবিভূতিভূষণের আরেক অমর সৃষ্টি। ছোট্ট এই উপন্যাসে দুর্ভিক্ষ, মানুষের হাহাকার,বেঁচে থাকার আকাঙ্ক্ষা এবং মনোবৃত্তি লেখক যেভাবে ফুটিয়ে তুলেছেন, সত্যিই মুগ্ধ না হয়ে উপায় নেই।\r\nঅনঙ্গ-বৌ বাংলা সাহিত্যে অতি অসাধারণ এবং উজ্জ্বল এক চরিত্র। না, তার চরিত্রে তেমন বিদ্রোহ বা প্রকটতা নেই। সে তার মাধুর্য দিয়েই ভাস্বর।\r\n\r\nএমন সময় বইটি পড়লাম, যখন নিজের দেশে সর্বোপরি সারা বিশ্বেই এক অস্থির সময়, এক অনিশ্চিত বাঁচা-মরার লড়াই। বইটি এবং তার ভাষ্য আরও মর্মে গিয়ে প্রবেশ করল তাই হয়তো। ', '2021-06-22', 0),
(7, 26, 24, 4, 'কোনপ্রকার প্রাকৃতিক দুর্যোগের লেশমাত্র না থাকা সত্ত্বেও স্বচ্ছল একটি গ্রাম আস্তে আস্তে সবার অগোচরে চলে গিয়েছে দুর্ভিক্ষের দোরগোড়ায়। হঠাৎ করেই বাজার থেকে চাল উধাও। হাজার হাজার বস্তা চাল সমুদ্রে ফেলে যুদ্ধের বাজারে বহু যত্ন করে চালের কৃত্রিম সংকট তৈরি করে রেখেছে একদল অসাধু মুনাফাখোর।\r\n\r\nসুপুরির বদলে তখন খেজুরের বীচি দিয়ে পান সাজা হয়, এক মগ ফ্যানের জন্য বাড়ি থেকে বাড়িতে ঘুরে চলে ভিখিরিরা, এক কাঠা চালের জন্য পোড়া যদুর কাছে দেহ বিক্রি করতেও বাঁধে না কাপালীদের ছোট বউয়ের, না খেতে পেয়েও যে মানুষ মরতে পারে শেষকালে সেই অভিজ্ঞতার সাথেও পরিচয় ঘটে সকলের।\r\n\r\nসত্যজিৎ রায়ের অশনি-সংকেত দেখুন, কিংবা বিভূতিভূষনের অশনি-সংকেতই পড়ুন, এরপর যতদিন বেঁচে থাকবেন আপনার দ্বারা খাবার নষ্ট করা এই ব্যাপারটি হওয়া খুবই কঠিন হবে বলে মনে করি।', '2021-06-22', 0),
(8, 26, 57, 5, '১৯৪৩-৪৪ সালের গ্রামীণ ভারতবর্ষ। দ্বিতীয় বিশ্বযুদ্ধের বারুদের গন্ধ এখানে এসে না পৌছালেও আরেক দাবানল ছারখার করে দেয় সমগ্র ভারতের গ্রামীণ সত্ত্বাকে। সেই দাবানলের নাম ক্ষুধা। অখন্ড ভারতবর্ষের মানুষের স্বপ্ন তখন অর্থ, অট্টালিকা আর প্রতিষ্ঠা নয়, শুধু একমুঠো চাল। দ্বিতীয় বিশ্বযুদ্ধের সময় সৈনিকদের জন্য খাদ্যের অগ্রীম মজুত বাড়াতে ভারতবর্ষের গ্রামে গ্রামে শেষ খাদ্যদানাটুকুও ব্রিটিশ সরকার কেড়ে নিতে শুরু করে। শুরু হয় দুর্ভিক্ষ। সারা ভারত জুড়ে মৃত্যুবরণ করে ৫০ লক্ষ অসহায় মানুষ। লেখক বিভূতিভূষণ বন্দ্যোপাধ্যায়ের অশনি সংকেত উপন্যাসটিতে সেই দুর্ভিক্ষের দাবানলে এক সহায় সম্বলহীন দরিদ্র ব্রাক্ষ্মণ পরিবারের বেঁচে থাকার লড়াই উপস্থাপনের মাধ্যমে পাঠকদের নিয়ে গেছেন সেই ৭০ বছর পূর্বের গ্রামীণ ভারতবর্ষে।\r\n\r\nনামকরণের স্বার্থকতাঃ\r\nস্বাধীনতাপূর্বে ভারতবর্ষের অবিভক্ত বাংলায় ধনী দরিদ্র সব মানুষের মাঝে অদ্ভুত এক অহংকার দানা বেঁধেছিল। সেই অহংকার ছিল প্রাচুর্যের। গোলা ভর্তি ধান। জলাশয়ে অসংখ্যা মাছের বিচরণ। সৃষ্টিকর্তার আদেশে যেন প্রকৃতি সবকিছু দান করেছে বাংলার মানুষকে। মানুষ দুটো ভাতের জন্য অনাহারে প্রাণ দিতে পারে এমন কথা তাদের কল্পনা জগতেও কখনো ঠাই পেত না। কিন্তু ছিয়াত্তরের মন্বত্তরের প্রায় দুইশত বছর পর মানুষ আবার জানলো দু মুঠো আহার হতে পারে কতটা দামী। উপন্যাসে নতুন গাঁয়ে দুর্ভিক্ষের দাবানলে যেদিন মতি নামের মেয়েটির প্রথম চিতা জ্বলে উঠলো সেদিন মানুষ বুঝতে পারলো ধধংসের সংকেত। অনাহারের আগুনে ছাই হয়ে উড়ে যাওয়ার লক্ষ মানুষের জন্য বিনাশের অশনি সংকেত।\r\n\r\nচারিত্রিক বিশ্লেষণঃ\r\nসমগ্র উপন্যাসটিতে দরিদ্র ব্রাক্ষণ গঙ্গাচরণ যেন ছিল মস্তিষ্ক আর তার স্ত্রী অনঙ্গ বৌ ছিল হৃদপিন্ড। একটু ভাল থাকার, দুটা ভাল খাওয়ার আশায় গঙ্গাচরণ পরিবারকে নিয়ে পাড়ি দিয়েছে এক গ্রাম থেকে আরেক গ্রাম। কখনো বাসুদেবপুর, কখনো ভাতছোলা আবার কখনো নতুন গাঁ। গঙ্গাচরণ দরিদ্র হলেও কিছু শিক্ষিত ছিল। নতুন গাঁয়ে এসে টোল খুলে ছাত্র জুটিয়ে শুরুটা বেশ ভাল হয়েছিল গঙ্গাচরণের। চতুর গঙ্গাচরণ গ্রামের মানুষের মিথ্যে চিকিৎসা করেও সুনাম এবং সামগ্রী দুটো উপার্জন করছিলো। কিন্তু হঠাৎ একদিন সেই স্রোত থেমে গেল। শুরু হলো যুদ্ধ। হু হু করে বেড়ে যেতে লাগল চালের দাম। শুণ্য হয়ে গেল গুদাম ভরা পাহাড় সমান চালের সারি সারি বস্তা। যারা একদিন স্বপ্রনোদিত হয়ে মাছ, সবজি এনে ব্রাক্ষণকে সেবা দিত তাঁরাই দু মুঠো চালের জন্য হন্যে হয়ে ঘুরতো লাগল গ্রামের পর গ্রাম। এরই মাঝে একদিন অনঙ্গ বউ এর কোলজুড়ে আসে নবজাতক। যার মুখে আহার দিতে গঙ্গাচরণ আর অনঙ্গ বউ প্রতিদিন মুখোমুখি হয় নতুন যুদ্ধের।\r\nএতকিছু পরেও অনঙ্গ বউ যেন দেবী অন্নপূর্ণা। তীব্র দুর্ভিক্ষের সময় যে এসেছে দুটো ভাতের দাবী নিয়ে কাউকে ফেরাতে পারেনি সেই দেবী। এমনি একজন ধূর্ত ব্রাক্ষণ দুর্গা ভটচায গঙ্গাচরণের কাছে নিলজ্জের মত দিনের পর দিন পাত পেরে খেয়ে গেছে। আর সেই দেবী নিজে না খেয়ে বৃদ্ধকে তুলে দিয়েছে সবটুকু। সেখানেই বিবেক বিবর্জিত ব্রাক্ষণ থেমে যায়নি, নিজের সমগ্র পরিবার নিয়ে উঠে এসেছে গঙ্গাচরণের বাড়িতে। তবুও অনঙ্গ বউ অবিচল।\r\nক্ষুধা মানুষকে দিয়ে কি করাতে পারে? কোথায় নামাতে পারে? এই প্রশ্নের উত্তর পেতে পেটে আহার ভরা কোন দার্শনিককে করে কখনো সত্যিটা জানা যাবে না, দেখা যাবে না। জানতে হলে প্রশ্নটা কতে হবে কোন ক্ষুধার্তকে কিংবা অশনি সংকেত উপন্যাসটি পড়লে আমরা সেই নিষ্ঠুর সত্যটা মানসপটে চাক্ষুস দেখতে পাবো। শুধু দুটো গরম ভাতের জন্য কাপালীদের ছোট বউ যখন নিজের শরীর অন্য পুরুষের কাছে বিলিয়ে আসে তখন জানা যায় ক্ষুধার প্রকৃত সংজ্ঞা।\r\n\r\nব্যক্তিগত অভিমতঃ\r\nআমি ব্যক্তিগতভাবে মনে করি বিভূতিভূষণ বন্দ্যোপাধ্যায় দুই বাংলা শ্রেষ্ঠ উপন্যাসিক। যাকে আজ পর্যন্ত কেউ ছাড়িয়ে যেতে পারেননি। কারণ সম্ভবত বিভূতিভূষণ একমাত্র সাহিত্যিক যিনি একই সাথে দুইধারার উপন্যাস লিখেছেন। আরণ্যক, দৃষ্টিপ্রদীপ, অপারিজত লিখে উনি সাহিত্যের সমৃদ্ধির সম্যক রূপ উনি পাঠকদের সামনে দাড় করিয়েছেন আর আদর্শ হিন্দু হোটেল, চাঁদের পাহাড়, অশনি সংকেত রচনা করে উনি বাংলা ভাষায় প্রাঞ্জল সাহিত্যের জন্ম দিয়েছেন।\r\nঅশনি সংকেত উপন্যাস তিনি শেষ করে যেতে পারেননি। আর সেটা বাংলা সাহিত্যের দুর্ভাগ্য। তবে এই অসম্পূর্ণ উপন্যাসটিতে পাঠক দুর্ভিক্ষের জীবন্ত রূপ দেখতে পাবেন আর দেখতে পাবে মনুষ্যত্বের গভীরতা। সুখী হবার জন্য রোজ আমরা মরীচীকার পিছনে ছুটে চলেছি। কিন্তু বিশ্বাস আর ভালোবাসা থাকলে এক মুঠো ভাত দুজনে ভাগ করে খাওয়ার মাঝেও সুখ আছে, তৃপ্তি আছে। যেখানে মমতা থাকে সেখানে নিজে না খেয়ে অন্যের প্রশান্তি মুখের অন্নের গ্রাস তুলতে দেখে পৃথিবীর সর্বশ্রেষ্ঠ সুখ', '2021-06-22', 0),
(9, 89, 134, 5, 'আমরা প্র‌তি‌নিয়ত এক‌টি অনি‌শ্চিত জীবন প‌রিচালনা কর‌ছি। কাল কী হ‌বে আমরা কেউ জা‌নি না!আর এই অনি‌শ্চিত জীব‌নকে নি‌য়ে আমা‌দের রা‌শি রা‌শি স্বপ্ন! কিন্তু আমরা কেউ জা‌নি না,‌সেই সব স্বপ্ন গু‌লো আদোও স‌ত্যি হ‌বে কিনা? বা আমা‌দের জীব‌নের শেষ প‌রি‌ণিত কী হ‌বে,তাও বল‌তে পা‌রি না! আজ‌কের সুস্থ সবল হা‌সিখু‌শি মানুষ,কাল দুঃখ,বেদনায় ছটফট কর‌তে পা‌রে! তবুও এই জীবন‌কে নি‌য়েই আমা‌দের চল‌তে হয়!! লেখক তার নির্বাসন উপন্যা‌সে মানু‌ষের এই অনি‌শ্চিত জীবন নি‌য়ে আলোকপাত ক‌রে‌ছেন। তাছাড়াও লেখক এখা‌নে প‌রিবার,সমাজ,প‌রি‌স্থি‌তি,ভা‌লোবাসা,‌বিরহ ইত্যা‌দি  ‌বিষয় খুব সু‌ন্দরভা‌বে উপস্থাপন ক‌রে‌ছেন। উপন্যা‌সের শে‌ষের কা‌হিনী মানু‌ষের ম‌নে ছোট গ‌ল্পের মত এক ধর‌নের অতৃ‌প্তি রে‌খে যা‌বে,ম‌নে হ‌বে,‌শেষ হ‌য়েও হই‌লো না শেষ!!', '2021-06-22', 0),
(10, 94, 4, 3, '', '2021-06-22', 0),
(11, 94, 21, 4, '', '2021-06-22', 0),
(12, 18, 55, 5, 'ক্রীসমাসের ছুটিতে কিছুটা কাউচ পটেটো হয়ে বাইরের তুষারপাত দেখেছি আর হাতে ছিলো গরমা গরম সবুজ চায়ের সাথে পড়া না পড়া কয়েকটি বই আর কিছু দুর্দান্ত সিনেমা। ছোটবেলা থেকে পল্লীকবি জসীমউদ্দিনের কবিতা পড়েছি তবে সেগুলো বেশীরভাগই টেক্সট বইয়ে। সহজ সরল জীবন কথা, গ্রামীন রুপ এই তার লেখার প্রধান উপজীব্য বলে ধারনা ছিলো। নিজেদের শহুরে জীবনের সাথে অনেক সময় রিলেট করতে পারিনি বলে বেশীর ভাগ সময় আগের যুগে গ্রামে এমন হতো এই মনোভাব নিয়ে পড়ে গেছি।\r\n\r\nআমার বাড়ি যাইও ভোমর, বসতে দেব পিঁড়ে,\r\nজলপান যে করতে দেব শালি ধানের চিঁড়ে।\r\nশালি ধানের চিঁড়ে দেব, বিন্নি ধানের খই,\r\nবাড়ির গাছের কবরী কলা গামছা বাঁধা দই।\r\n\r\nকিংবা\r\n\r\nআসমানীরে দেখতে যদি তোমরা সবে চাও,\r\nরহিমদ্দির ছোট্ট বাড়ি রসুলপুরে যাও।\r\nবাড়ি তো নয় পাখির বাসা ভেন্না পাতার ছানি,\r\nএকটুখানি বৃষ্টি হলেই গড়িয়ে পড়ে পানি।\r\nএকটুখানি হাওয়া দিলেই ঘর নড়বড় করে,\r\nতারি তলে আসমানীরা থাকে বছর ভরে।\r\n\r\nনয়তো\r\n\r\nএই খানে তোর দাদির কবর ডালিম-গাছের তলে,\r\nতিরিশ বছর ভিজায়ে রেখেছি দুই নয়নের জলে।\r\nএতটুকু তারে ঘরে এনেছিনু সোনার মতন মুখ,\r\nপুতুলের বিয়ে ভেঙে গেল বলে কেঁদে ভাসাইত বুক।\r\nএখানে ওখানে ঘুরিয়া ফিরিতে ভেবে হইতাম সারা,\r\nসারা বাড়ি ভরি এত সোনা মোর ছড়াইয়া দিল কারা!\r\n\r\n\r\nআমাদের আটপৌরে শহুরে জীবনে আমরা কাকেইবা এমন উদাত্ত আহবান করি? কোথায় বা তাদের আপ্যয়নের জন্যে শালি ধানের চিঁড়ে। ভেন্না পাতার বাড়িই বা আমরা কোথায় দেখেছি? এসমস্ত মিলিয়ে পল্লীকবি সর্ম্পকে ধারনা ছিলো সহজ সাধারণ কাব্যকথা লিখে গেছেন তিনি। বইয়ের তাক এপার ওপার করতে যেয়ে হাতে পরলো তার “বোবাকাহিনী” উপন্যাসটি। অনেক আগে একবার পড়েছিলাম, হালকা হালকা মনে ছিলো। আবারো পাতা ওল্টাতে ওল্টাতে ধরতে গেলে প্রায় এক নিঃশ্বাসে শেষ করলাম বইটি। হাতে নিয়ে আর ছাড়তে পারিনি, এভাবে কাহিনী আর ভাষা দুইই আবার টেনে নিয়ে গেছে।\r\n\r\nছোটবেলায় শুধু মুগ্ধ পাঠিকা হয়ে পড়ে গেছি কিন্তু এবার পড়তে পড়তে পল্লীকবির দৃষ্টিভঙ্গী সম্পর্কে ভাবছিলাম। এতো এতো আগের দিনে বইটি লেখা যেটাতে তিনি বার বার ধর্মের নামে গরীবকে শোষণ করা, ধর্মের আফিম খাইয়ে দিয়ে নিজেদের মধ্যে ঝগড়া করিয়ে দেয়ার ব্যাপারগুলো তুলে এনেছেন। দেখিয়েছেন গ্রামে যেমন ছিলো শোষন তেমন ছিলো ভালবাসা, শহুরে হঠকারিতা। স্বার্থ সিদ্ধির জন্যে, নিজের প্রয়োজনের জন্যে ধর্মকে ব্যবহার শিক্ষিত রাজনীতিবিদদের সূক্ষন চালকে তার দক্ষ লেখনীর মাধ্যমে তুলে এনেছেন। কতো চাতুরতার সাথে সাম্প্রদায়িকতার বীজ বুনে দিয়ে পাশাপাশি বাস করা প্রতিবেশীকে শত্রু করে তোলা যায় উঠে এসেছে তার লেখায়। এই জিনিসটি যে তিনি ততো আগে উপলব্ধি করেছেন এবং তার প্রতি বিদ্বেষ পোষণ করেছেন সেটি তার এই বইটি না পড়লে আমার জানাই হতো না তার সম্পর্কে। পল্লীকবির জীবনকে দেখার দৃষ্টি আর তার তা নিয়ে তার চিন্তা – ভাবনা, বইটি পড়ে তার সম্পর্কে আমার ধারনা বদলে গেছে। তিনি এতোটা অসাম্প্রদায়িক আর মুক্তমনা ছিলেন, কোন ধারনাই ছিলো না।\r\n\r\nবইটির সবচেয়ে বেদনার্ত অংশ ছোটবোন বড়ুই আর ভাই বছিরের ভালবাসা।আমাকে বারবার পথের পাঁচালীর কথা মনে করিয়ে দিচ্ছিলো, অপু-দুর্গা। দরিদ্র সংসারে নিদারুন অভাব কিন্তু আদাড়ে বাদাড়ে ঘুরে বেড়ায় দুই ভাইবোন মনের সুখে, ফল কুঁড়িয়ে খায়, ফুল কুঁড়িয়ে মালা গাঁথে। আছে পথের পাঁচালীর সেই বিষন্নতা, প্রকৃতির অবাধ স্বাধীনতার কোলে কিশোর কিশোরীদের উদ্দাম বেড়ে ওঠা অনেক ক্ষেত্রেই অনায়সে শহুরে ছেলে মেয়েদের হিংসার কারণ হতে পারে। কিন্তু কলেরায় ভুগে ডাক্তার আর ওষুধের অভাবে বড়ুই এর মৃত্যু দুর্গার মতোই বড্ড করুণ। কাঁদিয়ে আকুল ভাসায়। আমি যেনো চোখের ওপর সেই দৃশ্য দেখতে পাচ্ছিলাম, কি নিপুন ভাষায় না বর্ননা করে গেছেন সেই দুঃখ গাঁথা। ভাই বছির প্রতিজ্ঞা করলো, যেভাবেই হোক তাকে ডাক্তার হতেই হবে। বড়ুই এর মতো আর কাউকে যেনো অকালে পৃথিবী ছেড়ে চলে যেতে না হয়। গরীবের পাশে থাকবে সে, ডাক্তার যেনো আর শুধু শহর আর ধনী লোকদের জন্যে না হয়। ফুলির ভালবাসা অগ্রাহ্য করে চলে যায় বছির গ্রামের লোকদের তার পানে আশা করে থাকার কথা ভেবে, বোন বড়ুইয়ের কবরে করা তার প্রতিজ্ঞার কথা ভেবে ......... যদিও আজকেও বাংলার গ্রামে গ্রামে ডাক্তার আর ঔষধের দৈন্যতা ঘুচেনি। বহু বছিরের বলিদানও রক্ষা করতে পারছেনা বাংলাদেশকে।\r\n\r\n\r\nসব মিলিয়ে অন্য এক জসীমউদ্দিন ......... অন্য এক জগত ......। এতোটাই বাস্তব সেই পৃথিবী যেনো আমি নিজের চোখে সব দেখতে পাচ্ছিলাম ......... অসীম মুগ্ধতা আর শ্রদ্ধা লেখকের জন্যে\r\n\r\nলেখাটি উৎসর্গ করা হলো আমাদের শান্তকে', '2021-06-22', 0),
(13, 18, 114, 5, 'কিছু কিছু মানুষ থাকে যাদের কাহিনী শোনার মতো কেউ থাকেনা, বাবা-মা, আত্মীয় স্বজনের খোঁজ থাকেনা, ঘর বাড়ি সেটাও থাকেনা। আজাহের তেমনই একজন মানুষ,যার নিজের অতীত সম্পর্কে সঠিক মনে নেই। স্রোতের শ্যাওলার মতো ভেসে চলেছে যার জীবন। নানান জায়গায় ভেসে ভেসে, এক বাড়ি থেকে আরেক বাড়ি ঘুরে ঘুরে তার জীবনের পঁচিশটি বছর পার করেছে। কিন্তু সবাই তাকে ঠকিয়েছে, কেউ ক্ষেত খামারে কাজ করিয়ে, কেউ গরু বাছুর তদারকি করিয়ে, মনের ইচ্ছে মতো খাটিয়ে বেতন না দিয়ে গলা ধাক্কা দিয়ে বাড়ি থেকে বের করে দিয়েছে।জীবনে ঠকতে ঠকতে সে ঠিক করেছে আর ঠকবে না,বেতন না নিয়ে কারো বাড়িতে কাজ করবে না। কিন্তু বেতন নিয়েই বা কি করবে? তার মা নেই, বাবা, নেই, তাই ঠিক করে সে বিয়ে করবে। সেজন্য সে কঠোর পরিশ্রম করে। তাকে আশ্রয় দেয় গ্রামের মিনাজুদ্দী মাতব্বর। বিয়েও করিয়ে দেয়। বিয়ের সময় সে সুদে পনেরো টাকা ধার নেয় জোতদারের কাছ থেকে। সেখান থেকেই তার জীবনের কাহিনী শুরু, যা প্রত্যেকটি কৃষকের বোবা কাহিনী, যা তারা মুখ ফুটে বলতেও পারেনা।\r\n\r\nআজাহের বিয়ে করে ঘরে আনে টুকটুকে বউ। লক্ষীমন্ত বউ, সংসারের উন্নতির জন্য যে স্বামীর সাথে প্রাণ দিয়ে খাটে। দুজনের পরিশ্রমে সংসার হয়ে উঠে সোনার ফসল, আজাহের যেখানেই হাত দেয় সেখানেই সোনা ফলে। দুটো ফুটফুটে ছেলে মেয়ে হয়, বছির আর বড়ু। সোনার সংসার বলতে যা বুঝায় আজাহেরের তাই, কিন্তু সেই সোনার সংসারে নেমে আসে জোতদারের করাল থাবা। পনেরো টাকার বদলে সে কত পনেরো টাকা দিয়েছে তার হিসেব নেই কিন্তু সেই পনেরো টাকা পাঁচশো টাকা হয়ে তার জমিজমা, গরু সব নিয়ে যায়। আজাহের আবার হয়ে যায় ভাসমান মানুষ,এবার সে একা নয় পুরো পরিবারসহ।\r\n\r\nআজাহের পরিবার নিয়ে আসে ফরিদপুরের তাম্বুলখানা গ্রামে, যেখানে পুরো গ্রামবাসী তাকে সাহায্যের হাত বাড়িয়ে দেয়। কিন্তু ম্যালেরিয়া, কলেরা আর মশার জন্য গ্রামের অর্ধেক মানুষ মারা যায়। এখানে এসে আজাহেরের ছেলে মেয়ে অনেক খুশি হয়, তারা তাদের খেলার সঙ্গী পায় গ্রামের মাতব্বরের ছেলে মেয়েকে। সারাদিন বল জঙ্গলে ঘুরে ফিরে তারা ফুল,ফল পাখি দেখে, আর নানান খেলা খেলে। কিন্তু এখানে আজাহেরের দূর্ভাগ্য পিছু ছাড়েনা। একদিনের বেদ বমি হয়ে চিকিৎসার অভাবে মারা যায় তার মেয়ে বড়ু। ডাক্তারদের ফিস যোগাড় করতে না পারার কারণে প্রথমে হাতুড়ে ডাক্তার পরবর্তীতে মেয়ের লাশ নিয়েও অন্য ডাক্তারের ফিস দিতে হয়। সেদিনই প্রতিজ্ঞা করে সে একদিন মস্তবড় ডাক্তার হবে। কিন্তু গরীবের ছেলের এতো বড় স্বপ্ন কি সত্যিই পূরণ হবে?\r\nতাছাড়াও তার কেউ নেই যে তাকে সাহায্য করবে, শহরে আছে আরো বড় বড় জোঁক যারা গরীবের রক্ত চুষে খায়। তারা কি দিবে বছিরকে উপরে উঠতে, নাকি গরীব সারাজীবন মার খেয়ে যাবে সমাজের করাল গ্রাসে?\r\n\r\nপাঠপ্রতিক্রিয়াঃ পল্লীকবি জসিম উদ্দীন প্রকৃত অর্থেই পল্লীকবি। বোবা কাহিনী বইটিতে তিনি গ্রামের প্রকৃতির যে চমৎকার ভাব ফুটিয়ে তুলেছেন তা সত্যিই অতুলনীয়। বইটা পড়ার সময় আমার শুধু পথের পাঁচালির কথা মনে পড়ে গেছে। বছির আর বড়ু যেনো অপু আর দুর্গারই আরেক রূপ। এটা সেই সময়ের কাহিনী যখন বৃটিশ শাষকের বিদায় ঘন্টা বেজে গেছে আর গ্রামীণ সুদখোর জমিদার, জোতদার, শহুরে রক্তচোষা আইনজীবী আর মৌলবাদী ধর্ম ব্যবসায়ী আর পিরতন্ত্রের জাতাকলে পিষ্ট হচ্ছিলো সাধারণ গরীব মানুষ। এটা সে সাধারণ মানুষের বোবা কাহিনী, যা তারা কখনো মুখ ফুটে বলতে পারেনা।\r\n\r\nঅনেক অনেক ধন্যবাদ Mostanoor Sarker Moon কে এতো সুন্দর একটা বই গিফট করার জন্য।', '2021-06-22', 0),
(14, 18, 19, 4, '', '2021-06-22', 0),
(15, 18, 110, 5, '', '2021-06-22', 0),
(16, 10, 44, 5, '', '2021-06-22', 0),
(17, 10, 156, 5, '', '2021-06-22', 0),
(18, 10, 57, 5, '', '2021-06-22', 0),
(19, 10, 80, 5, '', '2021-06-22', 0),
(20, 10, 74, 4, '', '2021-06-22', 0),
(21, 15, 85, 4, '', '2021-06-22', 0),
(22, 15, 53, 4, '', '2021-06-22', 0),
(23, 15, 61, 4, '', '2021-06-22', 0),
(24, 15, 44, 5, '', '2021-06-22', 0),
(25, 15, 101, 5, '', '2021-06-22', 0),
(26, 15, 24, 5, '', '2021-06-22', 0),
(27, 15, 119, 5, '', '2021-06-22', 0),
(28, 89, 110, 3, '', '2021-06-22', 0),
(29, 89, 151, 3, '', '2021-06-22', 0),
(30, 89, 161, 3, '', '2021-06-22', 0),
(31, 89, 55, 4, '', '2021-06-22', 0),
(32, 89, 88, 5, '', '2021-06-22', 0),
(33, 1, 189, 5, '', '2021-06-22', 0),
(34, 1, 170, 5, '', '2021-06-22', 0),
(35, 1, 123, 4, '', '2021-06-22', 0),
(36, 1, 50, 4, '', '2021-06-22', 0),
(37, 1, 102, 4, '', '2021-06-22', 0),
(38, 1, 27, 3, '', '2021-06-22', 0),
(39, 1, 164, 5, '', '2021-06-22', 0),
(40, 40, 12, 4, 'নতুন করে কিছু বলার নেই। এর কিছু কিছু কবিতা যদি পাঠকের চোখে জল না আনে তাহলে সেটা কবিতার দোষ নয়, পাঠকের দোষ!\r\nঅবশ্যই সেই পাঠকের কবিতা পড়া বাদ দেয়া উচিৎ; কারণ কবিতা বোঝার মত হৃদয় তার নেই!', '2021-06-22', 0),
(41, 40, 23, 5, 'আমি ঠিক কবিতা পড়ার পাবলিক না। তারপর ও মাঝে মাঝে সঞ্চয়িতার একটা কবিতা নিজ মনেই আবৃতি করে ফেলি। এই রিভিউটা আসলে পুরো বইটাকে নিয়ে না শুধু মাত্র সেই বিশেষ কবিতাটা নিয়েই (দূর্লভ জন্ম) । যদিও এইখানে এত অসাধারন সব কবিতা আছে শুধুমাত্র ব্যক্তিগত পছন্দের একটা কবিতার কথা বলা কিছুটা আদ্যিখেতা ।\r\n\r\nহাহাকার জাগানোর এক কবিতা । প্রকৃতির কোন এক নিয়মে আমি এই পৃথিবীতে এসেছিলাম প্রকৃতির ততোধিক নিষ্ঠুর নিয়মে একদিনই ঠিকই চলে যাব। তাতে প্রকৃতির কিছুই আসবে যাবে না, সে নিজ নিয়মে তার বাগানে নতুন ফুল ঠিক ফুটিয়েই যাবে । মানুষ হিসাবে আমরা এতটাই অদ্ভুত যে পৃথিবীর এই নিষ্ঠুর নিয়ম জানার পর ও ঠিকই দিন শেষে অংককষি পাওয়া না পাওয়ার হিসাব নিকাশ করে কষ্ট পাই। জানি না ঠিক কোনটার চেয়ে কোনটা বেশি অদ্ভুত, আমাদের চাওয়া পাওয়ার হিসাব নিকাশ মিলানোর দূর্বোধ্য অংক নাকি জগতের নিষ্ঠুর নিয়মটা? কবিতাটা পড়ে প্রতিবার রবীন্দ্রনাথ ঠাকুরের উপরে অন্য রকমের ভাল লাগা একই সাথে খানিকটা অভিমান জন্মায় । ইস চুল দাড়িআলা এই বুড়ো লোকটা কিভাবে এত অসাধারন করে লিখেছেন,এত মায়া কিভাবে থাকে ?\r\n\r\nমাঝে মাঝে চাওয়া পাওয়ার হিসাব মিলাতে না পারলে একরাশ অভিমান নিয়ে আমারো বলতে ইচ্ছে হয় -\r\n\r\n\"যা পাই নি তাও থাক,যা পেয়েছি তাও-\r\nতুচ্ছ বলে যা চাই নি তাই মোরে দাও\"\r\n\r\nধন্যবাদ রবিঠাকুর এত অসাধারন হাহাকারের অনুভূতি, একগাদা আক্ষেপ আপনি ছাড়া কেউ সৃষ্টি করতে পারত না।', '2021-06-22', 0),
(42, 40, 46, 5, 'Five stars is not enough. No number of stars can define this collection of poems and songs by Tagore. Life is incomplete if one hasn\'t read it. Just to open to a random page, any time of any day- and absorb. And marvel how he managed to feel, and then write and explain about every emotion one has ever felt. If you have had a moment, a sentiment- he has written about it. It is worth knowing Bengali if for nothing but to be able read and experience Tagore.', '2021-06-22', 0),
(43, 40, 166, 2, '', '2021-06-22', 0),
(44, 40, 196, 5, '', '2021-06-22', 0),
(45, 102, 197, 1, '', '2021-06-22', 0),
(46, 102, 64, 2, '', '2021-06-22', 0),
(47, 102, 163, 2, '', '2021-06-22', 0),
(48, 102, 132, 4, '', '2021-06-22', 0),
(49, 102, 126, 4, '', '2021-06-22', 0),
(50, 92, 69, 4, '', '2021-06-22', 0),
(51, 92, 138, 3, '', '2021-06-22', 0),
(52, 92, 28, 3, '', '2021-06-22', 0),
(53, 92, 136, 2, '', '2021-06-22', 0),
(54, 92, 79, 2, '', '2021-06-22', 0),
(55, 92, 71, 4, '', '2021-06-22', 0),
(56, 92, 170, 3, '', '2021-06-22', 0),
(57, 2, 104, 4, '', '2021-06-22', 0),
(58, 2, 11, 4, '', '2021-06-22', 0),
(59, 2, 188, 4, '', '2021-06-22', 0),
(60, 2, 134, 3, '', '2021-06-22', 0),
(61, 2, 121, 4, '', '2021-06-22', 0),
(62, 2, 150, 4, '', '2021-06-22', 0),
(63, 66, 35, 4, '', '2021-06-22', 0),
(64, 67, 147, 5, '', '2021-06-22', 0),
(65, 20, 43, 4, '', '2021-06-22', 0),
(66, 7, 80, 3, '', '2021-06-22', 0),
(67, 50, 41, 4, '', '2021-06-22', 0),
(68, 5, 54, 3, '', '2021-06-22', 0),
(69, 46, 80, 5, '', '2021-06-22', 0),
(70, 21, 175, 3, '', '2021-06-22', 0),
(71, 13, 26, 4, '', '2021-06-22', 0),
(72, 95, 114, 4, '', '2021-06-22', 0),
(73, 20, 190, 3, '', '2021-06-22', 0),
(74, 77, 12, 4, '', '2021-06-22', 0),
(75, 91, 130, 3, '', '2021-06-22', 0),
(76, 86, 194, 3, '', '2021-06-22', 0),
(77, 95, 185, 4, '', '2021-06-22', 0),
(78, 26, 65, 4, '', '2021-06-22', 0),
(79, 32, 168, 5, '', '2021-06-22', 0),
(80, 62, 163, 5, '', '2021-06-22', 0),
(81, 59, 165, 3, '', '2021-06-22', 0),
(82, 71, 51, 4, '', '2021-06-22', 0),
(83, 27, 135, 4, '', '2021-06-22', 0),
(84, 91, 162, 5, '', '2021-06-22', 0),
(85, 98, 200, 3, '', '2021-06-22', 0),
(86, 69, 83, 5, '', '2021-06-22', 0),
(87, 78, 47, 3, '', '2021-06-22', 0),
(88, 26, 55, 3, '', '2021-06-22', 0),
(89, 91, 191, 4, '', '2021-06-22', 0),
(90, 58, 103, 4, '', '2021-06-22', 0),
(91, 98, 187, 5, '', '2021-06-22', 0),
(92, 37, 107, 5, '', '2021-06-22', 0),
(93, 69, 6, 5, '', '2021-06-22', 0),
(94, 55, 150, 5, '', '2021-06-22', 0),
(95, 34, 47, 5, '', '2021-06-22', 0),
(96, 59, 60, 5, '', '2021-06-22', 0),
(97, 28, 147, 3, '', '2021-06-22', 0),
(98, 12, 14, 4, '', '2021-06-22', 0),
(99, 80, 112, 4, '', '2021-06-22', 0),
(100, 25, 156, 4, '', '2021-06-22', 0),
(101, 11, 12, 5, '', '2021-06-22', 0),
(102, 22, 67, 5, '', '2021-06-22', 0),
(103, 70, 37, 5, '', '2021-06-22', 0),
(104, 18, 176, 3, '', '2021-06-22', 0),
(105, 6, 175, 4, '', '2021-06-22', 0),
(106, 63, 80, 5, '', '2021-06-22', 0),
(107, 23, 173, 5, '', '2021-06-22', 0),
(108, 76, 20, 3, '', '2021-06-22', 0),
(109, 61, 3, 4, '', '2021-06-22', 0),
(110, 75, 50, 4, '', '2021-06-22', 0),
(111, 6, 67, 5, '', '2021-06-22', 0),
(112, 67, 156, 4, '', '2021-06-22', 0),
(113, 86, 45, 3, '', '2021-06-22', 0),
(114, 19, 68, 4, '', '2021-06-22', 0),
(115, 83, 185, 5, '', '2021-06-22', 0),
(116, 97, 60, 5, '', '2021-06-22', 0),
(117, 9, 100, 4, '', '2021-06-22', 0),
(118, 16, 158, 3, '', '2021-06-22', 0),
(119, 37, 122, 5, '', '2021-06-22', 0),
(120, 37, 49, 3, '', '2021-06-22', 0),
(121, 37, 167, 4, '', '2021-06-22', 0),
(122, 46, 4, 3, '', '2021-06-22', 0),
(123, 46, 197, 5, '', '2021-06-22', 0),
(124, 46, 71, 4, '', '2021-06-22', 0),
(125, 55, 85, 5, '', '2021-06-22', 0),
(126, 55, 44, 5, '', '2021-06-22', 0),
(127, 55, 37, 3, '', '2021-06-22', 0),
(128, 83, 119, 4, '', '2021-06-22', 0),
(129, 83, 174, 3, '', '2021-06-22', 0),
(130, 83, 181, 4, '', '2021-06-22', 0),
(131, 83, 122, 3, '', '2021-06-22', 0),
(132, 22, 126, 5, '', '2021-06-22', 0),
(133, 22, 186, 4, '', '2021-06-22', 0),
(134, 62, 52, 3, '', '2021-06-22', 0),
(135, 62, 54, 5, '', '2021-06-22', 0),
(136, 62, 90, 5, '', '2021-06-22', 0),
(137, 23, 50, 4, '', '2021-06-22', 0),
(138, 23, 136, 4, '', '2021-06-22', 0),
(139, 23, 121, 5, '', '2021-06-22', 0),
(140, 69, 70, 5, '', '2021-06-22', 0),
(141, 69, 22, 3, '', '2021-06-22', 0),
(142, 69, 77, 3, '', '2021-06-22', 0),
(143, 32, 63, 3, '', '2021-06-22', 0),
(144, 32, 148, 4, '', '2021-06-22', 0),
(145, 32, 85, 3, '', '2021-06-22', 0),
(146, 32, 28, 5, '', '2021-06-22', 0),
(147, 34, 33, 3, '', '2021-06-22', 0),
(148, 34, 153, 4, '', '2021-06-22', 0),
(149, 34, 195, 5, '', '2021-06-22', 1);

-- --------------------------------------------------------

--
-- Table structure for table `search`
--

CREATE TABLE `search` (
  `id` int(11) NOT NULL,
  `user_id` int(11) NOT NULL,
  `book_id` int(11) NOT NULL,
  `total` int(11) NOT NULL,
  `last_search_date` date NOT NULL
) ENGINE=InnoDB DEFAULT CHARSET=utf8mb4;

--
-- Dumping data for table `search`
--

INSERT INTO `search` (`id`, `user_id`, `book_id`, `total`, `last_search_date`) VALUES
(1, 2, 1, 4, '2021-06-22'),
(2, 2, 13, 1, '2021-06-15'),
(3, 16, 9, 1, '2021-06-15'),
(4, 13, 21, 1, '2021-06-15'),
(5, 6, 10, 5, '2021-06-21'),
(6, 10, 10, 3, '2021-06-15'),
(7, 10, 6, 1, '2021-06-15'),
(8, 10, 15, 1, '2021-06-15'),
(9, 10, 20, 1, '2021-06-15'),
(10, 10, 1, 1, '2021-06-15'),
(11, 10, 4, 1, '2021-06-15'),
(12, 2, 9, 2, '2021-06-22'),
(13, 2, 10, 4, '2021-06-23'),
(14, 2, 113, 1, '2021-06-19'),
(15, 10, 18, 4, '2021-06-19'),
(16, 12, 15, 3, '2021-06-19'),
(17, 2, 84, 1, '2021-06-19'),
(18, 2, 18, 1, '2021-06-19'),
(19, 2, 4, 1, '2021-06-19'),
(20, 2, 32, 1, '2021-06-21'),
(21, 2, 80, 1, '2021-06-21'),
(22, 2, 3, 3, '2021-06-21'),
(23, 2, 75, 1, '2021-06-22'),
(24, 2, 95, 1, '2021-06-22'),
(25, 2, 101, 1, '2021-06-22'),
(26, 2, 72, 1, '2021-06-22'),
(27, 2, 25, 1, '2021-06-22'),
(28, 2, 63, 5, '2021-06-23'),
(29, 2, 97, 2, '2021-06-23'),
(30, 2, 11, 2, '2021-06-23'),
(31, 233, 97, 2, '2021-06-23'),
(32, 233, 10, 18, '2021-06-23'),
(33, 233, 11, 1, '2021-06-23'),
(34, 233, 18, 1, '2021-06-23');

-- --------------------------------------------------------

--
-- Table structure for table `subscription`
--

CREATE TABLE `subscription` (
  `id` int(11) NOT NULL,
  `user_id` int(11) NOT NULL,
  `tnx_id` text NOT NULL,
  `amount_of_books` int(11) NOT NULL,
  `date` date NOT NULL,
  `status` int(11) NOT NULL DEFAULT 0 COMMENT '1-ac,0-pending,-1-rej'
) ENGINE=InnoDB DEFAULT CHARSET=utf8mb4;

--
-- Dumping data for table `subscription`
--

INSERT INTO `subscription` (`id`, `user_id`, `tnx_id`, `amount_of_books`, `date`, `status`) VALUES
(1, 2, 'INVISIBLESTRING', 25, '2021-04-06', 1),
(2, 3, 'ASIFIWILLPAY', 4, '2021-04-06', 1),
(3, 13, '22DF45D2LKJ', 4, '2021-04-06', 1),
(4, 6, '45ljklj457', 25, '2021-04-06', 1),
(5, 12, 'IDBETHEMAN', 25, '2021-04-06', 1),
(6, 8, 'GASOLINE', 50, '2021-04-06', 1),
(7, 5, '5ZY4HSUIYK', 50, '2021-04-06', 1),
(8, 22, 'HTPFPN7Q30', 50, '2021-04-06', 1),
(9, 28, 'ROE94YXWQN', 50, '2021-04-06', 1),
(10, 36, 'BIBIX4ZJ7U', 50, '2021-04-06', 1),
(11, 37, 'BF2LXKL7TS', 50, '2021-04-06', 1),
(12, 38, 'NWAXL7BLPM', 50, '2021-04-06', 1),
(13, 42, '4BE60A4E44', 4, '2021-04-06', 1),
(14, 45, 'E9EXYEUXLK', 4, '2021-04-06', 1),
(15, 48, '9N0A0WYWZS', 50, '2021-04-06', 1),
(16, 54, 'O32JTAQUXH', 50, '2021-04-06', 1),
(17, 60, '9BVUOU92TU', 50, '2021-04-06', 1),
(18, 63, 'HHWS6XTLLO', 50, '2021-04-06', 1),
(19, 65, 'A6HOZZ3MZS', 50, '2021-04-06', 1),
(20, 68, 'QYLGYA3N7X', 4, '2021-04-07', 1),
(21, 69, 'DBXF5HP2TC', 50, '2021-04-07', 1),
(22, 70, 'EY2YX80B6Z', 50, '2021-04-07', 1),
(23, 74, 'MNCHK3J92E', 50, '2021-04-07', 1),
(24, 79, 'VKE4O9OFC4', 50, '2021-04-07', 1),
(25, 82, '1IHJU2O8JZ', 4, '2021-04-07', 1),
(26, 92, 'KPOJN9ITPA', 4, '2021-04-07', 1),
(27, 93, 'HKZR8TVKAR', 4, '2021-04-07', 1),
(28, 95, 'WSCTDER1XF', 4, '2021-04-07', 1),
(29, 96, 'V3AZW0UUOW', 50, '2021-04-07', 1),
(30, 100, '2H5Q1DO6YG', 4, '2021-04-07', 1),
(31, 101, 'QNAT2ZFS4R', 50, '2021-04-07', 1),
(32, 103, '2683O2AQBT', 50, '2021-04-07', 1),
(33, 104, 'PICCTUQ3DB', 4, '2021-04-07', 1),
(34, 106, 'T0SHZK8QFD', 50, '2021-04-07', 1),
(35, 112, '509XR7Y1QP', 50, '2021-04-07', 1),
(36, 113, 'GYXX48TUHH', 50, '2021-04-07', 1),
(37, 117, 'W9S057EPP8', 50, '2021-04-07', 1),
(38, 119, 'DOA9B374J1', 4, '2021-04-07', 1),
(39, 123, 'DDUPDBL4QD', 50, '2021-04-07', 1),
(40, 124, '8AZU61W7QN', 4, '2021-04-08', 1),
(41, 125, 'TJ91C8WTT0', 4, '2021-04-08', 1),
(42, 127, 'PAUAD4CQ11', 50, '2021-04-08', 1),
(43, 130, 'R2DQKNCF98', 50, '2021-04-08', 1),
(44, 134, 'IQTLAXAE8E', 50, '2021-04-08', 1),
(45, 135, 'V5UBEPHMQC', 50, '2021-04-08', 1),
(46, 139, 'UQ0ZPQZ1U5', 4, '2021-04-08', 1),
(47, 142, 'PEZ4KH6KHV', 50, '2021-04-08', 1),
(48, 143, 'EVZXVG7KTX', 4, '2021-04-08', 1),
(49, 146, '709H9ZWYE2', 50, '2021-04-08', 1),
(50, 148, 'WGZ8LEEAJH', 4, '2021-04-08', 1),
(51, 154, 'JKWNDMWEVO', 4, '2021-04-08', 1),
(52, 158, 'B18MEMJ2YL', 50, '2021-04-08', 1),
(53, 159, 'JWAON4SFSI', 4, '2021-04-08', 1),
(54, 162, 'A5MB0NJ60X', 50, '2021-04-08', 1),
(55, 163, 'YM9VL2XVDW', 50, '2021-04-08', 1),
(56, 170, '78QMF8TD7H', 50, '2021-04-08', 1),
(57, 172, '4GAGQMVR3N', 50, '2021-04-08', 1),
(58, 183, 'LSIKKJ87E5', 50, '2021-04-08', 1),
(59, 192, 'C1MADBTCUV', 50, '2021-04-08', 1),
(60, 196, 'ZGPKXWHJ1Q', 4, '2021-04-08', 1),
(62, 233, 'FAKETNXID', 4, '2021-06-30', 1);

-- --------------------------------------------------------

--
-- Table structure for table `upazila`
--

CREATE TABLE `upazila` (
  `id` int(3) NOT NULL,
  `district_id` int(2) NOT NULL,
  `name` varchar(25) NOT NULL,
  `bn_name` varchar(25) NOT NULL,
  `url` varchar(50) NOT NULL
) ENGINE=InnoDB DEFAULT CHARSET=utf8;

--
-- Dumping data for table `upazila`
--

INSERT INTO `upazila` (`id`, `district_id`, `name`, `bn_name`, `url`) VALUES
(1, 1, 'Debidwar', 'দেবিদ্বার', 'debidwar.comilla.gov.bd'),
(2, 1, 'Barura', 'বরুড়া', 'barura.comilla.gov.bd'),
(3, 1, 'Brahmanpara', 'ব্রাহ্মণপাড়া', 'brahmanpara.comilla.gov.bd'),
(4, 1, 'Chandina', 'চান্দিনা', 'chandina.comilla.gov.bd'),
(5, 1, 'Chauddagram', 'চৌদ্দগ্রাম', 'chauddagram.comilla.gov.bd'),
(6, 1, 'Daudkandi', 'দাউদকান্দি', 'daudkandi.comilla.gov.bd'),
(7, 1, 'Homna', 'হোমনা', 'homna.comilla.gov.bd'),
(8, 1, 'Laksam', 'লাকসাম', 'laksam.comilla.gov.bd'),
(9, 1, 'Muradnagar', 'মুরাদনগর', 'muradnagar.comilla.gov.bd'),
(10, 1, 'Nangalkot', 'নাঙ্গলকোট', 'nangalkot.comilla.gov.bd'),
(11, 1, 'Comilla Sadar', 'কুমিল্লা সদর', 'comillasadar.comilla.gov.bd'),
(12, 1, 'Meghna', 'মেঘনা', 'meghna.comilla.gov.bd'),
(13, 1, 'Monohargonj', 'মনোহরগঞ্জ', 'monohargonj.comilla.gov.bd'),
(14, 1, 'Sadarsouth', 'সদর দক্ষিণ', 'sadarsouth.comilla.gov.bd'),
(15, 1, 'Titas', 'তিতাস', 'titas.comilla.gov.bd'),
(16, 1, 'Burichang', 'বুড়িচং', 'burichang.comilla.gov.bd'),
(17, 1, 'Lalmai', 'লালমাই', 'lalmai.comilla.gov.bd'),
(18, 2, 'Chhagalnaiya', 'ছাগলনাইয়া', 'chhagalnaiya.feni.gov.bd'),
(19, 2, 'Feni Sadar', 'ফেনী সদর', 'sadar.feni.gov.bd'),
(20, 2, 'Sonagazi', 'সোনাগাজী', 'sonagazi.feni.gov.bd'),
(21, 2, 'Fulgazi', 'ফুলগাজী', 'fulgazi.feni.gov.bd'),
(22, 2, 'Parshuram', 'পরশুরাম', 'parshuram.feni.gov.bd'),
(23, 2, 'Daganbhuiyan', 'দাগনভূঞা', 'daganbhuiyan.feni.gov.bd'),
(24, 3, 'Brahmanbaria Sadar', 'ব্রাহ্মণবাড়িয়া সদর', 'sadar.brahmanbaria.gov.bd'),
(25, 3, 'Kasba', 'কসবা', 'kasba.brahmanbaria.gov.bd'),
(26, 3, 'Nasirnagar', 'নাসিরনগর', 'nasirnagar.brahmanbaria.gov.bd'),
(27, 3, 'Sarail', 'সরাইল', 'sarail.brahmanbaria.gov.bd'),
(28, 3, 'Ashuganj', 'আশুগঞ্জ', 'ashuganj.brahmanbaria.gov.bd'),
(29, 3, 'Akhaura', 'আখাউড়া', 'akhaura.brahmanbaria.gov.bd'),
(30, 3, 'Nabinagar', 'নবীনগর', 'nabinagar.brahmanbaria.gov.bd'),
(31, 3, 'Bancharampur', 'বাঞ্ছারামপুর', 'bancharampur.brahmanbaria.gov.bd'),
(32, 3, 'Bijoynagar', 'বিজয়নগর', 'bijoynagar.brahmanbaria.gov.bd    '),
(33, 4, 'Rangamati Sadar', 'রাঙ্গামাটি সদর', 'sadar.rangamati.gov.bd'),
(34, 4, 'Kaptai', 'কাপ্তাই', 'kaptai.rangamati.gov.bd'),
(35, 4, 'Kawkhali', 'কাউখালী', 'kawkhali.rangamati.gov.bd'),
(36, 4, 'Baghaichari', 'বাঘাইছড়ি', 'baghaichari.rangamati.gov.bd'),
(37, 4, 'Barkal', 'বরকল', 'barkal.rangamati.gov.bd'),
(38, 4, 'Langadu', 'লংগদু', 'langadu.rangamati.gov.bd'),
(39, 4, 'Rajasthali', 'রাজস্থলী', 'rajasthali.rangamati.gov.bd'),
(40, 4, 'Belaichari', 'বিলাইছড়ি', 'belaichari.rangamati.gov.bd'),
(41, 4, 'Juraichari', 'জুরাছড়ি', 'juraichari.rangamati.gov.bd'),
(42, 4, 'Naniarchar', 'নানিয়ারচর', 'naniarchar.rangamati.gov.bd'),
(43, 5, 'Noakhali Sadar', 'নোয়াখালী সদর', 'sadar.noakhali.gov.bd'),
(44, 5, 'Companiganj', 'কোম্পানীগঞ্জ', 'companiganj.noakhali.gov.bd'),
(45, 5, 'Begumganj', 'বেগমগঞ্জ', 'begumganj.noakhali.gov.bd'),
(46, 5, 'Hatia', 'হাতিয়া', 'hatia.noakhali.gov.bd'),
(47, 5, 'Subarnachar', 'সুবর্ণচর', 'subarnachar.noakhali.gov.bd'),
(48, 5, 'Kabirhat', 'কবিরহাট', 'kabirhat.noakhali.gov.bd'),
(49, 5, 'Senbug', 'সেনবাগ', 'senbug.noakhali.gov.bd'),
(50, 5, 'Chatkhil', 'চাটখিল', 'chatkhil.noakhali.gov.bd'),
(51, 5, 'Sonaimori', 'সোনাইমুড়ী', 'sonaimori.noakhali.gov.bd'),
(52, 6, 'Haimchar', 'হাইমচর', 'haimchar.chandpur.gov.bd'),
(53, 6, 'Kachua', 'কচুয়া', 'kachua.chandpur.gov.bd'),
(54, 6, 'Shahrasti', 'শাহরাস্তি	', 'shahrasti.chandpur.gov.bd'),
(55, 6, 'Chandpur Sadar', 'চাঁদপুর সদর', 'sadar.chandpur.gov.bd'),
(56, 6, 'Matlab South', 'মতলব দক্ষিণ', 'matlabsouth.chandpur.gov.bd'),
(57, 6, 'Hajiganj', 'হাজীগঞ্জ', 'hajiganj.chandpur.gov.bd'),
(58, 6, 'Matlab North', 'মতলব উত্তর', 'matlabnorth.chandpur.gov.bd'),
(59, 6, 'Faridgonj', 'ফরিদগঞ্জ', 'faridgonj.chandpur.gov.bd'),
(60, 7, 'Lakshmipur Sadar', 'লক্ষ্মীপুর সদর', 'sadar.lakshmipur.gov.bd'),
(61, 7, 'Kamalnagar', 'কমলনগর', 'kamalnagar.lakshmipur.gov.bd'),
(62, 7, 'Raipur', 'রায়পুর', 'raipur.lakshmipur.gov.bd'),
(63, 7, 'Ramgati', 'রামগতি', 'ramgati.lakshmipur.gov.bd'),
(64, 7, 'Ramganj', 'রামগঞ্জ', 'ramganj.lakshmipur.gov.bd'),
(65, 8, 'Rangunia', 'রাঙ্গুনিয়া', 'rangunia.chittagong.gov.bd'),
(66, 8, 'Sitakunda', 'সীতাকুন্ড', 'sitakunda.chittagong.gov.bd'),
(67, 8, 'Mirsharai', 'মীরসরাই', 'mirsharai.chittagong.gov.bd'),
(68, 8, 'Patiya', 'পটিয়া', 'patiya.chittagong.gov.bd'),
(69, 8, 'Sandwip', 'সন্দ্বীপ', 'sandwip.chittagong.gov.bd'),
(70, 8, 'Banshkhali', 'বাঁশখালী', 'banshkhali.chittagong.gov.bd'),
(71, 8, 'Boalkhali', 'বোয়ালখালী', 'boalkhali.chittagong.gov.bd'),
(72, 8, 'Anwara', 'আনোয়ারা', 'anwara.chittagong.gov.bd'),
(73, 8, 'Chandanaish', 'চন্দনাইশ', 'chandanaish.chittagong.gov.bd'),
(74, 8, 'Satkania', 'সাতকানিয়া', 'satkania.chittagong.gov.bd'),
(75, 8, 'Lohagara', 'লোহাগাড়া', 'lohagara.chittagong.gov.bd'),
(76, 8, 'Hathazari', 'হাটহাজারী', 'hathazari.chittagong.gov.bd'),
(77, 8, 'Fatikchhari', 'ফটিকছড়ি', 'fatikchhari.chittagong.gov.bd'),
(78, 8, 'Raozan', 'রাউজান', 'raozan.chittagong.gov.bd'),
(79, 8, 'Karnafuli', 'কর্ণফুলী', 'karnafuli.chittagong.gov.bd'),
(80, 9, 'Coxsbazar Sadar', 'কক্সবাজার সদর', 'sadar.coxsbazar.gov.bd'),
(81, 9, 'Chakaria', 'চকরিয়া', 'chakaria.coxsbazar.gov.bd'),
(82, 9, 'Kutubdia', 'কুতুবদিয়া', 'kutubdia.coxsbazar.gov.bd'),
(83, 9, 'Ukhiya', 'উখিয়া', 'ukhiya.coxsbazar.gov.bd'),
(84, 9, 'Moheshkhali', 'মহেশখালী', 'moheshkhali.coxsbazar.gov.bd'),
(85, 9, 'Pekua', 'পেকুয়া', 'pekua.coxsbazar.gov.bd'),
(86, 9, 'Ramu', 'রামু', 'ramu.coxsbazar.gov.bd'),
(87, 9, 'Teknaf', 'টেকনাফ', 'teknaf.coxsbazar.gov.bd'),
(88, 10, 'Khagrachhari Sadar', 'খাগড়াছড়ি সদর', 'sadar.khagrachhari.gov.bd'),
(89, 10, 'Dighinala', 'দিঘীনালা', 'dighinala.khagrachhari.gov.bd'),
(90, 10, 'Panchari', 'পানছড়ি', 'panchari.khagrachhari.gov.bd'),
(91, 10, 'Laxmichhari', 'লক্ষীছড়ি', 'laxmichhari.khagrachhari.gov.bd'),
(92, 10, 'Mohalchari', 'মহালছড়ি', 'mohalchari.khagrachhari.gov.bd'),
(93, 10, 'Manikchari', 'মানিকছড়ি', 'manikchari.khagrachhari.gov.bd'),
(94, 10, 'Ramgarh', 'রামগড়', 'ramgarh.khagrachhari.gov.bd'),
(95, 10, 'Matiranga', 'মাটিরাঙ্গা', 'matiranga.khagrachhari.gov.bd'),
(96, 10, 'Guimara', 'গুইমারা', 'guimara.khagrachhari.gov.bd'),
(97, 11, 'Bandarban Sadar', 'বান্দরবান সদর', 'sadar.bandarban.gov.bd'),
(98, 11, 'Alikadam', 'আলীকদম', 'alikadam.bandarban.gov.bd'),
(99, 11, 'Naikhongchhari', 'নাইক্ষ্যংছড়ি', 'naikhongchhari.bandarban.gov.bd'),
(100, 11, 'Rowangchhari', 'রোয়াংছড়ি', 'rowangchhari.bandarban.gov.bd'),
(101, 11, 'Lama', 'লামা', 'lama.bandarban.gov.bd'),
(102, 11, 'Ruma', 'রুমা', 'ruma.bandarban.gov.bd'),
(103, 11, 'Thanchi', 'থানচি', 'thanchi.bandarban.gov.bd'),
(104, 12, 'Belkuchi', 'বেলকুচি', 'belkuchi.sirajganj.gov.bd'),
(105, 12, 'Chauhali', 'চৌহালি', 'chauhali.sirajganj.gov.bd'),
(106, 12, 'Kamarkhand', 'কামারখন্দ', 'kamarkhand.sirajganj.gov.bd'),
(107, 12, 'Kazipur', 'কাজীপুর', 'kazipur.sirajganj.gov.bd'),
(108, 12, 'Raigonj', 'রায়গঞ্জ', 'raigonj.sirajganj.gov.bd'),
(109, 12, 'Shahjadpur', 'শাহজাদপুর', 'shahjadpur.sirajganj.gov.bd'),
(110, 12, 'Sirajganj Sadar', 'সিরাজগঞ্জ সদর', 'sirajganjsadar.sirajganj.gov.bd'),
(111, 12, 'Tarash', 'তাড়াশ', 'tarash.sirajganj.gov.bd'),
(112, 12, 'Ullapara', 'উল্লাপাড়া', 'ullapara.sirajganj.gov.bd'),
(113, 13, 'Sujanagar', 'সুজানগর', 'sujanagar.pabna.gov.bd'),
(114, 13, 'Ishurdi', 'ঈশ্বরদী', 'ishurdi.pabna.gov.bd'),
(115, 13, 'Bhangura', 'ভাঙ্গুড়া', 'bhangura.pabna.gov.bd'),
(116, 13, 'Pabna Sadar', 'পাবনা সদর', 'pabnasadar.pabna.gov.bd'),
(117, 13, 'Bera', 'বেড়া', 'bera.pabna.gov.bd'),
(118, 13, 'Atghoria', 'আটঘরিয়া', 'atghoria.pabna.gov.bd'),
(119, 13, 'Chatmohar', 'চাটমোহর', 'chatmohar.pabna.gov.bd'),
(120, 13, 'Santhia', 'সাঁথিয়া', 'santhia.pabna.gov.bd'),
(121, 13, 'Faridpur', 'ফরিদপুর', 'faridpur.pabna.gov.bd'),
(122, 14, 'Kahaloo', 'কাহালু', 'kahaloo.bogra.gov.bd'),
(123, 14, 'Bogra Sadar', 'বগুড়া সদর', 'sadar.bogra.gov.bd'),
(124, 14, 'Shariakandi', 'সারিয়াকান্দি', 'shariakandi.bogra.gov.bd'),
(125, 14, 'Shajahanpur', 'শাজাহানপুর', 'shajahanpur.bogra.gov.bd'),
(126, 14, 'Dupchanchia', 'দুপচাচিঁয়া', 'dupchanchia.bogra.gov.bd'),
(127, 14, 'Adamdighi', 'আদমদিঘি', 'adamdighi.bogra.gov.bd'),
(128, 14, 'Nondigram', 'নন্দিগ্রাম', 'nondigram.bogra.gov.bd'),
(129, 14, 'Sonatala', 'সোনাতলা', 'sonatala.bogra.gov.bd'),
(130, 14, 'Dhunot', 'ধুনট', 'dhunot.bogra.gov.bd'),
(131, 14, 'Gabtali', 'গাবতলী', 'gabtali.bogra.gov.bd'),
(132, 14, 'Sherpur', 'শেরপুর', 'sherpur.bogra.gov.bd'),
(133, 14, 'Shibganj', 'শিবগঞ্জ', 'shibganj.bogra.gov.bd'),
(134, 15, 'Paba', 'পবা', 'paba.rajshahi.gov.bd'),
(135, 15, 'Durgapur', 'দুর্গাপুর', 'durgapur.rajshahi.gov.bd'),
(136, 15, 'Mohonpur', 'মোহনপুর', 'mohonpur.rajshahi.gov.bd'),
(137, 15, 'Charghat', 'চারঘাট', 'charghat.rajshahi.gov.bd'),
(138, 15, 'Puthia', 'পুঠিয়া', 'puthia.rajshahi.gov.bd'),
(139, 15, 'Bagha', 'বাঘা', 'bagha.rajshahi.gov.bd'),
(140, 15, 'Godagari', 'গোদাগাড়ী', 'godagari.rajshahi.gov.bd'),
(141, 15, 'Tanore', 'তানোর', 'tanore.rajshahi.gov.bd'),
(142, 15, 'Bagmara', 'বাগমারা', 'bagmara.rajshahi.gov.bd'),
(143, 16, 'Natore Sadar', 'নাটোর সদর', 'natoresadar.natore.gov.bd'),
(144, 16, 'Singra', 'সিংড়া', 'singra.natore.gov.bd'),
(145, 16, 'Baraigram', 'বড়াইগ্রাম', 'baraigram.natore.gov.bd'),
(146, 16, 'Bagatipara', 'বাগাতিপাড়া', 'bagatipara.natore.gov.bd'),
(147, 16, 'Lalpur', 'লালপুর', 'lalpur.natore.gov.bd'),
(148, 16, 'Gurudaspur', 'গুরুদাসপুর', 'gurudaspur.natore.gov.bd'),
(149, 16, 'Naldanga', 'নলডাঙ্গা', 'naldanga.natore.gov.bd'),
(150, 17, 'Akkelpur', 'আক্কেলপুর', 'akkelpur.joypurhat.gov.bd'),
(151, 17, 'Kalai', 'কালাই', 'kalai.joypurhat.gov.bd'),
(152, 17, 'Khetlal', 'ক্ষেতলাল', 'khetlal.joypurhat.gov.bd'),
(153, 17, 'Panchbibi', 'পাঁচবিবি', 'panchbibi.joypurhat.gov.bd'),
(154, 17, 'Joypurhat Sadar', 'জয়পুরহাট সদর', 'joypurhatsadar.joypurhat.gov.bd'),
(155, 18, 'Chapainawabganj Sadar', 'চাঁপাইনবাবগঞ্জ সদর', 'chapainawabganjsadar.chapainawabganj.gov.bd'),
(156, 18, 'Gomostapur', 'গোমস্তাপুর', 'gomostapur.chapainawabganj.gov.bd'),
(157, 18, 'Nachol', 'নাচোল', 'nachol.chapainawabganj.gov.bd'),
(158, 18, 'Bholahat', 'ভোলাহাট', 'bholahat.chapainawabganj.gov.bd'),
(159, 18, 'Shibganj', 'শিবগঞ্জ', 'shibganj.chapainawabganj.gov.bd'),
(160, 19, 'Mohadevpur', 'মহাদেবপুর', 'mohadevpur.naogaon.gov.bd'),
(161, 19, 'Badalgachi', 'বদলগাছী', 'badalgachi.naogaon.gov.bd'),
(162, 19, 'Patnitala', 'পত্নিতলা', 'patnitala.naogaon.gov.bd'),
(163, 19, 'Dhamoirhat', 'ধামইরহাট', 'dhamoirhat.naogaon.gov.bd'),
(164, 19, 'Niamatpur', 'নিয়ামতপুর', 'niamatpur.naogaon.gov.bd'),
(165, 19, 'Manda', 'মান্দা', 'manda.naogaon.gov.bd'),
(166, 19, 'Atrai', 'আত্রাই', 'atrai.naogaon.gov.bd'),
(167, 19, 'Raninagar', 'রাণীনগর', 'raninagar.naogaon.gov.bd'),
(168, 19, 'Naogaon Sadar', 'নওগাঁ সদর', 'naogaonsadar.naogaon.gov.bd'),
(169, 19, 'Porsha', 'পোরশা', 'porsha.naogaon.gov.bd'),
(170, 19, 'Sapahar', 'সাপাহার', 'sapahar.naogaon.gov.bd'),
(171, 20, 'Manirampur', 'মণিরামপুর', 'manirampur.jessore.gov.bd'),
(172, 20, 'Abhaynagar', 'অভয়নগর', 'abhaynagar.jessore.gov.bd'),
(173, 20, 'Bagherpara', 'বাঘারপাড়া', 'bagherpara.jessore.gov.bd'),
(174, 20, 'Chougachha', 'চৌগাছা', 'chougachha.jessore.gov.bd'),
(175, 20, 'Jhikargacha', 'ঝিকরগাছা', 'jhikargacha.jessore.gov.bd'),
(176, 20, 'Keshabpur', 'কেশবপুর', 'keshabpur.jessore.gov.bd'),
(177, 20, 'Jessore Sadar', 'যশোর সদর', 'sadar.jessore.gov.bd'),
(178, 20, 'Sharsha', 'শার্শা', 'sharsha.jessore.gov.bd'),
(179, 21, 'Assasuni', 'আশাশুনি', 'assasuni.satkhira.gov.bd'),
(180, 21, 'Debhata', 'দেবহাটা', 'debhata.satkhira.gov.bd'),
(181, 21, 'Kalaroa', 'কলারোয়া', 'kalaroa.satkhira.gov.bd'),
(182, 21, 'Satkhira Sadar', 'সাতক্ষীরা সদর', 'satkhirasadar.satkhira.gov.bd'),
(183, 21, 'Shyamnagar', 'শ্যামনগর', 'shyamnagar.satkhira.gov.bd'),
(184, 21, 'Tala', 'তালা', 'tala.satkhira.gov.bd'),
(185, 21, 'Kaliganj', 'কালিগঞ্জ', 'kaliganj.satkhira.gov.bd'),
(186, 22, 'Mujibnagar', 'মুজিবনগর', 'mujibnagar.meherpur.gov.bd'),
(187, 22, 'Meherpur Sadar', 'মেহেরপুর সদর', 'meherpursadar.meherpur.gov.bd'),
(188, 22, 'Gangni', 'গাংনী', 'gangni.meherpur.gov.bd'),
(189, 23, 'Narail Sadar', 'নড়াইল সদর', 'narailsadar.narail.gov.bd'),
(190, 23, 'Lohagara', 'লোহাগড়া', 'lohagara.narail.gov.bd'),
(191, 23, 'Kalia', 'কালিয়া', 'kalia.narail.gov.bd'),
(192, 24, 'Chuadanga Sadar', 'চুয়াডাঙ্গা সদর', 'chuadangasadar.chuadanga.gov.bd'),
(193, 24, 'Alamdanga', 'আলমডাঙ্গা', 'alamdanga.chuadanga.gov.bd'),
(194, 24, 'Damurhuda', 'দামুড়হুদা', 'damurhuda.chuadanga.gov.bd'),
(195, 24, 'Jibannagar', 'জীবননগর', 'jibannagar.chuadanga.gov.bd'),
(196, 25, 'Kushtia Sadar', 'কুষ্টিয়া সদর', 'kushtiasadar.kushtia.gov.bd'),
(197, 25, 'Kumarkhali', 'কুমারখালী', 'kumarkhali.kushtia.gov.bd'),
(198, 25, 'Khoksa', 'খোকসা', 'khoksa.kushtia.gov.bd'),
(199, 25, 'Mirpur', 'মিরপুর', 'mirpurkushtia.kushtia.gov.bd'),
(200, 25, 'Daulatpur', 'দৌলতপুর', 'daulatpur.kushtia.gov.bd'),
(201, 25, 'Bheramara', 'ভেড়ামারা', 'bheramara.kushtia.gov.bd'),
(202, 26, 'Shalikha', 'শালিখা', 'shalikha.magura.gov.bd'),
(203, 26, 'Sreepur', 'শ্রীপুর', 'sreepur.magura.gov.bd'),
(204, 26, 'Magura Sadar', 'মাগুরা সদর', 'magurasadar.magura.gov.bd'),
(205, 26, 'Mohammadpur', 'মহম্মদপুর', 'mohammadpur.magura.gov.bd'),
(206, 27, 'Paikgasa', 'পাইকগাছা', 'paikgasa.khulna.gov.bd'),
(207, 27, 'Fultola', 'ফুলতলা', 'fultola.khulna.gov.bd'),
(208, 27, 'Digholia', 'দিঘলিয়া', 'digholia.khulna.gov.bd'),
(209, 27, 'Rupsha', 'রূপসা', 'rupsha.khulna.gov.bd'),
(210, 27, 'Terokhada', 'তেরখাদা', 'terokhada.khulna.gov.bd'),
(211, 27, 'Dumuria', 'ডুমুরিয়া', 'dumuria.khulna.gov.bd'),
(212, 27, 'Botiaghata', 'বটিয়াঘাটা', 'botiaghata.khulna.gov.bd'),
(213, 27, 'Dakop', 'দাকোপ', 'dakop.khulna.gov.bd'),
(214, 27, 'Koyra', 'কয়রা', 'koyra.khulna.gov.bd'),
(215, 28, 'Fakirhat', 'ফকিরহাট', 'fakirhat.bagerhat.gov.bd'),
(216, 28, 'Bagerhat Sadar', 'বাগেরহাট সদর', 'sadar.bagerhat.gov.bd'),
(217, 28, 'Mollahat', 'মোল্লাহাট', 'mollahat.bagerhat.gov.bd'),
(218, 28, 'Sarankhola', 'শরণখোলা', 'sarankhola.bagerhat.gov.bd'),
(219, 28, 'Rampal', 'রামপাল', 'rampal.bagerhat.gov.bd'),
(220, 28, 'Morrelganj', 'মোড়েলগঞ্জ', 'morrelganj.bagerhat.gov.bd'),
(221, 28, 'Kachua', 'কচুয়া', 'kachua.bagerhat.gov.bd'),
(222, 28, 'Mongla', 'মোংলা', 'mongla.bagerhat.gov.bd'),
(223, 28, 'Chitalmari', 'চিতলমারী', 'chitalmari.bagerhat.gov.bd'),
(224, 29, 'Jhenaidah Sadar', 'ঝিনাইদহ সদর', 'sadar.jhenaidah.gov.bd'),
(225, 29, 'Shailkupa', 'শৈলকুপা', 'shailkupa.jhenaidah.gov.bd'),
(226, 29, 'Harinakundu', 'হরিণাকুন্ডু', 'harinakundu.jhenaidah.gov.bd'),
(227, 29, 'Kaliganj', 'কালীগঞ্জ', 'kaliganj.jhenaidah.gov.bd'),
(228, 29, 'Kotchandpur', 'কোটচাঁদপুর', 'kotchandpur.jhenaidah.gov.bd'),
(229, 29, 'Moheshpur', 'মহেশপুর', 'moheshpur.jhenaidah.gov.bd'),
(230, 30, 'Jhalakathi Sadar', 'ঝালকাঠি সদর', 'sadar.jhalakathi.gov.bd'),
(231, 30, 'Kathalia', 'কাঠালিয়া', 'kathalia.jhalakathi.gov.bd'),
(232, 30, 'Nalchity', 'নলছিটি', 'nalchity.jhalakathi.gov.bd'),
(233, 30, 'Rajapur', 'রাজাপুর', 'rajapur.jhalakathi.gov.bd'),
(234, 31, 'Bauphal', 'বাউফল', 'bauphal.patuakhali.gov.bd'),
(235, 31, 'Patuakhali Sadar', 'পটুয়াখালী সদর', 'sadar.patuakhali.gov.bd'),
(236, 31, 'Dumki', 'দুমকি', 'dumki.patuakhali.gov.bd'),
(237, 31, 'Dashmina', 'দশমিনা', 'dashmina.patuakhali.gov.bd'),
(238, 31, 'Kalapara', 'কলাপাড়া', 'kalapara.patuakhali.gov.bd'),
(239, 31, 'Mirzaganj', 'মির্জাগঞ্জ', 'mirzaganj.patuakhali.gov.bd'),
(240, 31, 'Galachipa', 'গলাচিপা', 'galachipa.patuakhali.gov.bd'),
(241, 31, 'Rangabali', 'রাঙ্গাবালী', 'rangabali.patuakhali.gov.bd'),
(242, 32, 'Pirojpur Sadar', 'পিরোজপুর সদর', 'sadar.pirojpur.gov.bd'),
(243, 32, 'Nazirpur', 'নাজিরপুর', 'nazirpur.pirojpur.gov.bd'),
(244, 32, 'Kawkhali', 'কাউখালী', 'kawkhali.pirojpur.gov.bd'),
(245, 32, 'Zianagar', 'জিয়ানগর', 'zianagar.pirojpur.gov.bd'),
(246, 32, 'Bhandaria', 'ভান্ডারিয়া', 'bhandaria.pirojpur.gov.bd'),
(247, 32, 'Mathbaria', 'মঠবাড়ীয়া', 'mathbaria.pirojpur.gov.bd'),
(248, 32, 'Nesarabad', 'নেছারাবাদ', 'nesarabad.pirojpur.gov.bd'),
(249, 33, 'Barisal Sadar', 'বরিশাল সদর', 'barisalsadar.barisal.gov.bd'),
(250, 33, 'Bakerganj', 'বাকেরগঞ্জ', 'bakerganj.barisal.gov.bd'),
(251, 33, 'Babuganj', 'বাবুগঞ্জ', 'babuganj.barisal.gov.bd'),
(252, 33, 'Wazirpur', 'উজিরপুর', 'wazirpur.barisal.gov.bd'),
(253, 33, 'Banaripara', 'বানারীপাড়া', 'banaripara.barisal.gov.bd'),
(254, 33, 'Gournadi', 'গৌরনদী', 'gournadi.barisal.gov.bd'),
(255, 33, 'Agailjhara', 'আগৈলঝাড়া', 'agailjhara.barisal.gov.bd'),
(256, 33, 'Mehendiganj', 'মেহেন্দিগঞ্জ', 'mehendiganj.barisal.gov.bd'),
(257, 33, 'Muladi', 'মুলাদী', 'muladi.barisal.gov.bd'),
(258, 33, 'Hizla', 'হিজলা', 'hizla.barisal.gov.bd'),
(259, 34, 'Bhola Sadar', 'ভোলা সদর', 'sadar.bhola.gov.bd'),
(260, 34, 'Borhan Sddin', 'বোরহান উদ্দিন', 'borhanuddin.bhola.gov.bd'),
(261, 34, 'Charfesson', 'চরফ্যাশন', 'charfesson.bhola.gov.bd'),
(262, 34, 'Doulatkhan', 'দৌলতখান', 'doulatkhan.bhola.gov.bd'),
(263, 34, 'Monpura', 'মনপুরা', 'monpura.bhola.gov.bd'),
(264, 34, 'Tazumuddin', 'তজুমদ্দিন', 'tazumuddin.bhola.gov.bd'),
(265, 34, 'Lalmohan', 'লালমোহন', 'lalmohan.bhola.gov.bd'),
(266, 35, 'Amtali', 'আমতলী', 'amtali.barguna.gov.bd'),
(267, 35, 'Barguna Sadar', 'বরগুনা সদর', 'sadar.barguna.gov.bd'),
(268, 35, 'Betagi', 'বেতাগী', 'betagi.barguna.gov.bd'),
(269, 35, 'Bamna', 'বামনা', 'bamna.barguna.gov.bd'),
(270, 35, 'Pathorghata', 'পাথরঘাটা', 'pathorghata.barguna.gov.bd'),
(271, 35, 'Taltali', 'তালতলি', 'taltali.barguna.gov.bd'),
(272, 36, 'Balaganj', 'বালাগঞ্জ', 'balaganj.sylhet.gov.bd'),
(273, 36, 'Beanibazar', 'বিয়ানীবাজার', 'beanibazar.sylhet.gov.bd'),
(274, 36, 'Bishwanath', 'বিশ্বনাথ', 'bishwanath.sylhet.gov.bd'),
(275, 36, 'Companiganj', 'কোম্পানীগঞ্জ', 'companiganj.sylhet.gov.bd'),
(276, 36, 'Fenchuganj', 'ফেঞ্চুগঞ্জ', 'fenchuganj.sylhet.gov.bd'),
(277, 36, 'Golapganj', 'গোলাপগঞ্জ', 'golapganj.sylhet.gov.bd'),
(278, 36, 'Gowainghat', 'গোয়াইনঘাট', 'gowainghat.sylhet.gov.bd'),
(279, 36, 'Jaintiapur', 'জৈন্তাপুর', 'jaintiapur.sylhet.gov.bd'),
(280, 36, 'Kanaighat', 'কানাইঘাট', 'kanaighat.sylhet.gov.bd'),
(281, 36, 'Sylhet Sadar', 'সিলেট সদর', 'sylhetsadar.sylhet.gov.bd'),
(282, 36, 'Zakiganj', 'জকিগঞ্জ', 'zakiganj.sylhet.gov.bd'),
(283, 36, 'Dakshinsurma', 'দক্ষিণ সুরমা', 'dakshinsurma.sylhet.gov.bd'),
(284, 36, 'Osmaninagar', 'ওসমানী নগর', 'osmaninagar.sylhet.gov.bd'),
(285, 37, 'Barlekha', 'বড়লেখা', 'barlekha.moulvibazar.gov.bd'),
(286, 37, 'Kamolganj', 'কমলগঞ্জ', 'kamolganj.moulvibazar.gov.bd'),
(287, 37, 'Kulaura', 'কুলাউড়া', 'kulaura.moulvibazar.gov.bd'),
(288, 37, 'Moulvibazar Sadar', 'মৌলভীবাজার সদর', 'moulvibazarsadar.moulvibazar.gov.bd'),
(289, 37, 'Rajnagar', 'রাজনগর', 'rajnagar.moulvibazar.gov.bd'),
(290, 37, 'Sreemangal', 'শ্রীমঙ্গল', 'sreemangal.moulvibazar.gov.bd'),
(291, 37, 'Juri', 'জুড়ী', 'juri.moulvibazar.gov.bd'),
(292, 38, 'Nabiganj', 'নবীগঞ্জ', 'nabiganj.habiganj.gov.bd'),
(293, 38, 'Bahubal', 'বাহুবল', 'bahubal.habiganj.gov.bd'),
(294, 38, 'Ajmiriganj', 'আজমিরীগঞ্জ', 'ajmiriganj.habiganj.gov.bd'),
(295, 38, 'Baniachong', 'বানিয়াচং', 'baniachong.habiganj.gov.bd'),
(296, 38, 'Lakhai', 'লাখাই', 'lakhai.habiganj.gov.bd'),
(297, 38, 'Chunarughat', 'চুনারুঘাট', 'chunarughat.habiganj.gov.bd'),
(298, 38, 'Habiganj Sadar', 'হবিগঞ্জ সদর', 'habiganjsadar.habiganj.gov.bd'),
(299, 38, 'Madhabpur', 'মাধবপুর', 'madhabpur.habiganj.gov.bd'),
(300, 39, 'Sunamganj Sadar', 'সুনামগঞ্জ সদর', 'sadar.sunamganj.gov.bd'),
(301, 39, 'South Sunamganj', 'দক্ষিণ সুনামগঞ্জ', 'southsunamganj.sunamganj.gov.bd'),
(302, 39, 'Bishwambarpur', 'বিশ্বম্ভরপুর', 'bishwambarpur.sunamganj.gov.bd'),
(303, 39, 'Chhatak', 'ছাতক', 'chhatak.sunamganj.gov.bd'),
(304, 39, 'Jagannathpur', 'জগন্নাথপুর', 'jagannathpur.sunamganj.gov.bd'),
(305, 39, 'Dowarabazar', 'দোয়ারাবাজার', 'dowarabazar.sunamganj.gov.bd'),
(306, 39, 'Tahirpur', 'তাহিরপুর', 'tahirpur.sunamganj.gov.bd'),
(307, 39, 'Dharmapasha', 'ধর্মপাশা', 'dharmapasha.sunamganj.gov.bd'),
(308, 39, 'Jamalganj', 'জামালগঞ্জ', 'jamalganj.sunamganj.gov.bd'),
(309, 39, 'Shalla', 'শাল্লা', 'shalla.sunamganj.gov.bd'),
(310, 39, 'Derai', 'দিরাই', 'derai.sunamganj.gov.bd'),
(311, 40, 'Belabo', 'বেলাবো', 'belabo.narsingdi.gov.bd'),
(312, 40, 'Monohardi', 'মনোহরদী', 'monohardi.narsingdi.gov.bd'),
(313, 40, 'Narsingdi Sadar', 'নরসিংদী সদর', 'narsingdisadar.narsingdi.gov.bd'),
(314, 40, 'Palash', 'পলাশ', 'palash.narsingdi.gov.bd'),
(315, 40, 'Raipura', 'রায়পুরা', 'raipura.narsingdi.gov.bd'),
(316, 40, 'Shibpur', 'শিবপুর', 'shibpur.narsingdi.gov.bd'),
(317, 41, 'Kaliganj', 'কালীগঞ্জ', 'kaliganj.gazipur.gov.bd'),
(318, 41, 'Kaliakair', 'কালিয়াকৈর', 'kaliakair.gazipur.gov.bd'),
(319, 41, 'Kapasia', 'কাপাসিয়া', 'kapasia.gazipur.gov.bd'),
(320, 41, 'Gazipur Sadar', 'গাজীপুর সদর', 'sadar.gazipur.gov.bd'),
(321, 41, 'Sreepur', 'শ্রীপুর', 'sreepur.gazipur.gov.bd'),
(322, 42, 'Shariatpur Sadar', 'শরিয়তপুর সদর', 'sadar.shariatpur.gov.bd'),
(323, 42, 'Naria', 'নড়িয়া', 'naria.shariatpur.gov.bd'),
(324, 42, 'Zajira', 'জাজিরা', 'zajira.shariatpur.gov.bd'),
(325, 42, 'Gosairhat', 'গোসাইরহাট', 'gosairhat.shariatpur.gov.bd'),
(326, 42, 'Bhedarganj', 'ভেদরগঞ্জ', 'bhedarganj.shariatpur.gov.bd'),
(327, 42, 'Damudya', 'ডামুড্যা', 'damudya.shariatpur.gov.bd'),
(328, 43, 'Araihazar', 'আড়াইহাজার', 'araihazar.narayanganj.gov.bd'),
(329, 43, 'Bandar', 'বন্দর', 'bandar.narayanganj.gov.bd'),
(330, 43, 'Narayanganj Sadar', 'নারায়নগঞ্জ সদর', 'narayanganjsadar.narayanganj.gov.bd'),
(331, 43, 'Rupganj', 'রূপগঞ্জ', 'rupganj.narayanganj.gov.bd'),
(332, 43, 'Sonargaon', 'সোনারগাঁ', 'sonargaon.narayanganj.gov.bd'),
(333, 44, 'Basail', 'বাসাইল', 'basail.tangail.gov.bd'),
(334, 44, 'Bhuapur', 'ভুয়াপুর', 'bhuapur.tangail.gov.bd'),
(335, 44, 'Delduar', 'দেলদুয়ার', 'delduar.tangail.gov.bd'),
(336, 44, 'Ghatail', 'ঘাটাইল', 'ghatail.tangail.gov.bd'),
(337, 44, 'Gopalpur', 'গোপালপুর', 'gopalpur.tangail.gov.bd'),
(338, 44, 'Madhupur', 'মধুপুর', 'madhupur.tangail.gov.bd'),
(339, 44, 'Mirzapur', 'মির্জাপুর', 'mirzapur.tangail.gov.bd'),
(340, 44, 'Nagarpur', 'নাগরপুর', 'nagarpur.tangail.gov.bd'),
(341, 44, 'Sakhipur', 'সখিপুর', 'sakhipur.tangail.gov.bd'),
(342, 44, 'Tangail Sadar', 'টাঙ্গাইল সদর', 'tangailsadar.tangail.gov.bd'),
(343, 44, 'Kalihati', 'কালিহাতী', 'kalihati.tangail.gov.bd'),
(344, 44, 'Dhanbari', 'ধনবাড়ী', 'dhanbari.tangail.gov.bd'),
(345, 45, 'Itna', 'ইটনা', 'itna.kishoreganj.gov.bd'),
(346, 45, 'Katiadi', 'কটিয়াদী', 'katiadi.kishoreganj.gov.bd'),
(347, 45, 'Bhairab', 'ভৈরব', 'bhairab.kishoreganj.gov.bd'),
(348, 45, 'Tarail', 'তাড়াইল', 'tarail.kishoreganj.gov.bd'),
(349, 45, 'Hossainpur', 'হোসেনপুর', 'hossainpur.kishoreganj.gov.bd'),
(350, 45, 'Pakundia', 'পাকুন্দিয়া', 'pakundia.kishoreganj.gov.bd'),
(351, 45, 'Kuliarchar', 'কুলিয়ারচর', 'kuliarchar.kishoreganj.gov.bd'),
(352, 45, 'Kishoreganj Sadar', 'কিশোরগঞ্জ সদর', 'kishoreganjsadar.kishoreganj.gov.bd'),
(353, 45, 'Karimgonj', 'করিমগঞ্জ', 'karimgonj.kishoreganj.gov.bd'),
(354, 45, 'Bajitpur', 'বাজিতপুর', 'bajitpur.kishoreganj.gov.bd'),
(355, 45, 'Austagram', 'অষ্টগ্রাম', 'austagram.kishoreganj.gov.bd'),
(356, 45, 'Mithamoin', 'মিঠামইন', 'mithamoin.kishoreganj.gov.bd'),
(357, 45, 'Nikli', 'নিকলী', 'nikli.kishoreganj.gov.bd'),
(358, 46, 'Harirampur', 'হরিরামপুর', 'harirampur.manikganj.gov.bd'),
(359, 46, 'Saturia', 'সাটুরিয়া', 'saturia.manikganj.gov.bd'),
(360, 46, 'Manikganj Sadar', 'মানিকগঞ্জ সদর', 'sadar.manikganj.gov.bd'),
(361, 46, 'Gior', 'ঘিওর', 'gior.manikganj.gov.bd'),
(362, 46, 'Shibaloy', 'শিবালয়', 'shibaloy.manikganj.gov.bd'),
(363, 46, 'Doulatpur', 'দৌলতপুর', 'doulatpur.manikganj.gov.bd'),
(364, 46, 'Singiar', 'সিংগাইর', 'singiar.manikganj.gov.bd'),
(365, 47, 'Savar', 'সাভার', 'savar.dhaka.gov.bd'),
(366, 47, 'Dhamrai', 'ধামরাই', 'dhamrai.dhaka.gov.bd'),
(367, 47, 'Keraniganj', 'কেরাণীগঞ্জ', 'keraniganj.dhaka.gov.bd'),
(368, 47, 'Nawabganj', 'নবাবগঞ্জ', 'nawabganj.dhaka.gov.bd'),
(369, 47, 'Dohar', 'দোহার', 'dohar.dhaka.gov.bd'),
(370, 48, 'Munshiganj Sadar', 'মুন্সিগঞ্জ সদর', 'sadar.munshiganj.gov.bd'),
(371, 48, 'Sreenagar', 'শ্রীনগর', 'sreenagar.munshiganj.gov.bd'),
(372, 48, 'Sirajdikhan', 'সিরাজদিখান', 'sirajdikhan.munshiganj.gov.bd'),
(373, 48, 'Louhajanj', 'লৌহজং', 'louhajanj.munshiganj.gov.bd'),
(374, 48, 'Gajaria', 'গজারিয়া', 'gajaria.munshiganj.gov.bd'),
(375, 48, 'Tongibari', 'টংগীবাড়ি', 'tongibari.munshiganj.gov.bd'),
(376, 49, 'Rajbari Sadar', 'রাজবাড়ী সদর', 'sadar.rajbari.gov.bd'),
(377, 49, 'Goalanda', 'গোয়ালন্দ', 'goalanda.rajbari.gov.bd'),
(378, 49, 'Pangsa', 'পাংশা', 'pangsa.rajbari.gov.bd'),
(379, 49, 'Baliakandi', 'বালিয়াকান্দি', 'baliakandi.rajbari.gov.bd'),
(380, 49, 'Kalukhali', 'কালুখালী', 'kalukhali.rajbari.gov.bd'),
(381, 50, 'Madaripur Sadar', 'মাদারীপুর সদর', 'sadar.madaripur.gov.bd'),
(382, 50, 'Shibchar', 'শিবচর', 'shibchar.madaripur.gov.bd'),
(383, 50, 'Kalkini', 'কালকিনি', 'kalkini.madaripur.gov.bd'),
(384, 50, 'Rajoir', 'রাজৈর', 'rajoir.madaripur.gov.bd'),
(385, 51, 'Gopalganj Sadar', 'গোপালগঞ্জ সদর', 'sadar.gopalganj.gov.bd'),
(386, 51, 'Kashiani', 'কাশিয়ানী', 'kashiani.gopalganj.gov.bd'),
(387, 51, 'Tungipara', 'টুংগীপাড়া', 'tungipara.gopalganj.gov.bd'),
(388, 51, 'Kotalipara', 'কোটালীপাড়া', 'kotalipara.gopalganj.gov.bd'),
(389, 51, 'Muksudpur', 'মুকসুদপুর', 'muksudpur.gopalganj.gov.bd'),
(390, 52, 'Faridpur Sadar', 'ফরিদপুর সদর', 'sadar.faridpur.gov.bd'),
(391, 52, 'Alfadanga', 'আলফাডাঙ্গা', 'alfadanga.faridpur.gov.bd'),
(392, 52, 'Boalmari', 'বোয়ালমারী', 'boalmari.faridpur.gov.bd'),
(393, 52, 'Sadarpur', 'সদরপুর', 'sadarpur.faridpur.gov.bd'),
(394, 52, 'Nagarkanda', 'নগরকান্দা', 'nagarkanda.faridpur.gov.bd'),
(395, 52, 'Bhanga', 'ভাঙ্গা', 'bhanga.faridpur.gov.bd'),
(396, 52, 'Charbhadrasan', 'চরভদ্রাসন', 'charbhadrasan.faridpur.gov.bd'),
(397, 52, 'Madhukhali', 'মধুখালী', 'madhukhali.faridpur.gov.bd'),
(398, 52, 'Saltha', 'সালথা', 'saltha.faridpur.gov.bd'),
(399, 53, 'Panchagarh Sadar', 'পঞ্চগড় সদর', 'panchagarhsadar.panchagarh.gov.bd'),
(400, 53, 'Debiganj', 'দেবীগঞ্জ', 'debiganj.panchagarh.gov.bd'),
(401, 53, 'Boda', 'বোদা', 'boda.panchagarh.gov.bd'),
(402, 53, 'Atwari', 'আটোয়ারী', 'atwari.panchagarh.gov.bd'),
(403, 53, 'Tetulia', 'তেতুলিয়া', 'tetulia.panchagarh.gov.bd'),
(404, 54, 'Nawabganj', 'নবাবগঞ্জ', 'nawabganj.dinajpur.gov.bd'),
(405, 54, 'Birganj', 'বীরগঞ্জ', 'birganj.dinajpur.gov.bd'),
(406, 54, 'Ghoraghat', 'ঘোড়াঘাট', 'ghoraghat.dinajpur.gov.bd'),
(407, 54, 'Birampur', 'বিরামপুর', 'birampur.dinajpur.gov.bd'),
(408, 54, 'Parbatipur', 'পার্বতীপুর', 'parbatipur.dinajpur.gov.bd'),
(409, 54, 'Bochaganj', 'বোচাগঞ্জ', 'bochaganj.dinajpur.gov.bd'),
(410, 54, 'Kaharol', 'কাহারোল', 'kaharol.dinajpur.gov.bd'),
(411, 54, 'Fulbari', 'ফুলবাড়ী', 'fulbari.dinajpur.gov.bd'),
(412, 54, 'Dinajpur Sadar', 'দিনাজপুর সদর', 'dinajpursadar.dinajpur.gov.bd'),
(413, 54, 'Hakimpur', 'হাকিমপুর', 'hakimpur.dinajpur.gov.bd'),
(414, 54, 'Khansama', 'খানসামা', 'khansama.dinajpur.gov.bd'),
(415, 54, 'Birol', 'বিরল', 'birol.dinajpur.gov.bd'),
(416, 54, 'Chirirbandar', 'চিরিরবন্দর', 'chirirbandar.dinajpur.gov.bd'),
(417, 55, 'Lalmonirhat Sadar', 'লালমনিরহাট সদর', 'sadar.lalmonirhat.gov.bd'),
(418, 55, 'Kaliganj', 'কালীগঞ্জ', 'kaliganj.lalmonirhat.gov.bd'),
(419, 55, 'Hatibandha', 'হাতীবান্ধা', 'hatibandha.lalmonirhat.gov.bd'),
(420, 55, 'Patgram', 'পাটগ্রাম', 'patgram.lalmonirhat.gov.bd'),
(421, 55, 'Aditmari', 'আদিতমারী', 'aditmari.lalmonirhat.gov.bd'),
(422, 56, 'Syedpur', 'সৈয়দপুর', 'syedpur.nilphamari.gov.bd'),
(423, 56, 'Domar', 'ডোমার', 'domar.nilphamari.gov.bd'),
(424, 56, 'Dimla', 'ডিমলা', 'dimla.nilphamari.gov.bd'),
(425, 56, 'Jaldhaka', 'জলঢাকা', 'jaldhaka.nilphamari.gov.bd'),
(426, 56, 'Kishorganj', 'কিশোরগঞ্জ', 'kishorganj.nilphamari.gov.bd'),
(427, 56, 'Nilphamari Sadar', 'নীলফামারী সদর', 'nilphamarisadar.nilphamari.gov.bd'),
(428, 57, 'Sadullapur', 'সাদুল্লাপুর', 'sadullapur.gaibandha.gov.bd'),
(429, 57, 'Gaibandha Sadar', 'গাইবান্ধা সদর', 'gaibandhasadar.gaibandha.gov.bd'),
(430, 57, 'Palashbari', 'পলাশবাড়ী', 'palashbari.gaibandha.gov.bd'),
(431, 57, 'Saghata', 'সাঘাটা', 'saghata.gaibandha.gov.bd'),
(432, 57, 'Gobindaganj', 'গোবিন্দগঞ্জ', 'gobindaganj.gaibandha.gov.bd'),
(433, 57, 'Sundarganj', 'সুন্দরগঞ্জ', 'sundarganj.gaibandha.gov.bd'),
(434, 57, 'Phulchari', 'ফুলছড়ি', 'phulchari.gaibandha.gov.bd'),
(435, 58, 'Thakurgaon Sadar', 'ঠাকুরগাঁও সদর', 'thakurgaonsadar.thakurgaon.gov.bd'),
(436, 58, 'Pirganj', 'পীরগঞ্জ', 'pirganj.thakurgaon.gov.bd'),
(437, 58, 'Ranisankail', 'রাণীশংকৈল', 'ranisankail.thakurgaon.gov.bd'),
(438, 58, 'Haripur', 'হরিপুর', 'haripur.thakurgaon.gov.bd'),
(439, 58, 'Baliadangi', 'বালিয়াডাঙ্গী', 'baliadangi.thakurgaon.gov.bd'),
(440, 59, 'Rangpur Sadar', 'রংপুর সদর', 'rangpursadar.rangpur.gov.bd'),
(441, 59, 'Gangachara', 'গংগাচড়া', 'gangachara.rangpur.gov.bd'),
(442, 59, 'Taragonj', 'তারাগঞ্জ', 'taragonj.rangpur.gov.bd'),
(443, 59, 'Badargonj', 'বদরগঞ্জ', 'badargonj.rangpur.gov.bd'),
(444, 59, 'Mithapukur', 'মিঠাপুকুর', 'mithapukur.rangpur.gov.bd'),
(445, 59, 'Pirgonj', 'পীরগঞ্জ', 'pirgonj.rangpur.gov.bd'),
(446, 59, 'Kaunia', 'কাউনিয়া', 'kaunia.rangpur.gov.bd'),
(447, 59, 'Pirgacha', 'পীরগাছা', 'pirgacha.rangpur.gov.bd'),
(448, 60, 'Kurigram Sadar', 'কুড়িগ্রাম সদর', 'kurigramsadar.kurigram.gov.bd'),
(449, 60, 'Nageshwari', 'নাগেশ্বরী', 'nageshwari.kurigram.gov.bd'),
(450, 60, 'Bhurungamari', 'ভুরুঙ্গামারী', 'bhurungamari.kurigram.gov.bd'),
(451, 60, 'Phulbari', 'ফুলবাড়ী', 'phulbari.kurigram.gov.bd'),
(452, 60, 'Rajarhat', 'রাজারহাট', 'rajarhat.kurigram.gov.bd'),
(453, 60, 'Ulipur', 'উলিপুর', 'ulipur.kurigram.gov.bd'),
(454, 60, 'Chilmari', 'চিলমারী', 'chilmari.kurigram.gov.bd'),
(455, 60, 'Rowmari', 'রৌমারী', 'rowmari.kurigram.gov.bd'),
(456, 60, 'Charrajibpur', 'চর রাজিবপুর', 'charrajibpur.kurigram.gov.bd'),
(457, 61, 'Sherpur Sadar', 'শেরপুর সদর', 'sherpursadar.sherpur.gov.bd'),
(458, 61, 'Nalitabari', 'নালিতাবাড়ী', 'nalitabari.sherpur.gov.bd'),
(459, 61, 'Sreebordi', 'শ্রীবরদী', 'sreebordi.sherpur.gov.bd'),
(460, 61, 'Nokla', 'নকলা', 'nokla.sherpur.gov.bd'),
(461, 61, 'Jhenaigati', 'ঝিনাইগাতী', 'jhenaigati.sherpur.gov.bd'),
(462, 62, 'Fulbaria', 'ফুলবাড়ীয়া', 'fulbaria.mymensingh.gov.bd'),
(463, 62, 'Trishal', 'ত্রিশাল', 'trishal.mymensingh.gov.bd'),
(464, 62, 'Bhaluka', 'ভালুকা', 'bhaluka.mymensingh.gov.bd'),
(465, 62, 'Muktagacha', 'মুক্তাগাছা', 'muktagacha.mymensingh.gov.bd'),
(466, 62, 'Mymensingh Sadar', 'ময়মনসিংহ সদর', 'mymensinghsadar.mymensingh.gov.bd'),
(467, 62, 'Dhobaura', 'ধোবাউড়া', 'dhobaura.mymensingh.gov.bd'),
(468, 62, 'Phulpur', 'ফুলপুর', 'phulpur.mymensingh.gov.bd'),
(469, 62, 'Haluaghat', 'হালুয়াঘাট', 'haluaghat.mymensingh.gov.bd'),
(470, 62, 'Gouripur', 'গৌরীপুর', 'gouripur.mymensingh.gov.bd'),
(471, 62, 'Gafargaon', 'গফরগাঁও', 'gafargaon.mymensingh.gov.bd'),
(472, 62, 'Iswarganj', 'ঈশ্বরগঞ্জ', 'iswarganj.mymensingh.gov.bd'),
(473, 62, 'Nandail', 'নান্দাইল', 'nandail.mymensingh.gov.bd'),
(474, 62, 'Tarakanda', 'তারাকান্দা', 'tarakanda.mymensingh.gov.bd'),
(475, 63, 'Jamalpur Sadar', 'জামালপুর সদর', 'jamalpursadar.jamalpur.gov.bd'),
(476, 63, 'Melandah', 'মেলান্দহ', 'melandah.jamalpur.gov.bd'),
(477, 63, 'Islampur', 'ইসলামপুর', 'islampur.jamalpur.gov.bd'),
(478, 63, 'Dewangonj', 'দেওয়ানগঞ্জ', 'dewangonj.jamalpur.gov.bd'),
(479, 63, 'Sarishabari', 'সরিষাবাড়ী', 'sarishabari.jamalpur.gov.bd'),
(480, 63, 'Madarganj', 'মাদারগঞ্জ', 'madarganj.jamalpur.gov.bd'),
(481, 63, 'Bokshiganj', 'বকশীগঞ্জ', 'bokshiganj.jamalpur.gov.bd'),
(482, 64, 'Barhatta', 'বারহাট্টা', 'barhatta.netrokona.gov.bd'),
(483, 64, 'Durgapur', 'দুর্গাপুর', 'durgapur.netrokona.gov.bd'),
(484, 64, 'Kendua', 'কেন্দুয়া', 'kendua.netrokona.gov.bd'),
(485, 64, 'Atpara', 'আটপাড়া', 'atpara.netrokona.gov.bd'),
(486, 64, 'Madan', 'মদন', 'madan.netrokona.gov.bd'),
(487, 64, 'Khaliajuri', 'খালিয়াজুরী', 'khaliajuri.netrokona.gov.bd'),
(488, 64, 'Kalmakanda', 'কলমাকান্দা', 'kalmakanda.netrokona.gov.bd'),
(489, 64, 'Mohongonj', 'মোহনগঞ্জ', 'mohongonj.netrokona.gov.bd'),
(490, 64, 'Purbadhala', 'পূর্বধলা', 'purbadhala.netrokona.gov.bd'),
(491, 64, 'Netrokona Sadar', 'নেত্রকোণা সদর', 'netrokonasadar.netrokona.gov.bd');

-- --------------------------------------------------------

--
-- Table structure for table `user`
--

CREATE TABLE `user` (
  `id` int(11) NOT NULL,
  `username` varchar(100) NOT NULL,
  `password` text NOT NULL,
  `email` varchar(100) NOT NULL,
  `fullname` text NOT NULL,
  `phone` varchar(13) NOT NULL,
  `division` int(11) NOT NULL,
  `district` int(11) NOT NULL,
  `upazila` int(11) NOT NULL,
  `local_address` text NOT NULL,
  `about` text NOT NULL,
  `img` text NOT NULL,
  `role` int(11) DEFAULT 1 COMMENT '0=admin,1=user',
  `join_date` date NOT NULL DEFAULT current_timestamp()
) ENGINE=InnoDB DEFAULT CHARSET=utf8mb4;

--
-- Dumping data for table `user`
--

INSERT INTO `user` (`id`, `username`, `password`, `email`, `fullname`, `phone`, `division`, `district`, `upazila`, `local_address`, `about`, `img`, `role`, `join_date`) VALUES
(1, 'Admin.Livro', '$2y$10$aTmsOSXHaV23/BFmxyh2Q.KAnZ5fQN16WjbLAjPsS0jsDPNr/z93a', 'admin@livro.bd', '', '', 0, 0, 0, '', '', '', 0, '2021-03-30'),
(2, 'Opi', '$2y$10$oiTjmLi4tan9d9E9GNbGiuP8MWwG1clH1Oi0/mxp1Q2Iw4XA8woK6', 'opi1707002@stud.kuet.ac.bd', 'Mehrab Hossain', '01710655785', 3, 20, 177, 'Pulerhat', 'Beta Tester here.', '2.png', 1, '2021-04-01'),
(3, 'as.if', '$2y$10$WNZT.pqR17GTx7dn9m2phu.5sH8vze6mDbmshZqTLhfy7dRs.SFem', 'aasif@gmail.com', 'Asif Iqbal', '01712457832', 3, 27, 212, 'Ferighat 7', '', '', 1, '2021-04-01'),
(4, 'tourist', '$2y$10$bp0/zJjvwk7ewaKTz.zyG.DzicFQWPOnUtZ2CIJF2X30gmfxFxa5.', 'rusist@gmail.com', '', '', 0, 0, 0, '', '', '', 1, '2021-04-01'),
(5, 'rng', '$2y$10$V8kKpNRKhQuJwzLrIKYAUOVjznu27q23gd/MbjF2BWaCDhJ2XKmvS', 'rng@gmail.com', '', '', 0, 0, 0, '', '', '', 1, '2021-04-01'),
(6, 'mona', '$2y$10$IJo.9ULlnwETsZbm5iq/d.EwU3tIgrhN4c6LPG7aH1mEJNplvL0GC', 'mona@gmail.com', 'Astro Mona', '0126654875', 1, 8, 75, 'Home 32', '', '', 1, '2021-04-01'),
(7, 'user', '$2y$10$Xq.lPsRueuA0jU0AdAty7e/dw3VZ8iP.V4816pduTpdXtzi61AnKW', 'uuu@gmail.com', '', '', 0, 0, 0, '', '', '', 1, '2021-04-01'),
(8, 'ash', '$2y$10$v5yLF.L4RZzK2Stk5aQ/6.MBaC.r4beZnHMIKZwEgtgYgxT2OoNyG', 'asg@gmail.com', '', '', 0, 0, 0, '', '', '', 1, '2021-04-01'),
(9, 'ashash', '$2y$10$dRE67wzuRl9hZEfJ1jEYO.c8t0Ib0TDzRDDISGPnp82Wuwgs8fy4e', 'asgh@gmail.com', '', '', 0, 0, 0, '', '', '', 1, '2021-04-01'),
(10, '.me', '$2y$10$HPExVy..cLwtuITijkTPTeS8pd7uKlbmAhojSzDHMrzSbSivsaZ7m', 'mej@gmail.com', '', '', 0, 0, 0, '', '', '', 1, '2021-04-01'),
(11, 'hamin', '$2y$10$imkif7wxDfhZB9lQE8S7Z.pribH57zbTzf50rGYA/UrAovZ/o4cVu', 'mdej@gmail.com', '', '', 0, 0, 0, '', '', '', 1, '2021-04-01'),
(12, 'aether', '$2y$10$flGrBHvEGnpjaihEZp6KGuWIw1H0Xh8Xs3NMfY54XKM9.lRvrHvwy', 'aaae@gmail.com', 'Alison ', '01313312312', 2, 13, 119, 'Rail Station, House 34', '', '12.jpg', 1, '2021-04-01'),
(13, 'lumine', '$2y$10$ZOWsQcwAGdMPP./2WgEBlOYIeCSFcT6d0cLdGsRkAsg5wBGdGjoVu', 'lmn@gmail.com', 'Lumine', '01714141526', 1, 10, 94, 'Heal 23', '', '', 1, '2021-04-01'),
(14, 'z7', '$2y$10$qLP4zyd3RlNXZ3VqU5wxbe9kzX9o8H/XhPHBpYItEQgDuO/BaHqRy', 'almn@gmail.com', '', '', 0, 0, 0, '', '', '', 1, '2021-04-01'),
(15, 'ning', '$2y$10$KjCO4Kb4FUSCKvqZyXzc2e1PNh61VCJKcdjOTPT30Ko3k553cbvsW', 'nng@gmail.com', '', '', 0, 0, 0, '', '', '', 1, '2021-04-01'),
(16, 'user22', '$2y$10$fBMcN/IJ/MtwW1VIybj5vu9A/mOeWwtwdJOApS9gb0.SSBIjl9g7m', 'uys@gmail.com', '', '', 0, 0, 0, '', '', '', 1, '2021-04-01'),
(17, 'nojoin', '$2y$10$C6fvXhur7g1XSwXdkAKPMeODiQT/2Kbihm4QuoT/8MQc.csJWw3Ze', 'suys@gmail.com', '', '', 0, 0, 0, '', '', '', 1, '2021-04-01'),
(18, 'broke', '$2y$10$rTB21IJYdrXSLCtVq/S/V.P7T7GHmlpXWsgIb5iDnBu3GetUYEJhe', 'susys@gmail.com', '', '', 0, 0, 0, '', '', '', 1, '2021-04-01'),
(19, 'ruser', '$2y$10$pC2NBWfotCGb9ruIPstWpudg0HpDW/nUTEBRIxFhPuDZJsebt3YTi', 'sess@gmail.com', '', '', 0, 0, 0, '', '', '', 1, '2021-04-01'),
(20, 'maroon', '$2y$10$E/wlLnKVq2n3hS1yIoxpmeaIkjeRjbL75el3m6/cH3PaUMlWE98pW', 'seqs@gmail.com', '', '', 0, 0, 0, '', '', '', 1, '2021-04-01'),
(21, 'alsin', '$2y$10$TZ39jCT66hKT4n1i2D3H2uUS2dV8twXvK/oDmziuumX7UzWF4QRFW', 'a23s@gmail.com', '', '', 0, 0, 0, '', '', '', 1, '2021-04-01'),
(22, 'alison', '$2y$10$q.IJycnuAXaFuiXt9WfP3ubfIn6yWYpCt6pdQKwDiFAvZnKg2AbDa', 'ghty@gmail.com', '', '', 0, 0, 0, '', '', '', 1, '2021-04-01'),
(23, 'peepeep', '$2y$10$ej8qyXiiZXw52OlJ9mRYIujpX0uWS89dsPttOMA1cJOVDdcPlpjYK', 'uioui@gmail.com', '', '', 0, 0, 0, '', '', '', 1, '2021-04-01'),
(24, 'ocean', '$2y$10$hUKzkgQ5yg8Rw0pE91OgeOSEFzU1yeDytA9sQTRJfvcZi3yIIVUHG', 'ocn@gmail.com', '', '', 0, 0, 0, '', '', '', 1, '2021-04-01'),
(25, 'young', '$2y$10$.j3dvP3Pxnd9WZ13gGPh7OXoMssEHd6E2WQBnTHcO82t8i2Jb7nf.', 'yun@gmail.com', '', '', 0, 0, 0, '', '', '', 1, '2021-04-01'),
(26, 'sysman', '$2y$10$lA21w9tpUw7CqEBlB9YWWeERf7MvHVWFL5ZN3amjSTMFfKQLz9Pka', 'symn@gmail.com', '', '', 0, 0, 0, '', '', '', 1, '2021-04-01'),
(27, 'newuser', '$2y$10$1ZEpGMMVG0ioo5trJg2pSOYFuMiMYWMAZ/U7HsSP0E30/2n9Xy/wu', 'newme@gmail.com', '', '', 0, 0, 0, '', '', '', 1, '2021-04-01'),
(28, 'olduser', '$2y$10$9uPrzElMXuHstS5vXTBwi.G97QTLnaz8BhNyUZhHxt8x6tcbvR3W.', 'oldme@gmail.com', '', '', 0, 0, 0, '', '', '', 1, '2021-04-01'),
(29, 'supman', '$2y$10$UKEo2Cvr8S675sQH9Tz9UecZB66e5qAgs3IxrVmNVu2q0W/lNGSRq', 'henry@gmail.com', '', '', 0, 0, 0, '', '', '', 1, '2021-04-01'),
(30, 'batman', '$2y$10$jCEdf0BgQfzl4OK.hMJFSeepvVMwS5gu35Y6EGNPtkwjHJmQOs3Au', 'ybat@gmail.com', '', '', 0, 0, 0, '', '', '', 1, '2021-04-01'),
(31, 'thor', '$2y$10$vu7.EfiRVa58DrO97Vgen.Up/sSX269lJyJySAE8xMdhh5r28Uu9S', 'asgard@gmail.com', '', '', 0, 0, 0, '', '', '', 1, '2021-04-02'),
(32, 'doorporch', '$2y$10$814.jDTeK1C31MyxAy0JseJbsLgrSbcmjYTumZ01PxCv4ybFlTnmO', 'doorporch@gmail.com', '', '', 0, 0, 0, '', '', '', 1, '2021-04-02'),
(33, 'crazybelted', '$2y$10$lA.62CddLZJ.nd/ZzCTuXeGopyX51fhrOw4qmPqhGUC0WSM96Xqkm', 'crazybelted@gmail.com', '', '', 0, 0, 0, '', '', '', 1, '2021-04-02'),
(34, 'democraticcampfire', '$2y$10$xzvMJllvgvsyqOMwuLKzpOItFo7IvYr2BDGaBkijgX/AJQPXvrAs2', 'democraticcampfire@gmail.com', '', '', 0, 0, 0, '', '', '', 1, '2021-04-02'),
(35, 'smackglove', '$2y$10$npFkDa4Cxgl3nQGtXpzNDul6HStUpMv.XTa6x/KNzRg2LAlzO.9Cm', 'smackglove@gmail.com', '', '', 0, 0, 0, '', '', '', 1, '2021-04-02'),
(36, 'mojangpickleball', '$2y$10$0GWTRW8ruBEd0miilF4BqO/V3Nq3o5K4WRxLbN8iXuJ/UNP9YNw7e', 'mojangpickleball@gmail.com', '', '', 0, 0, 0, '', '', '', 1, '2021-04-02'),
(37, 'nagseven', '$2y$10$10n9uzScfDo0axWOmOOJBuGjISswZZJ61uawDlZrIScynGTPMdjC.', 'nagseven@gmail.com', '', '', 0, 0, 0, '', '', '', 1, '2021-04-02'),
(38, 'flapjackactivator', '$2y$10$3akTo6KP1/rdWKazzSjvs.xnkkEQpzkxwPWjbDkQo9Cd1g2zxTdgS', 'flapjackactivator@gmail.com', '', '', 0, 0, 0, '', '', '', 1, '2021-04-02'),
(39, 'lobsterused', '$2y$10$0SF5nSupfqepcLGqeFGZF.naf2KoYt.cvT4S4geKGGBnRLTbVCjKW', 'lobsterused@gmail.com', '', '', 0, 0, 0, '', '', '', 1, '2021-04-02'),
(40, 'permanentphilosophy', '$2y$10$lBjgtRiHa3nRnWqxRpGvdepKel66VJltUwKl8t5.9XgONPDzEpWaO', 'permanentphilosophy@gmail.com', '', '', 0, 0, 0, '', '', '', 1, '2021-04-02'),
(41, 'moldyinterview', '$2y$10$tY3oU/Z0Ids6trNSmhdgpOsaIEmbAgYWAMtK5ZETpJSGVKA7JWf96', 'moldyinterview@gmail.com', '', '', 0, 0, 0, '', '', '', 1, '2021-04-02'),
(42, 'frostcolumn', '$2y$10$L.dvqbrxaO1gsLP9JwVYMeF8AfqVLV2.yOr6pab9OzwGxZKeLG0/O', 'frostcolumn@gmail.com', '', '', 0, 0, 0, '', '', '', 1, '2021-04-02'),
(43, 'birdjackrabbit', '$2y$10$H1Qh/Ir5enSYtyrQ632UC.1ziIPofj0yqF38QJM.h/9hiih.hi03e', 'birdjackrabbit@gmail.com', '', '', 0, 0, 0, '', '', '', 1, '2021-04-02'),
(44, 'immediateought', '$2y$10$aPMXXmMuS/LDyMsvDGWVe.Y3TDU/whG71AYXZUUBUZZ48QsbmImsG', 'immediateought@gmail.com', '', '', 0, 0, 0, '', '', '', 1, '2021-04-02'),
(45, 'loaferscheese', '$2y$10$R3PbCW7OcnVjD.4hqOKMJ.vFCsZrGY0ldUPfKS1SnTRpyn41FWotm', 'loaferscheese@gmail.com', '', '', 0, 0, 0, '', '', '', 1, '2021-04-02'),
(46, 'samplecommander', '$2y$10$mVYMydoEvg6.2svEi1FMUONjq8enNHotSivSKRwj.6iCYim0LNt7m', 'samplecommander@gmail.com', '', '', 0, 0, 0, '', '', '', 1, '2021-04-02'),
(47, 'scratchreference', '$2y$10$7t0hFoJOJ3maMdheu1d9Ku047dSmVwlKdFejd1trU9ycteVvPGUNm', 'scratchreference@gmail.com', '', '', 0, 0, 0, '', '', '', 1, '2021-04-02'),
(48, 'prioritymutter', '$2y$10$od4OYjXht2ViFfBymbHuVe7CJv/R0sTRuVfmP1uotUXuza.qBa6Ri', 'prioritymutter@gmail.com', '', '', 0, 0, 0, '', '', '', 1, '2021-04-02'),
(49, 'hometeamflange', '$2y$10$CNbCQrKE35MtG9mX7fv1seLMXLPiA1OerHkj/PP9Z/gGOavySlCpW', 'hometeamflange@gmail.com', '', '', 0, 0, 0, '', '', '', 1, '2021-04-02'),
(50, 'bewitchedvocal', '$2y$10$ZJAlMO7OQtNfDnObgrY.yemsqn0hsMgTnajhPJNoPQlXTTQmyWCoa', 'bewitchedvocal@gmail.com', '', '', 0, 0, 0, '', '', '', 1, '2021-04-02'),
(51, 'lemonhi', '$2y$10$sqVX0v.CXZQq7gP2hGa0k.mycLvzrsrmi/TDZB9ATVUE81bOH2Y8K', 'lemonhi@gmail.com', '', '', 0, 0, 0, '', '', '', 1, '2021-04-02'),
(52, 'chemisesurround', '$2y$10$pBGX20dE9CY8pFMqNSuyKuXOM0BQqenkLnek93dDj/PS6zYGl.7Eq', 'chemisesurround@gmail.com', '', '', 0, 0, 0, '', '', '', 1, '2021-04-02'),
(53, 'countalter', '$2y$10$LvREbV9Y5/pAo73f.m.53uNRGOIxt.5ZzR9gF6D0mBEFEYtftQwk2', 'countalter@gmail.com', '', '', 0, 0, 0, '', '', '', 1, '2021-04-02'),
(54, 'flashlightashworth', '$2y$10$anEW7Rve9TCR1NxFDhbxVe4FmTmQ4WXZT/XWqn/WgBkJ63jzzI7lu', 'flashlightashworth@gmail.com', '', '', 0, 0, 0, '', '', '', 1, '2021-04-02'),
(55, 'maddeningelectronic', '$2y$10$bd6J2cv4IBM7cYx9f28cUuqiy7fgoE4TJ5IKfDww0uj8evdX1H0hS', 'maddeningelectronic@gmail.com', '', '', 0, 0, 0, '', '', '', 1, '2021-04-02'),
(56, 'weaponseedling', '$2y$10$1s4uP7e5n9C9s9SdbXhp9.NIBMa7ONit94R/Qx7PVNWGUP15IGCcS', 'weaponseedling@gmail.com', '', '', 0, 0, 0, '', '', '', 1, '2021-04-02'),
(57, 'peachesweekly', '$2y$10$DhJcpzALWAKifQ7d7NA5kO6kdV4O9X4wyB8sF4VLureyZa4sWwFum', 'peachesweekly@gmail.com', '', '', 0, 0, 0, '', '', '', 1, '2021-04-02'),
(58, 'alikeprogram', '$2y$10$DlV3ONZFEJxGZ95OVUGTceKnsI3jveSOrv/JWVzivNSFnBL/1NFX2', 'alikeprogram@gmail.com', '', '', 0, 0, 0, '', '', '', 1, '2021-04-02'),
(59, 'shootingshaded', '$2y$10$K75bSXu6WZWWQkQ5snEIDO4QewLkfis1saJTFoOCxQYmEt67irJbe', 'shootingshaded@gmail.com', '', '', 0, 0, 0, '', '', '', 1, '2021-04-02'),
(60, 'soullessreiterate', '$2y$10$1rbXkg8odzxOesllDAuZoONaSYS8Er8MRb5lC7WvvnO6nNuyShVFK', 'soullessreiterate@gmail.com', '', '', 0, 0, 0, '', '', '', 1, '2021-04-02'),
(61, 'sadseeds', '$2y$10$B6YrqGc.ede6IM4nj9Y0a.Bh4iJ0sc.C5wj0ZcT9qIl0mGV9LTWcO', 'sadseeds@gmail.com', '', '', 0, 0, 0, '', '', '', 1, '2021-04-02'),
(62, 'netsvelte', '$2y$10$FYGd2pfl48xWpGyAGWhUgeovYXvl7uVu.c8OvfXLFQf/CbJJ1Hlee', 'netsvelte@gmail.com', '', '', 0, 0, 0, '', '', '', 1, '2021-04-02'),
(63, 'cerebrumanalyze', '$2y$10$2m4.fBsFCeepekK/hxM41OOT1uGAxZ0FzVZ6Pw9we/EDrDcOuhPlu', 'cerebrumanalyze@gmail.com', '', '', 0, 0, 0, '', '', '', 1, '2021-04-02'),
(64, 'ceilingticket', '$2y$10$3YFVE0UiuaV1/k2K4KjsK.O4ez3EZEO8Ddcpg5vvBeRkobmCahfPu', 'ceilingticket@gmail.com', '', '', 0, 0, 0, '', '', '', 1, '2021-04-02'),
(65, 'bloodbrawny', '$2y$10$CC3PCZw4aWoMF08jZC979.ucuENKYQ6Egg438StQuXxPm/ZqvO7gC', 'bloodbrawny@gmail.com', '', '', 0, 0, 0, '', '', '', 1, '2021-04-02'),
(66, 'statuesquecobweb', '$2y$10$EcgfcLgjlh9KwM6YkBxWv.c.gIIUmNPjh3kAWKEVnkH.7EgvhUtKy', 'statuesquecobweb@gmail.com', '', '', 0, 0, 0, '', '', '', 1, '2021-04-02'),
(67, 'momenttame', '$2y$10$FkrG1zxDcVT.d1GJQhFOoONAMyBZf4EzSc9K8WSWFy3/DxwezW7pG', 'momenttame@gmail.com', '', '', 0, 0, 0, '', '', '', 1, '2021-04-02'),
(68, 'meekclipclop', '$2y$10$Or5yktzlQ2dT6Tgg56Ze.uHs5xtBVCI0Tbngb/qDPQ5i6icRPA/NC', 'meekclipclop@gmail.com', '', '', 0, 0, 0, '', '', '', 1, '2021-04-02'),
(69, 'headscarfbroth', '$2y$10$YFBT2xhKIqc93LBFoV23B.4WoFnvbQu2dHy27z1EgH70BidMCVH5W', 'headscarfbroth@gmail.com', '', '', 0, 0, 0, '', '', '', 1, '2021-04-03'),
(70, 'catchdepend', '$2y$10$wjP1Xl774NsGQFBdMwsumOvYFOwzX1owY365uYDmgFGqs89MhyuJi', 'catchdepend@gmail.com', '', '', 0, 0, 0, '', '', '', 1, '2021-04-03'),
(71, 'carmunch', '$2y$10$9a.DYqw.mjFJkI4MxdyJk.47P5KUW5i.N7NHTLeURn70hV6zkGvRO', 'carmunch@gmail.com', '', '', 0, 0, 0, '', '', '', 1, '2021-04-03'),
(72, 'kingacidic', '$2y$10$ahuSMX40YrjpWhgLHo6yOekx1EMfAiHSpX6whW58ptqKPO9vRsuKy', 'kingacidic@gmail.com', '', '', 0, 0, 0, '', '', '', 1, '2021-04-03'),
(73, 'indexalarming', '$2y$10$3v8KyOX1EHCZ9Vrd/056eeV6QAt1agRj/drPcQO6UNa2mPVQTranu', 'indexalarming@gmail.com', '', '', 0, 0, 0, '', '', '', 1, '2021-04-03'),
(74, 'homeworkearrings', '$2y$10$9E467a6osfSZ9lWe43B51Ojx1RK5.lxWbhiBve7diaY4oCpVPZUfO', 'homeworkearrings@gmail.com', '', '', 0, 0, 0, '', '', '', 1, '2021-04-03'),
(75, 'argumentachoo', '$2y$10$/jIC7f2e1BS1xt0Apb7IduXcRShNdA8ffQQZxFieF8wAHsZII3AeG', 'argumentachoo@gmail.com', '', '', 0, 0, 0, '', '', '', 1, '2021-04-03'),
(76, 'volunteerpotato', '$2y$10$YgR89ADyRhiWQq4ryNsHqOTKm1kB3bx70MO9eqIWuKEqiwfGVrhtW', 'volunteerpotato@gmail.com', '', '', 0, 0, 0, '', '', '', 1, '2021-04-03'),
(77, 'unsightlystun', '$2y$10$s8uhP8ftpNpMuuTf2vAayeA.pWjZMhA8ryVmqrT6J6FPXUfOYQfI.', 'unsightlystun@gmail.com', '', '', 0, 0, 0, '', '', '', 1, '2021-04-03'),
(78, 'inkgoosander', '$2y$10$VwztV/0m8GEw5Y9GMoeWB.6YaLaRkhu2Llc0laFfT8WiZpoR04FWm', 'inkgoosander@gmail.com', '', '', 0, 0, 0, '', '', '', 1, '2021-04-03'),
(79, 'overripebuff', '$2y$10$Pyv.uguvfoI5loh0BcOdburzEeMM2uk/IgMMaytrLtRyJekb7abBK', 'overripebuff@gmail.com', '', '', 0, 0, 0, '', '', '', 1, '2021-04-03'),
(80, 'tropicalconsultant', '$2y$10$ZchL.VhWASsp0XPwIgxn/OfAVj2Hf9P2eENrMsPBgvC/4Eh/95QuO', 'tropicalconsultant@gmail.com', '', '', 0, 0, 0, '', '', '', 1, '2021-04-03'),
(81, 'raspberriesexalted', '$2y$10$EK1EDD5afVTp7hGcdF09C.DLOo3/sZC0MgWW6G6XrdYKOCEesTw8y', 'raspberriesexalted@gmail.com', '', '', 0, 0, 0, '', '', '', 1, '2021-04-03'),
(82, 'strutpeppercorn', '$2y$10$EDR0U/XvNQpgv9p/yRHXHeYlqUH.5qlTLa45pq04zxgFGAB9ZOqR2', 'strutpeppercorn@gmail.com', '', '', 0, 0, 0, '', '', '', 1, '2021-04-03'),
(83, 'pinkmerveille', '$2y$10$hn/4xg1PH.ySIo7Xl.K0DequE8sfU4HTEZe7K0GchMOaqTab/CBQK', 'pinkmerveille@gmail.com', '', '', 0, 0, 0, '', '', '', 1, '2021-04-03'),
(84, 'thrushecletch', '$2y$10$fp1Iiy8WtCpx1kq6nZcvx.fS3qqlpiSq7XTIFEqqR4d3djnl15vtO', 'thrushecletch@gmail.com', '', '', 0, 0, 0, '', '', '', 1, '2021-04-03'),
(85, 'glitteringeyeballs', '$2y$10$.EiXlmI8rB7pr.HgDtgfherbBJcMKsrizIv3wvblhd8uZPyCTH5xi', 'glitteringeyeballs@gmail.com', '', '', 0, 0, 0, '', '', '', 1, '2021-04-03'),
(86, 'ambitiousforceful', '$2y$10$2oaluDV6d6PXyDTB3AepSe4MctFW7DlW1Wj7bWT.om5jljw4jdmk2', 'ambitiousforceful@gmail.com', '', '', 0, 0, 0, '', '', '', 1, '2021-04-03'),
(87, 'volcanicshuffle', '$2y$10$An2zhiQ0F7IYBtyZUmTBwu7orPAMelBoRlE5QqzBztalJyx4kEn8G', 'volcanicshuffle@gmail.com', '', '', 0, 0, 0, '', '', '', 1, '2021-04-03'),
(88, 'inkboars', '$2y$10$tDpfDkyZMZHF.SYZoof9Oe2MSfxP6rwYBRpYi5tGJmJRfLAZlwSRS', 'inkboars@gmail.com', '', '', 0, 0, 0, '', '', '', 1, '2021-04-03'),
(89, 'shadywistful', '$2y$10$sDv9qmUxyK.5I/uKmxsBR.e1rUo0uZYzddSb1mL5tTauNGazNpG3K', 'shadywistful@gmail.com', '', '', 0, 0, 0, '', '', '', 1, '2021-04-03'),
(90, 'globalalready', '$2y$10$.oReJKI.lBM414ZoLA8UyugTsDyLFudUcniaKqCUr0.k.7FHvXz0K', 'globalalready@gmail.com', '', '', 0, 0, 0, '', '', '', 1, '2021-04-03'),
(91, 'buydrown', '$2y$10$vs/Z00BzrGb8eOukrZs7tOq815Riz65y/YQ9T/A0MQTFS.ZNDsVg.', 'buydrown@gmail.com', '', '', 0, 0, 0, '', '', '', 1, '2021-04-03'),
(92, 'knightboom', '$2y$10$izlV0Nav09Tde0se6jY6oev/pLUVr6OhafXX757VJz9WfYsxB6nEO', 'knightboom@gmail.com', '', '', 0, 0, 0, '', '', '', 1, '2021-04-03'),
(93, 'orderlyunbalanced', '$2y$10$Tx7BtYANOQLhaZqq5O95YuwplwbHVFNi4K0HuDeI4PD3p2/fy6ld2', 'orderlyunbalanced@gmail.com', '', '', 0, 0, 0, '', '', '', 1, '2021-04-03'),
(94, 'holidayperform', '$2y$10$sn0.987Vmq0CHNhZD6/6v.njB6.KCcKM7DiQoIyX8F7OpNIqoh04K', 'holidayperform@gmail.com', '', '', 0, 0, 0, '', '', '', 1, '2021-04-03'),
(95, 'contendsheep', '$2y$10$dx1jx65mHqzo747Yc65Rm.tVB8fil1llf/qnF1wTrU5Syzz8D1JCK', 'contendsheep@gmail.com', '', '', 0, 0, 0, '', '', '', 1, '2021-04-03'),
(96, 'lilycompass', '$2y$10$bfJkHGJK2qpKNDqAeVV8ruu2R4Vu6VR6SKM.u4LAeidm1wavsT6wC', 'lilycompass@gmail.com', '', '', 0, 0, 0, '', '', '', 1, '2021-04-03'),
(97, 'sufficientmailbox', '$2y$10$US8VmCoLdr.mC4d0bjuWGuNsfomciiEsXxpTo1mB1J2.CbDjAW5rC', 'sufficientmailbox@gmail.com', '', '', 0, 0, 0, '', '', '', 1, '2021-04-03'),
(98, 'substanceepee', '$2y$10$AGn4Dqb4QeyNtFhzPeYYm.QbAVWT1n7cZWWI2EVfrVLTxhPGVE3G2', 'substanceepee@gmail.com', '', '', 0, 0, 0, '', '', '', 1, '2021-04-03'),
(99, 'squeamishdeadpan', '$2y$10$FFsAlkqy2YucJHGL.7f/.OwVZLTpum5KrqrUIzTfCjOHl8aAMKKI6', 'squeamishdeadpan@gmail.com', '', '', 0, 0, 0, '', '', '', 1, '2021-04-03'),
(100, 'negotiateadventure', '$2y$10$3o9W4bAfcvCZEciUsplfiuyc6XpdODmMMHEOe976xmEuW0woCX2ky', 'negotiateadventure@gmail.com', '', '', 0, 0, 0, '', '', '', 1, '2021-04-04'),
(101, 'dollslazuli', '$2y$10$1gXGRyz2.FYxUTpqtNLfFuGnWshjGrakFNU1cfDFWB7x58UJXV4pS', 'dollslazuli@gmail.com', '', '', 0, 0, 0, '', '', '', 1, '2021-04-04'),
(102, 'rakemacabre', '$2y$10$Irq/./iRCH9KfWtdWx4g7eiF6iM7YIahEBUEV8qZCMg3JcP8wo8tC', 'rakemacabre@gmail.com', '', '', 0, 0, 0, '', '', '', 1, '2021-04-04'),
(103, 'royalchanging', '$2y$10$tocsikq2nz.wVvahcfJXLOqii9jgtqE2u3LPuVb4uQ3g/Ew.LPucK', 'royalchanging@gmail.com', '', '', 0, 0, 0, '', '', '', 1, '2021-04-04'),
(104, 'premiumcollective', '$2y$10$BOxQm4CGxn9hpo0JtQD9VuDa7.DY4h6O3TXZkISu4YJ4dofSti296', 'premiumcollective@gmail.com', '', '', 0, 0, 0, '', '', '', 1, '2021-04-04'),
(105, 'vietnameseexcuse', '$2y$10$TUbYPxN6bASCxpwC8SCwxOHtd5NWQ5prRIQqBFa1qTWjo2I/ZMGvG', 'vietnameseexcuse@gmail.com', '', '', 0, 0, 0, '', '', '', 1, '2021-04-04'),
(106, 'potatoweepy', '$2y$10$R5TaNZaNNODp5XZULCn00esKra7RjPWkgWikLUb5NkXlkcJgD2VU2', 'potatoweepy@gmail.com', '', '', 0, 0, 0, '', '', '', 1, '2021-04-04'),
(107, 'wipewatch', '$2y$10$2fTUJOs0Q5n.fDK9E2ajUOoXQMmurQVhE8TEfC0vP4Kvy1bTF/FcS', 'wipewatch@gmail.com', '', '', 0, 0, 0, '', '', '', 1, '2021-04-04'),
(108, 'stressedarm', '$2y$10$ZRZIB/ubDVy4r6zoD4BMLOsfKjZoaamitJYkCWlK0EI2LweqbM59K', 'stressedarm@gmail.com', '', '', 0, 0, 0, '', '', '', 1, '2021-04-04'),
(109, 'fiercethird', '$2y$10$c/rJcy715lsHYTHfceVh7et.OY4Qqbly7Vb0IdrIS/LKQuJRRIb6W', 'fiercethird@gmail.com', '', '', 0, 0, 0, '', '', '', 1, '2021-04-04'),
(110, 'tangerinescartier', '$2y$10$yY6FHfOpIP84j772.GVSDe8EP4jXtAGt1AiqGuPBjRiIkn40vK.B.', 'tangerinescartier@gmail.com', '', '', 0, 0, 0, '', '', '', 1, '2021-04-04'),
(111, 'uprightbiking', '$2y$10$D6pl1yRwUAqKY9ri6w0a..ur8dUsIMKNO3Gs07K51qR0nkHGuTYsW', 'uprightbiking@gmail.com', '', '', 0, 0, 0, '', '', '', 1, '2021-04-04'),
(112, 'osquebenefit', '$2y$10$0sA2b0s6EK.V2CbdcAuOtu5Vvx6i6UGr0k9oZL.7kqM6n2EQFiHq6', 'osquebenefit@gmail.com', '', '', 0, 0, 0, '', '', '', 1, '2021-04-04'),
(113, 'earstash', '$2y$10$VSY5D0Bb3eHRflTUH4WALOCS2h716uDYK/pY9AY7AFKik3jxLwH8m', 'earstash@gmail.com', '', '', 0, 0, 0, '', '', '', 1, '2021-04-04'),
(114, 'belatedcherries', '$2y$10$CAvbcG67apj.ZXUYSYiEX.g4RsGLctLlOSA9l6/7FB/PovIEDyhQG', 'belatedcherries@gmail.com', '', '', 0, 0, 0, '', '', '', 1, '2021-04-04'),
(115, 'chalkyuncle', '$2y$10$pGlCwpK0LOO1d2P2bRlDkehNO08IxD16avtNZk64NKIQYGbb2ctWW', 'chalkyuncle@gmail.com', '', '', 0, 0, 0, '', '', '', 1, '2021-04-04'),
(116, 'veryanchor', '$2y$10$c0roPRf/wCm9k/lsu21KcOHyPu86tt52vRM23mIZU8s0eKJq1YwEW', 'veryanchor@gmail.com', '', '', 0, 0, 0, '', '', '', 1, '2021-04-04'),
(117, 'utilizedexpress', '$2y$10$Y2WjpD1zGzGU3zJYzrsBKu/zn6/HlJhpau0fgxZ8zE/B9p/vUSSKa', 'utilizedexpress@gmail.com', '', '', 0, 0, 0, '', '', '', 1, '2021-04-04'),
(118, 'systemwing', '$2y$10$kYrUIXdi3N2gmrhKTrZkHOuD1yU/7EzFeXVFm3pdnZlxx6dgeRq36', 'systemwing@gmail.com', '', '', 0, 0, 0, '', '', '', 1, '2021-04-04'),
(119, 'movetada', '$2y$10$90EKJYRhLj4/KlLY/XsBPujgM2fGu1vG2UadVlnlYEZhk4dvRZ5yK', 'movetada@gmail.com', '', '', 0, 0, 0, '', '', '', 1, '2021-04-04'),
(120, 'neighborlygerman', '$2y$10$Ktps4C/Qu89//GROUZnORuN8kjHIRiQCTYRqaRxY2kBqNBtzAZl42', 'neighborlygerman@gmail.com', '', '', 0, 0, 0, '', '', '', 1, '2021-04-04'),
(121, 'groanhonda', '$2y$10$2dnEKiXo8OdjbkI3JuX3hOeRqNrai0Yofi7nsfXUcWIlkIwhICuXa', 'groanhonda@gmail.com', '', '', 0, 0, 0, '', '', '', 1, '2021-04-04'),
(122, 'sowndersuspend', '$2y$10$DcR8TNwfPj9w14N1U7hRN.tVUCYVFYg8hPLvnqE4o0wgXUErf0j3y', 'sowndersuspend@gmail.com', '', '', 0, 0, 0, '', '', '', 1, '2021-04-04'),
(123, 'aughunicycle', '$2y$10$I1M3vcbnrmQf4zbcCQkm9OSOtRAAY96ZEgU.nj5Y970WS9SOdMyZW', 'aughunicycle@gmail.com', '', '', 0, 0, 0, '', '', '', 1, '2021-04-04'),
(124, 'profilesavanna', '$2y$10$kt7Q8KaLi7jD7edcwJSdAeN5BPLpXNTUHid7EnqfKhhJPzFjvbPVi', 'profilesavanna@gmail.com', '', '', 0, 0, 0, '', '', '', 1, '2021-04-04'),
(125, 'teammatedeal', '$2y$10$6JOtf.JyVPR3x8hyMN4n1urxVojiPEWvl9koD.EjQUbL57TXLoa.2', 'teammatedeal@gmail.com', '', '', 0, 0, 0, '', '', '', 1, '2021-04-04'),
(126, 'gleamingcheeseburger', '$2y$10$kSdZ8kB2CNqamXfvYltb0.QYSOCthb3m3nwQvNUT99Ii3dTjpsb6q', 'gleamingcheeseburger@gmail.com', '', '', 0, 0, 0, '', '', '', 1, '2021-04-04'),
(127, 'spurgevoracious', '$2y$10$o.QgzcRQXPU7azSPuWR2rOZw98wqLsjCOGYd43jbYoCEMCE/ufB8u', 'spurgevoracious@gmail.com', '', '', 0, 0, 0, '', '', '', 1, '2021-04-04'),
(128, 'ethicsabject', '$2y$10$dEca1OD0SgeCbQG51XF2hewdPpz8i3CZmmYOm1.K.ysPwr.e74dtK', 'ethicsabject@gmail.com', '', '', 0, 0, 0, '', '', '', 1, '2021-04-04'),
(129, 'spelldecor', '$2y$10$DcXLMdXUWX75LiDk7xiHoOeybOeWoUvT3KqzdymBmwxRt.EedhPhm', 'spelldecor@gmail.com', '', '', 0, 0, 0, '', '', '', 1, '2021-04-04'),
(130, 'candidregulation', '$2y$10$qfQy.vk5JEAA4rJ4vkILgeKfFxx1bsgUVW6.v2HHwGsKUylq/ZKNe', 'candidregulation@gmail.com', '', '', 0, 0, 0, '', '', '', 1, '2021-04-04'),
(131, 'blowfishcavities', '$2y$10$ynCpybAQKMxpTUB8JjcGa.z0JTVvVpUAVTs4bO1P7vEzsjYSE.0mK', 'blowfishcavities@gmail.com', '', '', 0, 0, 0, '', '', '', 1, '2021-04-04'),
(132, 'mainsheetworrisome', '$2y$10$89SqZ1o0cBSROd59hS5XL.psWC0ngQLbt2ACvJccZsb/kCnRVOW3G', 'mainsheetworrisome@gmail.com', '', '', 0, 0, 0, '', '', '', 1, '2021-04-04'),
(133, 'dozenguffaw', '$2y$10$8MYWqNG3usmlQJYYGreSPed9Iw4WWuy242Oh7kD.lbjAh1YP4hNVG', 'dozenguffaw@gmail.com', '', '', 0, 0, 0, '', '', '', 1, '2021-04-04'),
(134, 'describedeparture', '$2y$10$CehubtyiXD.W/0tdTDfwR.x6XX72j7gNvlhL/iGA7VinuJelbl2DG', 'describedeparture@gmail.com', '', '', 0, 0, 0, '', '', '', 1, '2021-04-04'),
(135, 'quizcurling', '$2y$10$f8m.zubVfmkxIBzYWJ6iFe283IW0wc6JopZqMiUiiSkbT1.byvbv.', 'quizcurling@gmail.com', '', '', 0, 0, 0, '', '', '', 1, '2021-04-04'),
(136, 'skyscientist', '$2y$10$Cf5twBSd4MKDW0oaA7IVCOqCI0tzz54lEC4XIchD0N3RAJ8sVvxP6', 'skyscientist@gmail.com', '', '', 0, 0, 0, '', '', '', 1, '2021-04-04'),
(137, 'questionbetrayed', '$2y$10$6iybywA3D3Gwd2giMym3B.ArsvpmZGFcUV5lKH5N8KlMr.pM3.qli', 'questionbetrayed@gmail.com', '', '', 0, 0, 0, '', '', '', 1, '2021-04-04'),
(138, 'robablepomegranates', '$2y$10$TSKDtRwyPfbDmAd2N6Va7eBML/RJ4u9jiS.Yy4B0vM2SDKxtPL4Le', 'robablepomegranates@gmail.com', '', '', 0, 0, 0, '', '', '', 1, '2021-04-04'),
(139, 'ispiritedmarvel', '$2y$10$mwD30gPib8fsmmXIA16boOIObv0vaEiVXbUKnBqeLRrDb.Hyg25AG', 'ispiritedmarvel@gmail.com', '', '', 0, 0, 0, '', '', '', 1, '2021-04-04'),
(140, 'viperwhole', '$2y$10$f40/ATHoKHQZKyIIeGvy.O5DnjNpubL8Cgo2VCxJaE6weZcN0v8DK', 'viperwhole@gmail.com', '', '', 0, 0, 0, '', '', '', 1, '2021-04-04'),
(141, 'drinkerastonished', '$2y$10$/cx34L.e/Yk6COXM4UB3oONGZCSyTNBjUKlf5NQ3DGpU7gLi2Rtva', 'drinkerastonished@gmail.com', '', '', 0, 0, 0, '', '', '', 1, '2021-04-04'),
(142, 'coffincat', '$2y$10$mlEmZX9SZNIglvXTEQmwG.d4OGCHuzL/EQHVX/dp5ItaJh84ijXzC', 'coffincat@gmail.com', '', '', 0, 0, 0, '', '', '', 1, '2021-04-04'),
(143, 'surveyseagrass', '$2y$10$wZQAM.RScGvHfDzWWu3aSuZzktsf8qAris1bNhQ5Z9ECgfAVfZDFG', 'surveyseagrass@gmail.com', '', '', 0, 0, 0, '', '', '', 1, '2021-04-04'),
(144, 'stealglide', '$2y$10$0ZWmLwS6nqcwWtHLHcIqTOQh3ZMSzyJ0qA6VPXZvBv3vINSffaxJG', 'stealglide@gmail.com', '', '', 0, 0, 0, '', '', '', 1, '2021-04-04'),
(145, 'waspapron', '$2y$10$37giFFnAUzs7IF71Flm5Cu2lFbSGSBMoKjkHOSVhJP2kZaRPcOoky', 'waspapron@gmail.com', '', '', 0, 0, 0, '', '', '', 1, '2021-04-04'),
(146, 'travelerestablish', '$2y$10$6GgptfoX1WU2xOtzRYX6iuVm88Y90IeIc75RKbhfFwvJbPlIuVwxG', 'travelerestablish@gmail.com', '', '', 0, 0, 0, '', '', '', 1, '2021-04-04'),
(147, 'pingworkman', '$2y$10$ZyXLFwvA3cSrAHFZ/S70fOxwnVAxTJnYYeFMjE3O1.T2VsR1g8viC', 'pingworkman@gmail.com', '', '', 0, 0, 0, '', '', '', 1, '2021-04-04'),
(148, 'jugularnightshirt', '$2y$10$Xv9kECtSeCW8/vAtvjin/ufC1JUpn.PqBl1JqTheHyshpYHwqXW.2', 'jugularnightshirt@gmail.com', '', '', 0, 0, 0, '', '', '', 1, '2021-04-04'),
(149, 'snipclub', '$2y$10$gmlmnulee7QZyjPATmMktu9VxyFLLXMeFB7G/U8iAVrxMnQfJHTxK', 'snipclub@gmail.com', '', '', 0, 0, 0, '', '', '', 1, '2021-04-04'),
(150, 'sizzlingbook', '$2y$10$kAD1L1Wi1HPIaJg.QZQig.vBGdyFsbyuyxsE7v4Od7LmJwSbchKmS', 'sizzlingbook@gmail.com', '', '', 0, 0, 0, '', '', '', 1, '2021-04-04'),
(151, 'blocksfishing', '$2y$10$J8EyNfcD0yqbyMqykDq1J.aRgsxgjRYBo6lmpySjuW/LHVVV6T4u2', 'blocksfishing@gmail.com', '', '', 0, 0, 0, '', '', '', 1, '2021-04-04'),
(152, 'arabchef', '$2y$10$rh5doACiHL4xLctTNnIGy.jm4sdjjKIOwF9b59x6a8Mc5upZ58.g2', 'arabchef@gmail.com', '', '', 0, 0, 0, '', '', '', 1, '2021-04-04'),
(153, 'tenexhibit', '$2y$10$CkPS2tyVnUmJ.W9PQC8Jy.1QMhOknTr3x0bQlCA38TAQWQ2lXLfuW', 'tenexhibit@gmail.com', '', '', 0, 0, 0, '', '', '', 1, '2021-04-04'),
(154, 'tacticexcitable', '$2y$10$h.03hHWxY2WSVMNT4PmG1O44UaFf5OhZlgCUtx/gbb95/3sM/1wz.', 'tacticexcitable@gmail.com', '', '', 0, 0, 0, '', '', '', 1, '2021-04-04'),
(155, 'removetick', '$2y$10$MUHD.xGwe7fbJRiEEze.l.DsELReRQW3rtbgCDLy66TE6moH3Sadq', 'removetick@gmail.com', '', '', 0, 0, 0, '', '', '', 1, '2021-04-04'),
(156, 'agilegrant', '$2y$10$uCH78LbtSVyL65aBe.1/k.ZR5bUbc8.Dp8JkDOM24hsFG17HoZ5Eu', 'agilegrant@gmail.com', '', '', 0, 0, 0, '', '', '', 1, '2021-04-04'),
(157, 'evaluationdoubtful', '$2y$10$Asgs3tEn92rmGaEieKv9RuKRKuXpbkeNY/JyGGA4hY/3mCWULAb/q', 'evaluationdoubtful@gmail.com', '', '', 0, 0, 0, '', '', '', 1, '2021-04-04'),
(158, 'austrianarrival', '$2y$10$uPSy4YiwMDl3tJ0.S7xRweH63cEuOVDRSXxAMAFKRyOdOMPCmmQw6', 'austrianarrival@gmail.com', '', '', 0, 0, 0, '', '', '', 1, '2021-04-04'),
(159, 'acuousallianz', '$2y$10$RuViAfTK99CL972mYebQ3emH/sc9UZP1METob2JFNaMc1S98OLAtm', 'acuousallianz@gmail.com', '', '', 0, 0, 0, '', '', '', 1, '2021-04-04'),
(160, 'wimmingattitude', '$2y$10$dw6ttS1O3S7MshOgiYoTquR4p5Mfb3A3apxk32FKr4FsI99Ctk.va', 'wimmingattitude@gmail.com', '', '', 0, 0, 0, '', '', '', 1, '2021-04-04'),
(161, 'nonpareilthink', '$2y$10$s3YIFVD8fbSfLuqtlvMaNe9F2IyR.uMKbJ5A6KbI8npUUAjHfcUeW', 'nonpareilthink@gmail.com', '', '', 0, 0, 0, '', '', '', 1, '2021-04-04'),
(162, 'pacifiedfinancial', '$2y$10$WSaKQRLw.bUPojxpsRtgWe1l3vOu4nNJM5Ztok9RvPW2G08CQzl.W', 'pacifiedfinancial@gmail.com', '', '', 0, 0, 0, '', '', '', 1, '2021-04-04'),
(163, 'vowelwhiteness', '$2y$10$CbEnCTzvZY3IWD7wkpJP..3RUsdVHZ4e4IPcQ3sPoLSpvVn6ivbxO', 'vowelwhiteness@gmail.com', '', '', 0, 0, 0, '', '', '', 1, '2021-04-04'),
(164, 'trainedcareless', '$2y$10$iW55nVW8wJQB3MVAgQjPKuW1mp3PFcY740O8r6GPMOgGyPrfbpJt2', 'trainedcareless@gmail.com', '', '', 0, 0, 0, '', '', '', 1, '2021-04-04'),
(165, 'vouchplusia', '$2y$10$FMEekNKPk/mJwZRApd0.j.HECWplMcchqLgkmhgvBSKzDhKYKvF0S', 'vouchplusia@gmail.com', '', '', 0, 0, 0, '', '', '', 1, '2021-04-04'),
(166, 'fatsoumber', '$2y$10$LjJT3.c6tq/5ek7L./KCYuOnd.nhXIb9By8TpWcbE1m8RRR05IJwe', 'fatsoumber@gmail.com', '', '', 0, 0, 0, '', '', '', 1, '2021-04-04'),
(167, 'employerornate', '$2y$10$cs5jKq7/EouKABgYSIBwOeIBYcZc6UBzeppkDlbDW3oaCABtAOXXq', 'employerornate@gmail.com', '', '', 0, 0, 0, '', '', '', 1, '2021-04-04'),
(168, 'erstbesides', '$2y$10$Zms8FkIFRTYvXT0w2FF1ZupOvymOsKpptKC2Y7jyc/Wj.k.32cA96', 'erstbesides@gmail.com', '', '', 0, 0, 0, '', '', '', 1, '2021-04-04'),
(169, 'barkmaternal', '$2y$10$6xIRwCVwHeDJHEp6QakpQ.GVM10yG76fDmo/T.efBdcoi7akvV7mq', 'barkmaternal@gmail.com', '', '', 0, 0, 0, '', '', '', 1, '2021-04-04'),
(170, 'huddlemarrow', '$2y$10$4D8GmMT7EgEzw55htSHOJuOK0ik8APoWSGxIp4dFSxGOU.Vlwu3Xq', 'huddlemarrow@gmail.com', '', '', 0, 0, 0, '', '', '', 1, '2021-04-04'),
(171, 'knockbackupbeat', '$2y$10$5KNxpJr03Bd4Dgk7.F4tBeLGvvcxDYNOkGaYl2gMkem78nEq5jhV.', 'knockbackupbeat@gmail.com', '', '', 0, 0, 0, '', '', '', 1, '2021-04-04'),
(172, 'torsoroar', '$2y$10$n2dyIfYf.0gQ8xs1TrUN0eqPKmKegnMVVdbToMztG3N5sv7LNWcXq', 'torsoroar@gmail.com', '', '', 0, 0, 0, '', '', '', 1, '2021-04-04'),
(173, 'ludicrousagreeable', '$2y$10$yneThgsehr/QYGG0kph1Y.QGmDlwla.9KP6BuLOYGJhp6B.BLq3OK', 'ludicrousagreeable@gmail.com', '', '', 0, 0, 0, '', '', '', 1, '2021-04-04'),
(174, 'trapdoorbulwark', '$2y$10$gzVGhRhLNcaOxeJn24SaGOFUZf6KyeP.BVZMFIgXJDLWbsGoEcstC', 'trapdoorbulwark@gmail.com', '', '', 0, 0, 0, '', '', '', 1, '2021-04-04'),
(175, 'packpackage', '$2y$10$KPmjNuHa2Yn48r.hHpyd2.PmGoRFo6bA8bQ3XN7/3okn0QaotpENS', 'packpackage@gmail.com', '', '', 0, 0, 0, '', '', '', 1, '2021-04-04'),
(176, 'cutpursue', '$2y$10$zi52sEwJwH862gmUzLB62eb.KMSNVXRsjikin6rTDj4dYHihSfYQ.', 'cutpursue@gmail.com', '', '', 0, 0, 0, '', '', '', 1, '2021-04-04'),
(177, 'buriedrocket', '$2y$10$ULczaT8HQP4QP1LPVnJM/OUMntVzjCBy7HAF/OvzVCQHoV3jELhz2', 'buriedrocket@gmail.com', '', '', 0, 0, 0, '', '', '', 1, '2021-04-04'),
(178, 'dangosiemens', '$2y$10$RNW77mMFt0/gQQXwNvdjuuRggZ6FKOUU0bvvmkaFRuV1XpoRPu0l.', 'dangosiemens@gmail.com', '', '', 0, 0, 0, '', '', '', 1, '2021-04-04'),
(179, 'hauntcontribute', '$2y$10$TSOk9LhRGE9ecBRkPoE81eKX8WrvgMY62gWL/qWTLkHg0vVFqZC/2', 'hauntcontribute@gmail.com', '', '', 0, 0, 0, '', '', '', 1, '2021-04-04'),
(180, 'rollscowardly', '$2y$10$12mNR.QSdnNlKMb3ulU9/ucyZ4reLAVxEjO2AD2fjZ.V/mfBlogjq', 'rollscowardly@gmail.com', '', '', 0, 0, 0, '', '', '', 1, '2021-04-04'),
(181, 'synonymousillness', '$2y$10$40u7JuGH3w9YZ2CyVyUSueRsp5oghowL3LX.W.SaouQzcLOUZPxHC', 'synonymousillness@gmail.com', '', '', 0, 0, 0, '', '', '', 1, '2021-04-04'),
(182, 'transferscourge', '$2y$10$nH83JmPybnprQ10cihGx7OYz6CZjZBp.9LEacRpXP494qZRA.AZ2i', 'transferscourge@gmail.com', '', '', 0, 0, 0, '', '', '', 1, '2021-04-04'),
(183, 'topsailscrubs', '$2y$10$VPjznxXSoidYvuK0SEmHz.vsUBM9WNE3VQgud6OurOWDt75tgycbu', 'topsailscrubs@gmail.com', '', '', 0, 0, 0, '', '', '', 1, '2021-04-04'),
(184, 'quietdossier', '$2y$10$3M7AMzvzPKh26sAgdYsrv.CrAHU.8nmsW0vuC0Y0/I3UiBPnf7WyK', 'quietdossier@gmail.com', '', '', 0, 0, 0, '', '', '', 1, '2021-04-04'),
(185, 'bricklayeroniony', '$2y$10$CERuoGMkLZlSvsRAEL.Lsum9E4ZjLlWoumqF6Tj0CRUp4YO83cVfu', 'bricklayeroniony@gmail.com', '', '', 0, 0, 0, '', '', '', 1, '2021-04-04'),
(186, 'barrenhoundstooth', '$2y$10$alfqeFxGLONlcbf5nj/yjuYAONgFCTSbRTxO5p881LBOttC/P0ima', 'barrenhoundstooth@gmail.com', '', '', 0, 0, 0, '', '', '', 1, '2021-04-04'),
(187, 'divingboozer', '$2y$10$TYLMNQVfGfcmLNP7UHfNR.XG/Nn2sPGN7yPqrfrf0ULYToNCQWHwW', 'divingboozer@gmail.com', '', '', 0, 0, 0, '', '', '', 1, '2021-04-04'),
(188, 'biblongjohns', '$2y$10$MF3n9eIF8RrvooWKAkjCTOV5KVXcGfv/IgHdAzIaPcdGoUhPiPMpW', 'biblongjohns@gmail.com', '', '', 0, 0, 0, '', '', '', 1, '2021-04-04'),
(189, 'arrowpossessive', '$2y$10$5U0ZJiLsG2urDmQROjYDFuKuNs4oii25gifThRydtc5yBOpIRpvfS', 'arrowpossessive@gmail.com', '', '', 0, 0, 0, '', '', '', 1, '2021-04-04'),
(190, 'tewsock', '$2y$10$P9GSK5FogJDCBLHOnBI9YO/FVLW7UmC6hICI5eZc3WGMI6diVpKE2', 'tewsock@gmail.com', '', '', 0, 0, 0, '', '', '', 1, '2021-04-04'),
(191, 'icrosoftcoati', '$2y$10$LnSHg87ffqeNL63DUcXDhuSBoAvkKtJ9OIe7itUeOr7AVuK6buKWi', 'icrosoftcoati@gmail.com', '', '', 0, 0, 0, '', '', '', 1, '2021-04-04'),
(192, 'arpetgormless', '$2y$10$D3wptJTw3d6UN65T.o7ZxuauXvIEdmJdts0xslYyFOnfWnNvqKpA.', 'arpetgormless@gmail.com', '', '', 0, 0, 0, '', '', '', 1, '2021-04-04'),
(193, 'bilgedoor', '$2y$10$7WoKvO7.gGMtyYz9xhV9w.a7Z./Ge41JQpU1KAjZD21rGKud6u9iW', 'bilgedoor@gmail.com', '', '', 0, 0, 0, '', '', '', 1, '2021-04-04'),
(194, 'ealthcranky', '$2y$10$ozQ7wl76lc.iBr7Cnyyf7.y5j3d8aAxKefa3mZdjsN6DYXuAcbtv.', 'ealthcranky@gmail.com', '', '', 0, 0, 0, '', '', '', 1, '2021-04-04'),
(195, 'surprisefar', '$2y$10$COZz2UFTzhYW1PKE06qzs.0o1Pm.kHDoU.Nww2GXd4ted6XV54acC', 'surprisefar@gmail.com', '', '', 0, 0, 0, '', '', '', 1, '2021-04-04'),
(196, 'lumberslurp', '$2y$10$ruU1ferMGc0A24Wzsvo/n.CEi7jm1cR84Y8.tW2/TlMD.jTrotyja', 'lumberslurp@gmail.com', '', '', 0, 0, 0, '', '', '', 1, '2021-04-04'),
(197, 'robincampus', '$2y$10$2pvab9/sVDFIC0kTt9KJ4.F07XwHmHAzzCZKWAEOlqX5bRmo5W0.m', 'robincampus@gmail.com', '', '', 0, 0, 0, '', '', '', 1, '2021-04-04'),
(198, 'recruitreverse', '$2y$10$VgkXslQJ1zWYG.K31ZkN0uNL6qQH3HsQ2COOgRz2enMw3QiPopH.i', 'recruitreverse@gmail.com', '', '', 0, 0, 0, '', '', '', 1, '2021-04-04'),
(199, 'bedclothesexxon', '$2y$10$LKIpJ4ddQl8KVTydkFpo1OpGZGiwWyZP23uqqIfmxOkJl09Ni1Oh6', 'bedclothesexxon@gmail.com', '', '', 0, 0, 0, '', '', '', 1, '2021-04-04'),
(200, 'activistlaunch', '$2y$10$Dfw2Ehiagu4knOj0yl7n4O4aJ.rTxaEkwKBVrdBKBKWxY6CaoKFf6', 'activistlaunch@gmail.com', '', '', 0, 0, 0, '', '', '', 1, '2021-04-05'),
(201, 'distributejackyard', '$2y$10$6y5kWcRzbwC8seC.SE/aOumdkr0Fx4qRP37snqPxF2TznoRwrVN86', 'distributejackyard@gmail.com', '', '', 0, 0, 0, '', '', '', 1, '2021-04-05'),
(202, 'explodespot', '$2y$10$oNvntqNEk4hVdSh04FInz.D02hGWh7a144s4UJUu0KtPDhwKk/qJW', 'explodespot@gmail.com', '', '', 0, 0, 0, '', '', '', 1, '2021-04-05'),
(203, 'wetlovely', '$2y$10$zGRWAEvdVFJjWbkyCD4sjO/5PHLCJtFwq1lcCnBAMJb4n69Ki9Ntu', 'wetlovely@gmail.com', '', '', 0, 0, 0, '', '', '', 1, '2021-04-05'),
(204, 'unbalancedshould', '$2y$10$pKyf9zxDioXcwawyFbp45uY1dKOTJKTIAACndztiyRFTRMZt8s4ve', 'unbalancedshould@gmail.com', '', '', 0, 0, 0, '', '', '', 1, '2021-04-05'),
(205, 'criticizedrafter', '$2y$10$cG1jQh/BRlMJaBPkM4JKyuQbpJqYRlkMm//TPGcWoPNjGrzeoSmQG', 'criticizedrafter@gmail.com', '', '', 0, 0, 0, '', '', '', 1, '2021-04-05'),
(206, 'ankledream', '$2y$10$ArL7CMs26r9wXdYideKUOe07On3sYluOewO3QWe04XrhO05Wekkv.', 'ankledream@gmail.com', '', '', 0, 0, 0, '', '', '', 1, '2021-04-05'),
(207, 'pantheonheap', '$2y$10$sfKusX9iWoR8UtM6YbMWOesgW64FBZN0mPPLINcBmGA3S/yn4B0NW', 'pantheonheap@gmail.com', '', '', 0, 0, 0, '', '', '', 1, '2021-04-05'),
(208, 'dockpotential', '$2y$10$PgxLQK.i5khkkbTkkv5po.SEy9jBO18FsFh4HlPEcZYMzpXq5Heu.', 'dockpotential@gmail.com', '', '', 0, 0, 0, '', '', '', 1, '2021-04-05'),
(209, 'idealinformal', '$2y$10$Zg8WJKZ8J..z1E4NPIps5.BDPbcEZksE08a8lzJkfZfRe4YBwaobS', 'idealinformal@gmail.com', '', '', 0, 0, 0, '', '', '', 1, '2021-04-05'),
(210, 'readbarter', '$2y$10$AEkTLIKjXWsMJRZNgfBcouK/Qcn3zfbBOSYpyi1JzE37DwpAIpdb.', 'readbarter@gmail.com', '', '', 0, 0, 0, '', '', '', 1, '2021-04-05'),
(211, 'socialquizzical', '$2y$10$rAsDYKM6T4WpF2u43QhoMuy8LAfjBg.Rpw8nU1Pq0wxGmyHcdu8ru', 'socialquizzical@gmail.com', '', '', 0, 0, 0, '', '', '', 1, '2021-04-05'),
(212, 'tomatonomination', '$2y$10$6kaPve5CI9.0rtvF5yJlkeZejOwKFZwY.8frxjmPpXQ8hfhefGfHG', 'tomatonomination@gmail.com', '', '', 0, 0, 0, '', '', '', 1, '2021-04-05'),
(213, 'whytent', '$2y$10$bDh4uwgiTy8pERgMI8eHpuMHA3UhWTou4/potyVFgWMNo/VBchdGG', 'whytent@gmail.com', '', '', 0, 0, 0, '', '', '', 1, '2021-04-05'),
(214, 'crackersgun', '$2y$10$IqBr.785C.1HTN8FhtzQxONJX5abDPWrl38r8d3mwoQjkVRWiBnZ6', 'crackersgun@gmail.com', '', '', 0, 0, 0, '', '', '', 1, '2021-04-05'),
(215, 'fendclothe', '$2y$10$R9xyiIGCMs5M47Z0w1LWVOTqalWvZwHTOaKTppFXWFwERWtND05L.', 'fendclothe@gmail.com', '', '', 0, 0, 0, '', '', '', 1, '2021-04-05'),
(216, 'jackdim', '$2y$10$qb5UvDfu0G3J8X2UNRaUZOf.m0fIXpyBju/DJ8IwieEwnBZD5VB.W', 'jackdim@gmail.com', '', '', 0, 0, 0, '', '', '', 1, '2021-04-05'),
(217, 'lazaretdirect', '$2y$10$eOWorirc.Lcxi/qlPJUEquadUBWJfctj11Ut7WKiz2ZZk4PTgeTCi', 'lazaretdirect@gmail.com', '', '', 0, 0, 0, '', '', '', 1, '2021-04-05'),
(218, 'cashewsson', '$2y$10$TZmW1nfEL77HnXh7IAmyKuK6WoMEeVXCdsKO0Ww/B.NRuIthgT2qG', 'cashewsson@gmail.com', '', '', 0, 0, 0, '', '', '', 1, '2021-04-05'),
(219, 'pantylick', '$2y$10$c72egYEZF7V1gS1w3TjFHuBNuqYDGdLve3PKBWZMwIpkIoHV9vgwC', 'pantylick@gmail.com', '', '', 0, 0, 0, '', '', '', 1, '2021-04-05'),
(220, 'unlessarchery', '$2y$10$6FQfyjjAH.5oEGXQ9ugKlOqThUcu0RJpBRCre4b0v2yGTlV7N1KWi', 'unlessarchery@gmail.com', '', '', 0, 0, 0, '', '', '', 1, '2021-04-05'),
(221, 'excitelarboard', '$2y$10$S9ivE1xzQCJtNznUO5cheOpNi05i/RZA5DsPcLEZrmDsl97m7zSQi', 'excitelarboard@gmail.com', '', '', 0, 0, 0, '', '', '', 1, '2021-04-05'),
(222, 'beansea', '$2y$10$fDHF7g6/vvWHpdb7uyuqxexctVQqEzULjxBvUUokw5f0QR6ktZQyu', 'beansea@gmail.com', '', '', 0, 0, 0, '', '', '', 1, '2021-04-05'),
(223, 'engineernoteworthy', '$2y$10$u60nQKXHOL7CjfiFQJbIHeEZgFCQoaI7G4uiyPwPNuphzTLLLoD02', 'engineernoteworthy@gmail.com', '', '', 0, 0, 0, '', '', '', 1, '2021-04-05'),
(224, 'divulgebunt', '$2y$10$sFTEO2H5S8luAGYTnwZDouHf06c0NygNPs1BtxemjHKjaQwSiINia', 'divulgebunt@gmail.com', '', '', 0, 0, 0, '', '', '', 1, '2021-04-05'),
(225, 'identicalplantar', '$2y$10$Kh24rOdxbHdoqrqadRjjX./XsbHQUGVzRbtXNv7KNyD2I5a0ihqvG', 'identicalplantar@gmail.com', '', '', 0, 0, 0, '', '', '', 1, '2021-04-05'),
(226, 'swimsuitspiteful', '$2y$10$j7hfWvJ5FAFKdtGTevXktuKzbak7ujtHcq24I.ofS/PfRczU7V5sG', 'swimsuitspiteful@gmail.com', '', '', 0, 0, 0, '', '', '', 1, '2021-04-05'),
(227, 'mostnaked', '$2y$10$Pfl5W4SZIbVt0F0pB2dXyeIf6GVAhqvHSz6CfFOHkdQwR/pZX3BJy', 'mostnaked@gmail.com', '', '', 0, 0, 0, '', '', '', 1, '2021-04-05'),
(228, 'mostlycow', '$2y$10$CpEe.S48V96zOo8vtJ/ReOIMFBxNJxUI5degTD7HqtFb9NHRg4kAq', 'mostlycow@gmail.com', '', '', 0, 0, 0, '', '', '', 1, '2021-04-05'),
(229, 'gracefulfashion', '$2y$10$wvA2dP/yNrWNkSkdPXtZrerrwDfQUw5iYnP6Wqt/hT7jg/ZCjrnXe', 'gracefulfashion@gmail.com', '', '', 0, 0, 0, '', '', '', 1, '2021-04-05'),
(230, 'anymorekiwi', '$2y$10$WrbVnA53FnnyEGNE.6GMxOI2ivYQregHZd25zbGuOVjVmiPuEeoXO', 'anymorekiwi@gmail.com', '', '', 0, 0, 0, '', '', '', 1, '2021-04-05'),
(231, 'blamejovial', '$2y$10$trC8mLkCFk.z1745qWWzkOLsEQ7uaalmFB3rdxajsR9xDnq4HFVRG', 'blamejovial@gmail.com', '', '', 0, 0, 0, '', '', '', 1, '2021-04-05'),
(232, 'abyz', '$2y$10$iu1RuwRdqJLNEPSo8wcOBOUkK3ehYVt3Lywcl0aGH0i8BxpwydmLW', 'abyz@yahoo.com', '', '', 0, 0, 0, '', '', '', 1, '2021-06-21'),
(233, 'demo', '$2y$10$5LZ3Psv2Gba10EJwomvTiuC7O8qH8WOjeptbCAJrvV3gQeEaiin1a', 'dm@gmail.com', 'Mehrab Hossain', '01712846228', 3, 20, 177, 'Pulerhat', '', '', 1, '2021-06-23');

--
-- Indexes for dumped tables
--

--
-- Indexes for table `activity`
--
ALTER TABLE `activity`
  ADD PRIMARY KEY (`id`),
  ADD KEY `user_id` (`user_id`);

--
-- Indexes for table `author`
--
ALTER TABLE `author`
  ADD PRIMARY KEY (`id`);

--
-- Indexes for table `book`
--
ALTER TABLE `book`
  ADD PRIMARY KEY (`id`);

--
-- Indexes for table `book_author`
--
ALTER TABLE `book_author`
  ADD PRIMARY KEY (`id`),
  ADD KEY `book_id` (`book_id`),
  ADD KEY `author_id` (`author_id`);

--
-- Indexes for table `book_genre`
--
ALTER TABLE `book_genre`
  ADD PRIMARY KEY (`id`),
  ADD KEY `book_id` (`book_id`),
  ADD KEY `genre_id` (`genre_id`);

--
-- Indexes for table `book_notification`
--
ALTER TABLE `book_notification`
  ADD PRIMARY KEY (`id`);

--
-- Indexes for table `borrow`
--
ALTER TABLE `borrow`
  ADD PRIMARY KEY (`id`),
  ADD KEY `subscription_id` (`subscription_id`),
  ADD KEY `product_id` (`product_id`);

--
-- Indexes for table `collect`
--
ALTER TABLE `collect`
  ADD PRIMARY KEY (`id`);

--
-- Indexes for table `district`
--
ALTER TABLE `district`
  ADD PRIMARY KEY (`id`),
  ADD KEY `division_id` (`division_id`);

--
-- Indexes for table `division`
--
ALTER TABLE `division`
  ADD PRIMARY KEY (`id`);

--
-- Indexes for table `donation`
--
ALTER TABLE `donation`
  ADD PRIMARY KEY (`id`),
  ADD KEY `user_id` (`user_id`);

--
-- Indexes for table `expenditure`
--
ALTER TABLE `expenditure`
  ADD PRIMARY KEY (`id`);

--
-- Indexes for table `genre`
--
ALTER TABLE `genre`
  ADD PRIMARY KEY (`id`);

--
-- Indexes for table `income`
--
ALTER TABLE `income`
  ADD PRIMARY KEY (`id`);

--
-- Indexes for table `product`
--
ALTER TABLE `product`
  ADD PRIMARY KEY (`id`);

--
-- Indexes for table `review`
--
ALTER TABLE `review`
  ADD PRIMARY KEY (`id`),
  ADD KEY `book_id` (`book_id`),
  ADD KEY `user_id` (`user_id`);

--
-- Indexes for table `search`
--
ALTER TABLE `search`
  ADD PRIMARY KEY (`id`),
  ADD KEY `user_id` (`user_id`);

--
-- Indexes for table `subscription`
--
ALTER TABLE `subscription`
  ADD PRIMARY KEY (`id`),
  ADD KEY `user_id` (`user_id`);

--
-- Indexes for table `upazila`
--
ALTER TABLE `upazila`
  ADD PRIMARY KEY (`id`),
  ADD KEY `district_id` (`district_id`);

--
-- Indexes for table `user`
--
ALTER TABLE `user`
  ADD PRIMARY KEY (`id`);

--
-- AUTO_INCREMENT for dumped tables
--

--
-- AUTO_INCREMENT for table `activity`
--
ALTER TABLE `activity`
  MODIFY `id` int(11) NOT NULL AUTO_INCREMENT, AUTO_INCREMENT=2142;

--
-- AUTO_INCREMENT for table `author`
--
ALTER TABLE `author`
  MODIFY `id` int(11) NOT NULL AUTO_INCREMENT, AUTO_INCREMENT=31;

--
-- AUTO_INCREMENT for table `book`
--
ALTER TABLE `book`
  MODIFY `id` int(11) NOT NULL AUTO_INCREMENT, AUTO_INCREMENT=116;

--
-- AUTO_INCREMENT for table `book_author`
--
ALTER TABLE `book_author`
  MODIFY `id` int(11) NOT NULL AUTO_INCREMENT, AUTO_INCREMENT=116;

--
-- AUTO_INCREMENT for table `book_genre`
--
ALTER TABLE `book_genre`
  MODIFY `id` int(11) NOT NULL AUTO_INCREMENT, AUTO_INCREMENT=162;

--
-- AUTO_INCREMENT for table `book_notification`
--
ALTER TABLE `book_notification`
  MODIFY `id` int(11) NOT NULL AUTO_INCREMENT, AUTO_INCREMENT=4;

--
-- AUTO_INCREMENT for table `borrow`
--
ALTER TABLE `borrow`
  MODIFY `id` int(11) NOT NULL AUTO_INCREMENT, AUTO_INCREMENT=548;

--
-- AUTO_INCREMENT for table `collect`
--
ALTER TABLE `collect`
  MODIFY `id` int(11) NOT NULL AUTO_INCREMENT, AUTO_INCREMENT=1068;

--
-- AUTO_INCREMENT for table `district`
--
ALTER TABLE `district`
  MODIFY `id` int(2) NOT NULL AUTO_INCREMENT, AUTO_INCREMENT=65;

--
-- AUTO_INCREMENT for table `division`
--
ALTER TABLE `division`
  MODIFY `id` int(1) NOT NULL AUTO_INCREMENT, AUTO_INCREMENT=9;

--
-- AUTO_INCREMENT for table `donation`
--
ALTER TABLE `donation`
  MODIFY `id` int(11) NOT NULL AUTO_INCREMENT, AUTO_INCREMENT=113;

--
-- AUTO_INCREMENT for table `expenditure`
--
ALTER TABLE `expenditure`
  MODIFY `id` int(11) NOT NULL AUTO_INCREMENT, AUTO_INCREMENT=3;

--
-- AUTO_INCREMENT for table `genre`
--
ALTER TABLE `genre`
  MODIFY `id` int(11) NOT NULL AUTO_INCREMENT, AUTO_INCREMENT=38;

--
-- AUTO_INCREMENT for table `income`
--
ALTER TABLE `income`
  MODIFY `id` int(11) NOT NULL AUTO_INCREMENT, AUTO_INCREMENT=8;

--
-- AUTO_INCREMENT for table `product`
--
ALTER TABLE `product`
  MODIFY `id` int(11) NOT NULL AUTO_INCREMENT, AUTO_INCREMENT=112;

--
-- AUTO_INCREMENT for table `review`
--
ALTER TABLE `review`
  MODIFY `id` int(11) NOT NULL AUTO_INCREMENT, AUTO_INCREMENT=150;

--
-- AUTO_INCREMENT for table `search`
--
ALTER TABLE `search`
  MODIFY `id` int(11) NOT NULL AUTO_INCREMENT, AUTO_INCREMENT=35;

--
-- AUTO_INCREMENT for table `subscription`
--
ALTER TABLE `subscription`
  MODIFY `id` int(11) NOT NULL AUTO_INCREMENT, AUTO_INCREMENT=63;

--
-- AUTO_INCREMENT for table `upazila`
--
ALTER TABLE `upazila`
  MODIFY `id` int(3) NOT NULL AUTO_INCREMENT, AUTO_INCREMENT=492;

--
-- AUTO_INCREMENT for table `user`
--
ALTER TABLE `user`
  MODIFY `id` int(11) NOT NULL AUTO_INCREMENT, AUTO_INCREMENT=234;

--
-- Constraints for dumped tables
--

--
-- Constraints for table `activity`
--
ALTER TABLE `activity`
  ADD CONSTRAINT `activity_ibfk_1` FOREIGN KEY (`user_id`) REFERENCES `user` (`id`);

--
-- Constraints for table `book_author`
--
ALTER TABLE `book_author`
  ADD CONSTRAINT `book_author_ibfk_1` FOREIGN KEY (`book_id`) REFERENCES `book` (`id`),
  ADD CONSTRAINT `book_author_ibfk_2` FOREIGN KEY (`author_id`) REFERENCES `author` (`id`);

--
-- Constraints for table `book_genre`
--
ALTER TABLE `book_genre`
  ADD CONSTRAINT `book_genre_ibfk_1` FOREIGN KEY (`book_id`) REFERENCES `book` (`id`),
  ADD CONSTRAINT `book_genre_ibfk_2` FOREIGN KEY (`genre_id`) REFERENCES `genre` (`id`);

--
-- Constraints for table `borrow`
--
ALTER TABLE `borrow`
  ADD CONSTRAINT `borrow_ibfk_2` FOREIGN KEY (`subscription_id`) REFERENCES `subscription` (`id`),
  ADD CONSTRAINT `borrow_ibfk_3` FOREIGN KEY (`product_id`) REFERENCES `product` (`id`);

--
-- Constraints for table `donation`
--
ALTER TABLE `donation`
  ADD CONSTRAINT `donation_ibfk_1` FOREIGN KEY (`user_id`) REFERENCES `user` (`id`);

--
-- Constraints for table `review`
--
ALTER TABLE `review`
  ADD CONSTRAINT `review_ibfk_1` FOREIGN KEY (`book_id`) REFERENCES `book` (`id`),
  ADD CONSTRAINT `review_ibfk_2` FOREIGN KEY (`user_id`) REFERENCES `user` (`id`);

--
-- Constraints for table `search`
--
ALTER TABLE `search`
  ADD CONSTRAINT `search_ibfk_1` FOREIGN KEY (`user_id`) REFERENCES `user` (`id`);

--
-- Constraints for table `subscription`
--
ALTER TABLE `subscription`
  ADD CONSTRAINT `subscription_ibfk_1` FOREIGN KEY (`user_id`) REFERENCES `user` (`id`);
COMMIT;

/*!40101 SET CHARACTER_SET_CLIENT=@OLD_CHARACTER_SET_CLIENT */;
/*!40101 SET CHARACTER_SET_RESULTS=@OLD_CHARACTER_SET_RESULTS */;
/*!40101 SET COLLATION_CONNECTION=@OLD_COLLATION_CONNECTION */;
